# This file uses centimeters as units for non-parametric coordinates.

mtllib Glass holder to Sketchfab.mtl
g default
v -0.422161 0.314522 -0.052233
v 0.422554 0.228849 -0.048954
v 0.266461 -0.007509 -0.331582
v 0.205153 -0.322404 -0.372639
v -0.122403 -0.304684 -0.407389
v 0.411354 0.015586 -0.108334
v -0.420751 0.345991 -0.062580
v -0.414725 0.297382 -0.094612
v -0.420645 0.278670 -0.063295
v -0.424156 0.270523 -0.032247
v -0.424337 0.316131 -0.029765
v -0.424033 0.358584 -0.033827
v 0.420581 0.249875 -0.063719
v 0.424043 0.275309 -0.033697
v 0.424502 0.235651 -0.027314
v 0.424450 0.185377 -0.028120
v 0.421529 0.191883 -0.057110
v 0.416391 0.204149 -0.086985
v 0.279195 -0.020297 -0.320933
v 0.266593 -0.054198 -0.331476
v 0.252543 -0.026170 -0.342301
v 0.242816 0.009365 -0.349268
v 0.265256 0.019625 -0.332547
v 0.285115 0.014719 -0.315686
v 0.255014 -0.340925 -0.340464
v 0.241461 -0.397749 -0.350207
v 0.193805 -0.393641 -0.378666
v 0.148115 -0.395786 -0.398761
v 0.146930 -0.345560 -0.399199
v 0.139599 -0.285741 -0.401821
v 0.183430 -0.258746 -0.383799
v -0.064326 -0.330627 -0.420488
v -0.066692 -0.392590 -0.420119
v -0.115235 -0.384674 -0.409474
v -0.097246 -0.232313 -0.414115
v -0.055664 -0.270342 -0.421722
v -0.160630 -0.388194 -0.393886
v -0.172787 -0.323818 -0.388706
v 0.414653 -0.063553 -0.094923
v 0.404944 -0.074763 -0.130263
v 0.400892 -0.010253 -0.142243
v 0.413576 0.083676 -0.099513
v 0.420685 0.070540 -0.063027
v 0.420870 0.002719 -0.061778
v 0.420645 -0.058853 -0.063290
v -0.310571 0.034795 -0.290678
v -0.371235 0.201888 -0.207684
v 0.312963 0.040229 -0.288101
v 0.318978 0.138393 -0.281427
v 0.081428 0.182991 -0.417513
v -0.362654 0.103444 -0.222329
v -0.325786 0.108964 -0.273517
v -0.410331 0.251183 -0.112147
v -0.425380 0.366431 0.000000
v 0.425380 0.243730 0.000000
v 0.425380 0.331411 0.000000
v 0.398342 0.069342 -0.149238
v -0.332821 0.009744 -0.264912
v -0.339301 0.053616 -0.256559
v -0.322543 0.067567 -0.277334
v -0.305479 -0.033735 -0.296025
v -0.326633 -0.041905 -0.272505
v -0.288477 0.029746 -0.312617
v -0.282844 -0.026228 -0.317722
v -0.368562 0.177680 -0.212391
v -0.385084 0.183104 -0.180716
v -0.382479 0.237962 -0.186166
v 0.288193 0.054161 -0.312878
v 0.288369 0.102098 -0.312715
v 0.314414 0.096450 -0.286517
v 0.304038 0.000867 -0.297504
v 0.327212 0.024353 -0.271810
v 0.320087 -0.014762 -0.280164
v 0.289848 0.148049 -0.311345
v 0.052267 0.159292 -0.422156
v 0.001416 0.209626 -0.425378
v 0.010984 0.254902 -0.425238
v -0.384610 0.083650 -0.181722
v -0.385760 0.131792 -0.179268
v -0.366797 0.139298 -0.215426
v -0.369446 0.035790 -0.210850
v -0.385903 0.025409 -0.178960
v -0.353703 0.102010 -0.236310
v -0.354578 0.044282 -0.234994
v -0.341350 0.101544 -0.253827
v -0.398818 0.253814 -0.147959
v -0.400252 0.185483 -0.144037
v -0.410780 0.182438 -0.110487
v -0.418813 0.175994 -0.074454
v -0.419107 0.230083 -0.072783
v -0.425380 0.318534 0.000000
v 0.425380 0.287810 0.000000
v 0.425380 0.183717 0.000000
v 0.423019 0.319454 -0.044760
v 0.403037 0.105349 -0.136050
v 0.391891 0.048043 -0.165437
v 0.390501 -0.027043 -0.168691
v 0.383598 0.032581 -0.183849
v 0.377801 -0.033687 -0.195484
v 0.373657 0.023234 -0.203293
v 0.364129 -0.035628 -0.219905
v 0.362608 0.017714 -0.222404
v 0.349946 -0.033734 -0.241839
v 0.351054 0.015347 -0.240227
v 0.335100 -0.026714 -0.262023
v 0.339408 0.017459 -0.256419
v 0.346034 -0.083740 -0.247404
v 0.328849 -0.072916 -0.269826
v 0.311927 -0.057508 -0.289223
v 0.320395 -0.121733 -0.279812
v 0.301258 -0.103187 -0.300319
v 0.283218 -0.080151 -0.317388
v 0.295636 -0.038307 -0.305855
v 0.287694 -0.151814 -0.313337
v 0.267302 -0.124186 -0.330904
v 0.248980 -0.091652 -0.344902
v 0.232459 -0.054716 -0.356246
v 0.247186 -0.169905 -0.346189
v 0.227705 -0.130020 -0.359303
v 0.211206 -0.085695 -0.369243
v 0.197600 -0.038001 -0.376699
v 0.220057 -0.012613 -0.364037
v 0.201187 -0.168527 -0.374796
v 0.186495 -0.116302 -0.382319
v 0.174172 -0.064000 -0.388088
v 0.163095 -0.013394 -0.392872
v 0.186496 0.009291 -0.382318
v 0.157301 -0.143581 -0.395227
v 0.148239 -0.087423 -0.398715
v 0.139307 -0.034591 -0.401922
v 0.128615 0.013803 -0.405470
v 0.150572 0.033815 -0.397839
v 0.119227 -0.105162 -0.408329
v 0.114115 -0.051497 -0.409788
v 0.107413 -0.002463 -0.411595
v 0.093979 0.039291 -0.414869
v 0.111207 0.055466 -0.410586
v 0.087175 -0.062017 -0.416351
v 0.085568 -0.012725 -0.416685
v 0.079169 0.029479 -0.417948
v 0.063582 -0.015702 -0.420601
v 0.065367 0.027100 -0.420327
v 0.041898 -0.010998 -0.423311
v 0.051648 0.030262 -0.422233
v 0.021903 0.000435 -0.424816
v 0.038594 0.037021 -0.423626
v 0.004062 0.018862 -0.425360
v 0.027480 0.048384 -0.424491
v -0.010143 0.044261 -0.425259
v 0.019425 0.064457 -0.424936
v -0.019674 0.076428 -0.424925
v 0.015659 0.085743 -0.425091
v -0.018453 0.110864 -0.424979
v 0.018629 0.109635 -0.424972
v -0.012825 0.152806 -0.425186
v 0.030606 0.135660 -0.424277
v -0.057272 0.097819 -0.421507
v -0.062787 0.147759 -0.420720
v -0.069638 0.210249 -0.419641
v -0.107566 0.120240 -0.411555
v -0.126915 0.177185 -0.406006
v -0.148984 0.224694 -0.398436
v -0.076746 0.264506 -0.418399
v -0.164653 0.127687 -0.392221
v -0.192998 0.165928 -0.379077
v -0.191223 0.078527 -0.379976
v -0.214677 0.111090 -0.367235
v -0.214415 0.039426 -0.367389
v -0.234784 0.075047 -0.354717
v -0.236673 0.009078 -0.353460
v -0.253436 0.049545 -0.341640
v -0.259672 -0.012964 -0.336925
v -0.269816 0.033985 -0.328857
v -0.221674 -0.038049 -0.363055
v -0.247037 -0.063279 -0.346296
v -0.272361 -0.081364 -0.326753
v -0.232504 -0.119488 -0.356216
v -0.259554 -0.139816 -0.337016
v -0.285869 -0.154009 -0.315003
v -0.296727 -0.093093 -0.304797
v -0.310400 -0.164168 -0.290861
v -0.319274 -0.101220 -0.281092
v -0.332667 -0.173721 -0.265105
v -0.340330 -0.114159 -0.255193
v -0.347835 -0.061993 -0.244865
v -0.361115 -0.135530 -0.224820
v -0.368121 -0.084207 -0.213154
v -0.371373 -0.028283 -0.207437
v -0.353703 -0.013056 -0.236310
v -0.384644 -0.096987 -0.181650
v -0.386314 -0.035388 -0.178071
v -0.398173 -0.098614 -0.149687
v -0.399345 -0.039146 -0.146531
v -0.399714 0.018981 -0.145521
v -0.410277 -0.042077 -0.112341
v -0.410583 0.014591 -0.111221
v -0.410717 0.069978 -0.110725
v -0.399756 0.074713 -0.145406
v -0.410798 0.124769 -0.110420
v -0.399956 0.128111 -0.144855
v -0.418759 0.066538 -0.074758
v -0.418788 0.121074 -0.074594
v -0.423707 0.064342 -0.037686
v -0.423717 0.118272 -0.037569
v -0.423742 0.171275 -0.037287
v -0.425380 0.117284 0.000000
v -0.425380 0.169763 0.000000
v -0.425380 0.220245 0.000000
v -0.423850 0.222317 -0.036043
v -0.425380 0.269361 0.000000
v -0.425380 0.063609 0.000000
v -0.423686 0.009723 -0.037920
v -0.425380 0.009147 0.000000
v -0.423647 -0.045429 -0.038355
v -0.425380 -0.045820 0.000000
v -0.423587 -0.100652 -0.039013
v -0.425380 -0.100855 0.000000
v -0.423507 -0.155355 -0.039877
v -0.425380 -0.155437 0.000000
v -0.423410 -0.209135 -0.040887
v -0.425380 -0.209198 0.000000
v -0.423306 -0.261980 -0.041955
v -0.425380 -0.262076 0.000000
v -0.423200 -0.314011 -0.043009
v -0.425380 -0.314146 0.000000
v -0.423098 -0.365329 -0.044000
v -0.425380 -0.365485 0.000000
v -0.423003 -0.416013 -0.044905
v -0.425380 -0.416162 0.000000
v -0.422916 -0.463827 -0.045718
v -0.425380 -0.463947 0.000000
v -0.422839 -0.510771 -0.046423
v -0.425380 -0.510853 0.000000
v -0.422773 -0.554611 -0.047018
v -0.425380 -0.554611 0.000000
v -0.384081 -0.554611 -0.182839
v -0.361306 -0.554611 -0.224513
v -0.333991 -0.554611 -0.263435
v -0.302505 -0.554611 -0.299063
v -0.362681 -0.508015 -0.222285
v -0.335833 -0.506618 -0.261083
v -0.304794 -0.504952 -0.296730
v -0.269939 -0.503048 -0.328757
v -0.267306 -0.554611 -0.330901
v -0.338138 -0.457440 -0.258090
v -0.307806 -0.454876 -0.293604
v -0.273611 -0.452010 -0.325707
v -0.235804 -0.449048 -0.354040
v -0.231750 -0.500986 -0.356707
v -0.311595 -0.403799 -0.289580
v -0.278571 -0.399908 -0.321475
v -0.241819 -0.396119 -0.349960
v -0.201299 -0.393202 -0.374736
v -0.194923 -0.446107 -0.378091
v -0.285056 -0.345556 -0.315739
v -0.250491 -0.340330 -0.343806
v -0.212265 -0.335306 -0.368635
v -0.261771 -0.279742 -0.335297
v -0.228456 -0.268909 -0.358826
v -0.194475 -0.251581 -0.378322
v -0.159296 -0.224055 -0.394427
v -0.244867 -0.202542 -0.347833
v -0.215290 -0.181830 -0.366876
v -0.185287 -0.153226 -0.382906
v -0.157865 -0.112742 -0.395002
v -0.131506 -0.173741 -0.404542
v -0.205584 -0.091909 -0.372402
v -0.178856 -0.055922 -0.385951
v -0.152586 -0.014345 -0.397071
v -0.132020 -0.066624 -0.404374
v -0.197002 -0.004908 -0.377012
v -0.171469 0.034900 -0.389289
v -0.142941 0.079077 -0.400644
v -0.124917 0.029360 -0.406625
v -0.093539 0.069118 -0.414968
v -0.078623 0.020855 -0.418051
v -0.106143 -0.020654 -0.411924
v -0.059970 -0.022789 -0.421131
v -0.083819 -0.068060 -0.417040
v -0.107144 -0.119478 -0.411665
v -0.056850 -0.109802 -0.421564
v -0.076435 -0.167285 -0.418456
v -0.026518 -0.142968 -0.424553
v -0.041062 -0.203405 -0.423393
v 0.010199 -0.163555 -0.425258
v 0.000921 -0.223854 -0.425379
v -0.006753 -0.285123 -0.425326
v 0.044928 -0.232840 -0.423000
v 0.042739 -0.291674 -0.423227
v 0.042060 -0.346442 -0.423295
v -0.011294 -0.342947 -0.425230
v 0.042248 -0.397235 -0.423276
v -0.012332 -0.395155 -0.425201
v 0.042694 -0.447330 -0.423232
v -0.011105 -0.445984 -0.425235
v -0.063468 -0.443661 -0.420619
v -0.008968 -0.497970 -0.425285
v -0.059354 -0.496888 -0.421219
v -0.105806 -0.496298 -0.412011
v -0.110493 -0.441734 -0.410779
v -0.148911 -0.497054 -0.398464
v -0.152516 -0.443198 -0.397098
v -0.191012 -0.498880 -0.380082
v -0.146001 -0.554611 -0.399540
v -0.188284 -0.554611 -0.381441
v -0.228977 -0.554611 -0.358493
v 0.422945 -0.554611 -0.045452
v 0.425380 -0.554611 0.000000
v 0.423072 -0.511957 -0.044250
v 0.425380 -0.511959 0.000000
v 0.423223 -0.464835 -0.042782
v 0.425380 -0.464756 0.000000
v 0.423394 -0.415464 -0.041059
v 0.425380 -0.415258 0.000000
v 0.423575 -0.361658 -0.039148
v 0.425380 -0.361337 0.000000
v 0.423751 -0.305407 -0.037196
v 0.425380 -0.305007 0.000000
v 0.423908 -0.246602 -0.035362
v 0.425380 -0.246061 0.000000
v 0.424033 -0.185288 -0.033824
v 0.425380 -0.184696 0.000000
v 0.424115 -0.122331 -0.032777
v 0.425380 -0.121962 0.000000
v 0.424156 -0.059571 -0.032243
v 0.425380 -0.060061 0.000000
v 0.424202 0.000301 -0.031635
v 0.425380 -0.000423 0.000000
v 0.424259 0.062711 -0.030867
v 0.425380 0.061151 0.000000
v 0.424293 0.126302 -0.030399
v 0.425380 0.124087 0.000000
v 0.420879 0.133718 -0.061719
v 0.414650 0.145419 -0.094939
v 0.405104 0.155874 -0.129765
v 0.408840 0.220016 -0.117464
v 0.416584 0.281543 -0.086056
v 0.420344 -0.124133 -0.065260
v 0.419966 -0.187259 -0.067650
v 0.413030 -0.190685 -0.101757
v 0.413923 -0.128536 -0.098060
v 0.402911 -0.194971 -0.136423
v 0.404440 -0.135274 -0.131820
v 0.389474 -0.198026 -0.171051
v 0.391820 -0.140909 -0.165605
v 0.392592 -0.084086 -0.163767
v 0.376488 -0.143222 -0.198002
v 0.378288 -0.088777 -0.194542
v 0.358989 -0.141682 -0.228200
v 0.362577 -0.088689 -0.222454
v 0.339990 -0.134786 -0.255645
v 0.353465 -0.195338 -0.236666
v 0.331918 -0.187048 -0.266043
v 0.309605 -0.172811 -0.291706
v 0.321319 -0.241277 -0.278751
v 0.295351 -0.226300 -0.306130
v 0.269984 -0.202775 -0.328720
v 0.276328 -0.281987 -0.323405
v 0.243401 -0.258101 -0.348861
v 0.219295 -0.215520 -0.364496
v 0.168744 -0.201858 -0.390479
v 0.130595 -0.223789 -0.404837
v 0.124004 -0.163364 -0.406904
v 0.088641 -0.233164 -0.416042
v 0.087379 -0.173110 -0.416309
v 0.087330 -0.115383 -0.416319
v 0.048853 -0.173040 -0.422565
v 0.053989 -0.116614 -0.421940
v 0.058718 -0.063609 -0.421308
v 0.020371 -0.107674 -0.424892
v 0.030988 -0.056870 -0.424250
v -0.011099 -0.089020 -0.425235
v 0.004982 -0.041406 -0.425351
v -0.037253 -0.059728 -0.423745
v -0.018458 -0.017317 -0.424979
v -0.035150 0.014739 -0.423925
v -0.048852 0.053557 -0.422565
v 0.091705 -0.292215 -0.415377
v 0.094696 -0.347072 -0.414706
v 0.096108 -0.397523 -0.414381
v 0.146150 -0.445663 -0.399485
v 0.095841 -0.447275 -0.414442
v 0.143439 -0.498164 -0.400467
v 0.094732 -0.498666 -0.414698
v 0.043168 -0.498666 -0.423184
v 0.093481 -0.554611 -0.414981
v 0.043553 -0.554611 -0.423144
v -0.006861 -0.554611 -0.425325
v -0.055894 -0.554611 -0.421692
v -0.102190 -0.554611 -0.412923
v 0.141049 -0.554611 -0.401314
v 0.185263 -0.554611 -0.382917
v 0.187575 -0.498208 -0.381790
v 0.229015 -0.500209 -0.358469
v 0.226817 -0.554611 -0.359864
v 0.189994 -0.444158 -0.380592
v 0.232099 -0.448944 -0.356480
v 0.273928 -0.453995 -0.325441
v 0.269291 -0.503280 -0.329288
v 0.281837 -0.404917 -0.318616
v 0.317863 -0.409673 -0.282686
v 0.311014 -0.458068 -0.290204
v 0.294006 -0.352031 -0.307422
v 0.326834 -0.358008 -0.272263
v 0.354521 -0.361747 -0.235080
v 0.347987 -0.413122 -0.244649
v 0.308327 -0.296487 -0.293057
v 0.336890 -0.304217 -0.259718
v 0.361456 -0.308411 -0.224272
v 0.381897 -0.309962 -0.187357
v 0.377229 -0.363586 -0.196587
v 0.345983 -0.249627 -0.247475
v 0.367747 -0.253812 -0.213801
v 0.386085 -0.254617 -0.178569
v 0.400770 -0.253192 -0.142589
v 0.398169 -0.309651 -0.149698
v 0.372888 -0.198540 -0.204701
v 0.410374 -0.308213 -0.111989
v 0.408734 -0.363394 -0.117833
v 0.395217 -0.363928 -0.157327
v 0.411826 -0.250623 -0.106524
v 0.419448 -0.248163 -0.070793
v 0.418806 -0.306557 -0.074493
v 0.418092 -0.362435 -0.078405
v 0.417368 -0.415868 -0.082173
v 0.407099 -0.416221 -0.123365
v 0.416693 -0.464903 -0.085527
v 0.405612 -0.464788 -0.128167
v 0.389742 -0.464283 -0.170438
v 0.392311 -0.416134 -0.164440
v 0.368827 -0.463128 -0.211930
v 0.372713 -0.415239 -0.205019
v 0.342642 -0.461103 -0.252080
v 0.365681 -0.509941 -0.217313
v 0.338552 -0.508353 -0.257547
v 0.306267 -0.506119 -0.295210
v 0.335530 -0.554611 -0.261472
v 0.303019 -0.554611 -0.298542
v 0.266382 -0.554611 -0.331645
v 0.363231 -0.554611 -0.221385
v 0.385833 -0.554611 -0.179112
v 0.387579 -0.510979 -0.175301
v 0.404329 -0.511568 -0.132160
v 0.403270 -0.554611 -0.135359
v 0.415606 -0.554611 -0.090663
v 0.416102 -0.511860 -0.088360
v -0.273972 -0.216800 -0.325403
v -0.292831 -0.288005 -0.308542
v -0.301399 -0.227358 -0.300178
v -0.321200 -0.295133 -0.278889
v -0.326539 -0.236281 -0.272618
v -0.347064 -0.301724 -0.245957
v -0.349639 -0.246122 -0.242282
v -0.354110 -0.189751 -0.235699
v -0.372606 -0.255755 -0.205215
v -0.375182 -0.205719 -0.200465
v -0.379619 -0.154208 -0.191931
v -0.393831 -0.207924 -0.160764
v -0.396018 -0.155433 -0.155299
v -0.407720 -0.208479 -0.121296
v -0.408754 -0.154993 -0.117762
v -0.409673 -0.099219 -0.114527
v -0.417927 -0.155124 -0.079278
v -0.418280 -0.100057 -0.077395
v -0.418531 -0.044178 -0.076027
v -0.418682 0.011529 -0.075190
v -0.417519 -0.208883 -0.081398
v -0.406697 -0.260730 -0.124681
v -0.417086 -0.261569 -0.083589
v -0.405732 -0.312418 -0.127786
v -0.416658 -0.313490 -0.085699
v -0.404831 -0.363668 -0.130613
v -0.416251 -0.364771 -0.087653
v -0.403997 -0.414402 -0.133171
v -0.415873 -0.415459 -0.089430
v -0.403249 -0.462561 -0.135420
v -0.415531 -0.463384 -0.091008
v -0.402591 -0.509925 -0.137363
v -0.415229 -0.510471 -0.092375
v -0.402034 -0.554611 -0.138984
v -0.414971 -0.554611 -0.093524
v -0.385020 -0.509115 -0.180853
v -0.386137 -0.461322 -0.178454
v -0.364347 -0.459619 -0.219543
v -0.387416 -0.412759 -0.175660
v -0.366273 -0.410433 -0.216315
v -0.340885 -0.407378 -0.254451
v -0.368394 -0.359082 -0.212683
v -0.343967 -0.355239 -0.250270
v -0.316141 -0.350625 -0.284610
v -0.370546 -0.307146 -0.208911
v -0.388839 -0.361850 -0.172488
v -0.390362 -0.310503 -0.169013
v -0.391992 -0.259133 -0.165197
v 0.132914 0.076384 -0.404081
v 0.159542 0.097690 -0.394328
v 0.174757 0.054637 -0.387825
v 0.189166 0.118293 -0.381004
v 0.201385 0.074449 -0.374689
v 0.211028 0.030651 -0.369344
v 0.230113 0.090772 -0.357765
v 0.236861 0.047915 -0.353334
v 0.259909 0.100376 -0.336742
v 0.263370 0.057743 -0.334042
v 0.256557 0.146456 -0.339303
v 0.222251 0.136222 -0.362701
v -0.422161 0.314522 0.052233
v 0.422554 0.228849 0.048955
v 0.266461 -0.007509 0.331582
v 0.205153 -0.322404 0.372639
v -0.122403 -0.304684 0.407389
v 0.411354 0.015586 0.108334
v -0.420751 0.345991 0.062580
v -0.414725 0.297382 0.094612
v -0.420644 0.278670 0.063295
v -0.424156 0.270523 0.032247
v -0.424337 0.316131 0.029765
v -0.424033 0.358584 0.033827
v 0.420581 0.249875 0.063720
v 0.424043 0.275309 0.033698
v 0.424502 0.235651 0.027314
v 0.424450 0.185377 0.028120
v 0.421529 0.191883 0.057110
v 0.416391 0.204149 0.086986
v 0.279195 -0.020297 0.320934
v 0.266593 -0.054198 0.331476
v 0.252543 -0.026169 0.342301
v 0.242816 0.009365 0.349269
v 0.265256 0.019625 0.332547
v 0.285115 0.014719 0.315686
v 0.255014 -0.340925 0.340464
v 0.241461 -0.397749 0.350207
v 0.193804 -0.393641 0.378666
v 0.148114 -0.395785 0.398761
v 0.146930 -0.345560 0.399199
v 0.139599 -0.285741 0.401821
v 0.183430 -0.258746 0.383799
v -0.064326 -0.330627 0.420488
v -0.066692 -0.392590 0.420120
v -0.115235 -0.384674 0.409474
v -0.097245 -0.232313 0.414115
v -0.055664 -0.270342 0.421722
v -0.160630 -0.388194 0.393886
v -0.172787 -0.323818 0.388706
v 0.414654 -0.063553 0.094924
v 0.404944 -0.074763 0.130263
v 0.400892 -0.010253 0.142243
v 0.413576 0.083676 0.099513
v 0.420685 0.070540 0.063027
v 0.420870 0.002719 0.061779
v 0.420645 -0.058853 0.063291
v -0.310571 0.034795 0.290678
v -0.371235 0.201888 0.207684
v 0.312963 0.040229 0.288102
v 0.318978 0.138393 0.281427
v 0.081428 0.182991 0.417514
v -0.362654 0.103444 0.222329
v -0.325786 0.108964 0.273517
v -0.410331 0.251183 0.112147
v 0.398342 0.069342 0.149238
v -0.332821 0.009744 0.264911
v -0.339301 0.053616 0.256559
v -0.322543 0.067567 0.277334
v -0.305479 -0.033735 0.296025
v -0.326633 -0.041905 0.272505
v -0.288477 0.029746 0.312617
v -0.282844 -0.026228 0.317722
v -0.368562 0.177680 0.212391
v -0.385084 0.183104 0.180716
v -0.382479 0.237962 0.186166
v 0.288193 0.054161 0.312878
v 0.288369 0.102098 0.312716
v 0.314414 0.096450 0.286517
v 0.304038 0.000867 0.297505
v 0.327212 0.024352 0.271810
v 0.320087 -0.014762 0.280164
v 0.289848 0.148049 0.311346
v 0.052267 0.159292 0.422157
v 0.001416 0.209626 0.425378
v 0.010983 0.254902 0.425238
v -0.384610 0.083650 0.181722
v -0.385760 0.131792 0.179268
v -0.366797 0.139298 0.215426
v -0.369446 0.035790 0.210850
v -0.385903 0.025409 0.178960
v -0.353703 0.102010 0.236310
v -0.354578 0.044282 0.234994
v -0.341350 0.101544 0.253827
v -0.398818 0.253814 0.147959
v -0.400252 0.185483 0.144037
v -0.410780 0.182438 0.110487
v -0.418813 0.175994 0.074454
v -0.419107 0.230083 0.072783
v 0.423019 0.319454 0.044760
v 0.403037 0.105349 0.136050
v 0.391891 0.048043 0.165438
v 0.390501 -0.027043 0.168691
v 0.383598 0.032581 0.183849
v 0.377801 -0.033687 0.195485
v 0.373657 0.023234 0.203294
v 0.364129 -0.035628 0.219905
v 0.362608 0.017714 0.222404
v 0.349946 -0.033734 0.241839
v 0.351054 0.015347 0.240228
v 0.335100 -0.026714 0.262023
v 0.339407 0.017459 0.256419
v 0.346034 -0.083740 0.247404
v 0.328849 -0.072916 0.269827
v 0.311926 -0.057508 0.289223
v 0.320395 -0.121733 0.279812
v 0.301258 -0.103187 0.300319
v 0.283218 -0.080151 0.317389
v 0.295637 -0.038307 0.305855
v 0.287694 -0.151814 0.313337
v 0.267302 -0.124186 0.330904
v 0.248980 -0.091652 0.344902
v 0.232459 -0.054716 0.356246
v 0.247186 -0.169905 0.346189
v 0.227705 -0.130020 0.359303
v 0.211206 -0.085695 0.369243
v 0.197600 -0.038001 0.376699
v 0.220057 -0.012613 0.364037
v 0.201187 -0.168527 0.374796
v 0.186495 -0.116302 0.382319
v 0.174172 -0.064000 0.388088
v 0.163095 -0.013394 0.392872
v 0.186496 0.009291 0.382318
v 0.157301 -0.143581 0.395227
v 0.148238 -0.087423 0.398715
v 0.139307 -0.034591 0.401922
v 0.128615 0.013804 0.405470
v 0.150571 0.033815 0.397839
v 0.119227 -0.105162 0.408330
v 0.114115 -0.051496 0.409788
v 0.107413 -0.002463 0.411595
v 0.093979 0.039291 0.414869
v 0.111207 0.055466 0.410586
v 0.087174 -0.062017 0.416352
v 0.085568 -0.012725 0.416685
v 0.079169 0.029480 0.417948
v 0.063581 -0.015702 0.420601
v 0.065367 0.027100 0.420328
v 0.041897 -0.010997 0.423311
v 0.051648 0.030262 0.422233
v 0.021902 0.000435 0.424816
v 0.038593 0.037021 0.423625
v 0.004061 0.018862 0.425361
v 0.027480 0.048384 0.424491
v -0.010143 0.044261 0.425259
v 0.019424 0.064457 0.424936
v -0.019675 0.076428 0.424925
v 0.015659 0.085743 0.425092
v -0.018454 0.110865 0.424979
v 0.018629 0.109635 0.424972
v -0.012825 0.152806 0.425186
v 0.030606 0.135660 0.424277
v -0.057272 0.097819 0.421507
v -0.062787 0.147759 0.420721
v -0.069638 0.210249 0.419641
v -0.107566 0.120240 0.411555
v -0.126915 0.177185 0.406006
v -0.148984 0.224694 0.398437
v -0.076746 0.264506 0.418400
v -0.164653 0.127687 0.392221
v -0.192998 0.165928 0.379077
v -0.191223 0.078527 0.379976
v -0.214677 0.111090 0.367235
v -0.214415 0.039426 0.367388
v -0.234785 0.075047 0.354717
v -0.236674 0.009078 0.353459
v -0.253436 0.049545 0.341640
v -0.259672 -0.012964 0.336925
v -0.269816 0.033985 0.328857
v -0.221674 -0.038049 0.363055
v -0.247037 -0.063279 0.346296
v -0.272361 -0.081364 0.326753
v -0.232504 -0.119488 0.356216
v -0.259554 -0.139816 0.337016
v -0.285869 -0.154009 0.315002
v -0.296727 -0.093093 0.304797
v -0.310400 -0.164168 0.290860
v -0.319274 -0.101220 0.281091
v -0.332667 -0.173721 0.265105
v -0.340331 -0.114159 0.255192
v -0.347835 -0.061993 0.244865
v -0.361115 -0.135530 0.224820
v -0.368122 -0.084207 0.213154
v -0.371373 -0.028283 0.207437
v -0.353703 -0.013056 0.236310
v -0.384644 -0.096987 0.181650
v -0.386315 -0.035388 0.178071
v -0.398173 -0.098614 0.149687
v -0.399346 -0.039146 0.146531
v -0.399715 0.018981 0.145521
v -0.410278 -0.042077 0.112341
v -0.410582 0.014591 0.111221
v -0.410717 0.069978 0.110725
v -0.399757 0.074713 0.145406
v -0.410798 0.124769 0.110420
v -0.399957 0.128111 0.144855
v -0.418759 0.066538 0.074758
v -0.418789 0.121074 0.074593
v -0.423707 0.064342 0.037686
v -0.423718 0.118272 0.037569
v -0.423742 0.171275 0.037287
v -0.423850 0.222317 0.036043
v -0.423686 0.009723 0.037920
v -0.423647 -0.045429 0.038355
v -0.423587 -0.100652 0.039012
v -0.423507 -0.155355 0.039877
v -0.423410 -0.209135 0.040887
v -0.423306 -0.261980 0.041955
v -0.423200 -0.314011 0.043009
v -0.423098 -0.365329 0.043999
v -0.423003 -0.416013 0.044905
v -0.422916 -0.463827 0.045718
v -0.422839 -0.510771 0.046423
v -0.422773 -0.554611 0.047018
v -0.384081 -0.554611 0.182838
v -0.361306 -0.554611 0.224513
v -0.333991 -0.554611 0.263435
v -0.302505 -0.554611 0.299063
v -0.362681 -0.508015 0.222285
v -0.335833 -0.506618 0.261083
v -0.304795 -0.504952 0.296729
v -0.269939 -0.503048 0.328757
v -0.267306 -0.554611 0.330901
v -0.338138 -0.457440 0.258090
v -0.307806 -0.454876 0.293604
v -0.273611 -0.452010 0.325707
v -0.235804 -0.449048 0.354040
v -0.231750 -0.500986 0.356707
v -0.311595 -0.403799 0.289580
v -0.278571 -0.399908 0.321475
v -0.241819 -0.396119 0.349959
v -0.201299 -0.393202 0.374735
v -0.194924 -0.446107 0.378091
v -0.285056 -0.345556 0.315739
v -0.250491 -0.340330 0.343806
v -0.212265 -0.335306 0.368635
v -0.261771 -0.279742 0.335297
v -0.228456 -0.268909 0.358826
v -0.194475 -0.251581 0.378322
v -0.159296 -0.224055 0.394427
v -0.244867 -0.202542 0.347833
v -0.215290 -0.181830 0.366876
v -0.185287 -0.153226 0.382906
v -0.157865 -0.112742 0.395002
v -0.131506 -0.173741 0.404542
v -0.205584 -0.091909 0.372402
v -0.178856 -0.055922 0.385952
v -0.152586 -0.014345 0.397071
v -0.132020 -0.066624 0.404374
v -0.197002 -0.004908 0.377012
v -0.171469 0.034900 0.389289
v -0.142941 0.079077 0.400644
v -0.124917 0.029360 0.406625
v -0.093539 0.069118 0.414968
v -0.078623 0.020855 0.418051
v -0.106143 -0.020654 0.411924
v -0.059971 -0.022789 0.421131
v -0.083820 -0.068060 0.417040
v -0.107144 -0.119478 0.411665
v -0.056850 -0.109802 0.421564
v -0.076435 -0.167285 0.418456
v -0.026518 -0.142968 0.424552
v -0.041063 -0.203405 0.423393
v 0.010198 -0.163555 0.425258
v 0.000921 -0.223854 0.425379
v -0.006754 -0.285123 0.425326
v 0.044928 -0.232840 0.423001
v 0.042738 -0.291674 0.423227
v 0.042060 -0.346442 0.423295
v -0.011295 -0.342947 0.425230
v 0.042248 -0.397235 0.423277
v -0.012332 -0.395155 0.425201
v 0.042694 -0.447330 0.423232
v -0.011105 -0.445984 0.425235
v -0.063468 -0.443661 0.420618
v -0.008968 -0.497970 0.425285
v -0.059354 -0.496888 0.421218
v -0.105806 -0.496298 0.412011
v -0.110493 -0.441734 0.410779
v -0.148911 -0.497054 0.398464
v -0.152516 -0.443198 0.397098
v -0.191012 -0.498880 0.380082
v -0.146001 -0.554611 0.399539
v -0.188284 -0.554611 0.381441
v -0.228977 -0.554611 0.358493
v 0.422945 -0.554611 0.045453
v 0.423072 -0.511957 0.044250
v 0.423223 -0.464835 0.042782
v 0.423394 -0.415464 0.041060
v 0.423575 -0.361658 0.039148
v 0.423751 -0.305407 0.037196
v 0.423908 -0.246602 0.035362
v 0.424033 -0.185288 0.033824
v 0.424115 -0.122331 0.032778
v 0.424156 -0.059571 0.032243
v 0.424202 0.000301 0.031635
v 0.424259 0.062711 0.030867
v 0.424293 0.126302 0.030399
v 0.420879 0.133718 0.061719
v 0.414650 0.145419 0.094940
v 0.405104 0.155874 0.129765
v 0.408840 0.220016 0.117465
v 0.416584 0.281543 0.086056
v 0.420344 -0.124133 0.065260
v 0.419966 -0.187259 0.067651
v 0.413030 -0.190685 0.101757
v 0.413923 -0.128536 0.098061
v 0.402911 -0.194971 0.136423
v 0.404440 -0.135274 0.131820
v 0.389473 -0.198026 0.171051
v 0.391820 -0.140909 0.165606
v 0.392592 -0.084086 0.163767
v 0.376488 -0.143222 0.198002
v 0.378288 -0.088777 0.194542
v 0.358989 -0.141682 0.228200
v 0.362577 -0.088689 0.222454
v 0.339990 -0.134786 0.255645
v 0.353464 -0.195338 0.236667
v 0.331918 -0.187048 0.266043
v 0.309605 -0.172811 0.291706
v 0.321319 -0.241277 0.278751
v 0.295351 -0.226300 0.306130
v 0.269984 -0.202775 0.328720
v 0.276328 -0.281987 0.323405
v 0.243401 -0.258101 0.348861
v 0.219295 -0.215520 0.364496
v 0.168744 -0.201858 0.390479
v 0.130595 -0.223789 0.404837
v 0.124003 -0.163364 0.406904
v 0.088641 -0.233164 0.416042
v 0.087379 -0.173110 0.416309
v 0.087330 -0.115383 0.416319
v 0.048853 -0.173040 0.422565
v 0.053989 -0.116614 0.421940
v 0.058718 -0.063609 0.421308
v 0.020370 -0.107674 0.424892
v 0.030987 -0.056869 0.424250
v -0.011099 -0.089020 0.425235
v 0.004981 -0.041406 0.425351
v -0.037253 -0.059728 0.423745
v -0.018458 -0.017317 0.424979
v -0.035150 0.014739 0.423925
v -0.048853 0.053557 0.422565
v 0.091705 -0.292215 0.415377
v 0.094696 -0.347072 0.414706
v 0.096107 -0.397523 0.414381
v 0.146150 -0.445663 0.399485
v 0.095841 -0.447274 0.414442
v 0.143438 -0.498164 0.400467
v 0.094731 -0.498666 0.414697
v 0.043168 -0.498666 0.423184
v 0.093481 -0.554611 0.414981
v 0.043553 -0.554611 0.423144
v -0.006862 -0.554611 0.425324
v -0.055894 -0.554611 0.421692
v -0.102190 -0.554611 0.412923
v 0.141049 -0.554611 0.401314
v 0.185263 -0.554611 0.382917
v 0.187574 -0.498208 0.381790
v 0.229015 -0.500209 0.358469
v 0.226817 -0.554611 0.359864
v 0.189994 -0.444158 0.380592
v 0.232099 -0.448944 0.356480
v 0.273928 -0.453995 0.325441
v 0.269291 -0.503280 0.329288
v 0.281837 -0.404917 0.318616
v 0.317863 -0.409673 0.282686
v 0.311014 -0.458068 0.290204
v 0.294006 -0.352031 0.307422
v 0.326834 -0.358008 0.272263
v 0.354521 -0.361747 0.235080
v 0.347987 -0.413122 0.244649
v 0.308327 -0.296487 0.293057
v 0.336889 -0.304217 0.259719
v 0.361456 -0.308411 0.224272
v 0.381897 -0.309962 0.187358
v 0.377229 -0.363586 0.196587
v 0.345983 -0.249627 0.247475
v 0.367746 -0.253812 0.213801
v 0.386084 -0.254617 0.178569
v 0.400770 -0.253192 0.142590
v 0.398169 -0.309651 0.149699
v 0.372888 -0.198540 0.204701
v 0.410374 -0.308213 0.111989
v 0.408734 -0.363394 0.117833
v 0.395217 -0.363928 0.157327
v 0.411826 -0.250623 0.106524
v 0.419448 -0.248163 0.070793
v 0.418806 -0.306557 0.074493
v 0.418092 -0.362435 0.078405
v 0.417368 -0.415868 0.082173
v 0.407099 -0.416221 0.123365
v 0.416693 -0.464903 0.085527
v 0.405612 -0.464788 0.128167
v 0.389742 -0.464283 0.170439
v 0.392311 -0.416134 0.164440
v 0.368827 -0.463128 0.211930
v 0.372713 -0.415239 0.205020
v 0.342642 -0.461103 0.252080
v 0.365681 -0.509941 0.217314
v 0.338552 -0.508353 0.257547
v 0.306267 -0.506119 0.295209
v 0.335530 -0.554611 0.261472
v 0.303019 -0.554611 0.298542
v 0.266382 -0.554611 0.331645
v 0.363231 -0.554611 0.221385
v 0.385833 -0.554611 0.179112
v 0.387579 -0.510979 0.175301
v 0.404329 -0.511568 0.132160
v 0.403269 -0.554611 0.135359
v 0.415606 -0.554611 0.090663
v 0.416102 -0.511860 0.088361
v -0.273972 -0.216800 0.325403
v -0.292831 -0.288005 0.308542
v -0.301399 -0.227358 0.300178
v -0.321200 -0.295133 0.278888
v -0.326539 -0.236281 0.272617
v -0.347064 -0.301724 0.245957
v -0.349639 -0.246122 0.242282
v -0.354111 -0.189751 0.235699
v -0.372606 -0.255755 0.205215
v -0.375182 -0.205719 0.200465
v -0.379619 -0.154208 0.191931
v -0.393831 -0.207924 0.160764
v -0.396018 -0.155434 0.155299
v -0.407720 -0.208479 0.121296
v -0.408754 -0.154993 0.117762
v -0.409673 -0.099219 0.114527
v -0.417927 -0.155124 0.079277
v -0.418280 -0.100057 0.077395
v -0.418531 -0.044178 0.076027
v -0.418682 0.011529 0.075190
v -0.417519 -0.208883 0.081398
v -0.406697 -0.260731 0.124681
v -0.417086 -0.261569 0.083588
v -0.405732 -0.312418 0.127785
v -0.416658 -0.313490 0.085699
v -0.404831 -0.363668 0.130613
v -0.416251 -0.364771 0.087653
v -0.403997 -0.414402 0.133171
v -0.415873 -0.415459 0.089429
v -0.403249 -0.462561 0.135420
v -0.415531 -0.463384 0.091008
v -0.402591 -0.509925 0.137363
v -0.415229 -0.510471 0.092374
v -0.402035 -0.554611 0.138984
v -0.414972 -0.554611 0.093524
v -0.385020 -0.509115 0.180853
v -0.386138 -0.461322 0.178454
v -0.364348 -0.459619 0.219543
v -0.387416 -0.412759 0.175660
v -0.366273 -0.410433 0.216315
v -0.340885 -0.407378 0.254451
v -0.368394 -0.359082 0.212683
v -0.343967 -0.355239 0.250270
v -0.316141 -0.350625 0.284610
v -0.370546 -0.307146 0.208911
v -0.388839 -0.361850 0.172488
v -0.390362 -0.310503 0.169013
v -0.391992 -0.259133 0.165197
v 0.132914 0.076384 0.404081
v 0.159542 0.097690 0.394328
v 0.174757 0.054637 0.387825
v 0.189166 0.118293 0.381004
v 0.201385 0.074449 0.374689
v 0.211028 0.030651 0.369344
v 0.230113 0.090772 0.357765
v 0.236861 0.047915 0.353334
v 0.259909 0.100376 0.336742
v 0.263370 0.057743 0.334043
v 0.256557 0.146456 0.339303
v 0.222251 0.136222 0.362702
v -0.394379 0.314527 -0.048631
v -0.393011 0.345955 -0.058662
v -0.387226 0.297417 -0.089318
v -0.392945 0.278725 -0.059050
v -0.396217 0.270578 -0.030114
v -0.396393 0.316132 -0.027753
v -0.396090 0.358529 -0.031803
v 0.394746 0.228862 -0.045588
v 0.392897 0.249841 -0.059381
v 0.396115 0.275206 -0.031365
v 0.396551 0.235631 -0.025412
v 0.396497 0.185405 -0.026246
v 0.393765 0.191926 -0.053348
v 0.388944 0.204178 -0.081352
v 0.248976 -0.007576 -0.309702
v 0.260848 -0.020330 -0.299766
v 0.249067 -0.054199 -0.309618
v 0.235939 -0.026200 -0.319739
v 0.226815 0.009314 -0.326273
v 0.247827 0.019540 -0.310614
v 0.266319 0.014642 -0.294913
v 0.191561 -0.322395 -0.348067
v 0.238171 -0.340898 -0.318019
v 0.225496 -0.397786 -0.327135
v 0.180862 -0.393746 -0.353770
v 0.138419 -0.395858 -0.372434
v 0.137254 -0.345548 -0.372859
v 0.130345 -0.285637 -0.375338
v 0.171266 -0.258665 -0.358528
v -0.114309 -0.304674 -0.380513
v -0.060134 -0.330598 -0.392746
v -0.062425 -0.392631 -0.392392
v -0.107644 -0.384740 -0.382470
v -0.090811 -0.232256 -0.386824
v -0.052055 -0.270258 -0.393906
v -0.150014 -0.388215 -0.367929
v -0.161364 -0.323807 -0.363090
v 0.384258 0.015578 -0.101117
v 0.387398 -0.063588 -0.088399
v 0.378324 -0.074750 -0.121504
v 0.374489 -0.010249 -0.132853
v 0.386349 0.083727 -0.092852
v 0.392983 0.070571 -0.058782
v 0.393175 0.002708 -0.057481
v 0.392949 -0.058881 -0.059026
v -0.289866 0.034809 -0.271792
v -0.310896 0.009773 -0.247461
v -0.317061 0.053665 -0.239521
v -0.300885 0.067604 -0.259583
v -0.285403 -0.033735 -0.276475
v -0.305103 -0.041912 -0.254566
v -0.269631 0.029765 -0.291884
v -0.264274 -0.026212 -0.296738
v -0.346368 0.202031 -0.194815
v -0.343724 0.177787 -0.199466
v -0.359698 0.183146 -0.168844
v -0.357102 0.238024 -0.174281
v 0.292852 0.040194 -0.268606
v 0.269223 0.054096 -0.292254
v 0.269344 0.102038 -0.292134
v 0.294509 0.096404 -0.266825
v 0.284034 0.000838 -0.277893
v 0.305931 0.024371 -0.253599
v 0.299035 -0.014750 -0.261685
v 0.299003 0.138325 -0.261806
v 0.270803 0.147969 -0.290777
v 0.078580 0.182659 -0.389661
v 0.050195 0.159078 -0.394223
v 0.001518 0.209319 -0.397289
v 0.010648 0.254512 -0.397129
v -0.338227 0.103456 -0.208610
v -0.359258 0.083642 -0.169762
v -0.360393 0.131831 -0.167343
v -0.342044 0.139377 -0.202338
v -0.345091 0.035783 -0.196994
v -0.360498 0.025361 -0.167124
v -0.330383 0.102060 -0.220791
v -0.331266 0.044339 -0.219457
v -0.303912 0.108978 -0.256037
v -0.318964 0.101570 -0.236988
v -0.383135 0.251190 -0.105366
v -0.372518 0.253794 -0.138269
v -0.373929 0.185468 -0.134411
v -0.383715 0.182426 -0.103211
v -0.391215 0.175985 -0.069571
v -0.391481 0.230111 -0.068060
v -0.397360 0.366385 0.000000
v -0.397360 0.318524 0.000000
v 0.397363 0.243696 0.000000
v 0.397354 0.287696 0.000000
v 0.397364 0.183730 0.000000
v 0.397347 0.331256 0.000000
v 0.395115 0.319326 -0.042102
v 0.371691 0.069337 -0.140639
v 0.376170 0.105383 -0.128157
v 0.365680 0.048020 -0.155546
v 0.364831 -0.027006 -0.157462
v 0.358073 0.032607 -0.172308
v 0.352954 -0.033647 -0.182540
v 0.348882 0.023274 -0.190219
v 0.340183 -0.035591 -0.205366
v 0.338660 0.017753 -0.207872
v 0.326943 -0.033701 -0.225852
v 0.327970 0.015385 -0.224362
v 0.313065 -0.026689 -0.244727
v 0.317210 0.017491 -0.239336
v 0.323272 -0.083712 -0.231068
v 0.307214 -0.072898 -0.252026
v 0.291409 -0.057500 -0.270148
v 0.299310 -0.121716 -0.261357
v 0.281438 -0.103178 -0.280514
v 0.264591 -0.080148 -0.296460
v 0.276214 -0.038314 -0.285667
v 0.268774 -0.151805 -0.292664
v 0.249716 -0.124184 -0.309088
v 0.232590 -0.091653 -0.322176
v 0.217101 -0.054722 -0.332813
v 0.230932 -0.169902 -0.323356
v 0.212701 -0.130014 -0.335635
v 0.197267 -0.085691 -0.344937
v 0.184548 -0.038002 -0.351908
v 0.205512 -0.012629 -0.340092
v 0.187902 -0.168506 -0.350116
v 0.174185 -0.116283 -0.357146
v 0.162682 -0.063987 -0.362535
v 0.152356 -0.013388 -0.366996
v 0.174205 0.009284 -0.357142
v 0.146906 -0.143546 -0.369201
v 0.138471 -0.087395 -0.372454
v 0.130139 -0.034569 -0.375450
v 0.120193 0.013816 -0.378753
v 0.140690 0.033815 -0.371623
v 0.111383 -0.105121 -0.381429
v 0.106613 -0.051460 -0.382796
v 0.100393 -0.002436 -0.384478
v 0.087259 0.039313 -0.387680
v 0.103227 0.055471 -0.383739
v 0.081458 -0.061968 -0.388925
v 0.079977 -0.012678 -0.389238
v 0.073682 0.029525 -0.390483
v 0.059455 -0.015650 -0.392897
v 0.061130 0.027153 -0.392643
v 0.039199 -0.010963 -0.395431
v 0.048623 0.030294 -0.394390
v 0.020524 0.000440 -0.396837
v 0.036679 0.037015 -0.395686
v 0.003800 0.018835 -0.397348
v 0.026503 0.048335 -0.396505
v -0.009548 0.044207 -0.397249
v 0.019132 0.064372 -0.396936
v -0.018562 0.076354 -0.396925
v 0.015681 0.085676 -0.397091
v -0.017273 0.110750 -0.396973
v 0.018490 0.109561 -0.396971
v -0.012008 0.152620 -0.397149
v 0.029787 0.135557 -0.396285
v -0.053500 0.097703 -0.393731
v -0.058651 0.147561 -0.392975
v -0.065128 0.209938 -0.391915
v -0.100458 0.120165 -0.384434
v -0.118650 0.177059 -0.379195
v -0.140071 0.224528 -0.371833
v -0.072026 0.264140 -0.390685
v -0.153856 0.127671 -0.366350
v -0.181439 0.165903 -0.353552
v -0.178626 0.078528 -0.354941
v -0.201385 0.111088 -0.342576
v -0.200271 0.039430 -0.343198
v -0.220039 0.075049 -0.330901
v -0.221079 0.009091 -0.330181
v -0.237361 0.049562 -0.318701
v -0.242614 -0.012941 -0.314697
v -0.252402 0.034018 -0.306914
v -0.207076 -0.038042 -0.339134
v -0.230781 -0.063270 -0.323469
v -0.254450 -0.081354 -0.305199
v -0.217218 -0.119480 -0.332723
v -0.242477 -0.139806 -0.314791
v -0.267058 -0.153995 -0.294226
v -0.277216 -0.093083 -0.284680
v -0.289958 -0.164152 -0.271687
v -0.298251 -0.101217 -0.262559
v -0.310702 -0.173710 -0.247695
v -0.317871 -0.114164 -0.238425
v -0.324923 -0.061990 -0.228724
v -0.337309 -0.135519 -0.210023
v -0.343941 -0.084189 -0.198982
v -0.346993 -0.028262 -0.193622
v -0.330495 -0.013015 -0.220605
v -0.359358 -0.096961 -0.169564
v -0.360896 -0.035393 -0.166271
v -0.371949 -0.098589 -0.139799
v -0.373041 -0.039147 -0.136863
v -0.373387 0.018966 -0.135915
v -0.383246 -0.042071 -0.104940
v -0.383530 0.014591 -0.103898
v -0.383655 0.069978 -0.103437
v -0.373426 0.074711 -0.135804
v -0.383732 0.124772 -0.103153
v -0.373617 0.128113 -0.135276
v -0.391168 0.066539 -0.069838
v -0.391194 0.121074 -0.069688
v -0.395790 0.064344 -0.035206
v -0.395799 0.118272 -0.035099
v -0.395822 0.171281 -0.034841
v -0.397353 0.117287 0.000000
v -0.397353 0.169772 0.000000
v -0.397355 0.220274 0.000000
v -0.395924 0.222348 -0.033696
v -0.397359 0.269396 0.000000
v -0.397352 0.063611 0.000000
v -0.395770 0.009727 -0.035424
v -0.397352 0.009150 0.000000
v -0.395733 -0.045423 -0.035830
v -0.397351 -0.045813 0.000000
v -0.395676 -0.100643 -0.036443
v -0.397350 -0.100846 0.000000
v -0.395599 -0.155343 -0.037248
v -0.397349 -0.155425 0.000000
v -0.395508 -0.209121 -0.038191
v -0.397347 -0.209185 0.000000
v -0.395409 -0.261965 -0.039189
v -0.397346 -0.262062 0.000000
v -0.395308 -0.313996 -0.040173
v -0.397344 -0.314132 0.000000
v -0.395211 -0.365316 -0.041098
v -0.397342 -0.365472 0.000000
v -0.395121 -0.416000 -0.041944
v -0.397341 -0.416149 0.000000
v -0.395038 -0.463815 -0.042704
v -0.397339 -0.463935 0.000000
v -0.394964 -0.510760 -0.043363
v -0.397338 -0.510842 0.000000
v -0.394901 -0.554601 -0.043937
v -0.397337 -0.554601 0.000000
v -0.337442 -0.554605 -0.209784
v -0.311912 -0.554606 -0.246145
v -0.338767 -0.508007 -0.207638
v -0.313686 -0.506611 -0.243880
v -0.284689 -0.504947 -0.277179
v -0.282487 -0.554608 -0.279424
v -0.252126 -0.503046 -0.307097
v -0.249596 -0.554611 -0.309158
v -0.315841 -0.457429 -0.241084
v -0.287504 -0.454865 -0.274259
v -0.255556 -0.452002 -0.304249
v -0.220229 -0.449047 -0.330719
v -0.216446 -0.500988 -0.333208
v -0.291045 -0.403780 -0.270501
v -0.260191 -0.399889 -0.300296
v -0.225847 -0.396104 -0.326909
v -0.187929 -0.393189 -0.350085
v -0.182013 -0.446106 -0.353197
v -0.266258 -0.345526 -0.294934
v -0.233957 -0.340297 -0.321157
v -0.198180 -0.335279 -0.344386
v -0.244523 -0.279706 -0.313193
v -0.213403 -0.268878 -0.335170
v -0.181766 -0.251547 -0.353319
v -0.148815 -0.224032 -0.368420
v -0.228759 -0.202523 -0.324890
v -0.201174 -0.181816 -0.342656
v -0.173113 -0.153220 -0.357656
v -0.147489 -0.112742 -0.368966
v -0.122857 -0.173736 -0.377877
v -0.192084 -0.091904 -0.347841
v -0.167094 -0.055921 -0.360515
v -0.142551 -0.014348 -0.370906
v -0.123347 -0.066626 -0.377726
v -0.184045 -0.004903 -0.352165
v -0.160191 0.034901 -0.363635
v -0.133532 0.079065 -0.374243
v -0.116703 0.029346 -0.379831
v -0.087386 0.069067 -0.387625
v -0.073465 0.020828 -0.390508
v -0.099175 -0.020662 -0.384782
v -0.056016 -0.022797 -0.393392
v -0.078314 -0.068059 -0.389563
v -0.100101 -0.119472 -0.384538
v -0.053091 -0.109787 -0.393793
v -0.071377 -0.167263 -0.390886
v -0.024823 -0.142935 -0.396577
v -0.038393 -0.203358 -0.395486
v 0.009518 -0.163506 -0.397236
v 0.000845 -0.223792 -0.397340
v -0.006345 -0.285059 -0.397282
v 0.041948 -0.232776 -0.395121
v 0.039902 -0.291611 -0.395324
v 0.039274 -0.346402 -0.395380
v -0.010601 -0.342907 -0.397184
v 0.039458 -0.397231 -0.395359
v -0.011560 -0.395157 -0.397155
v 0.039877 -0.447351 -0.395318
v -0.010405 -0.446012 -0.397189
v -0.059367 -0.443687 -0.392871
v -0.008399 -0.497997 -0.397240
v -0.055482 -0.496904 -0.393440
v -0.098852 -0.496296 -0.384845
v -0.103251 -0.441752 -0.383687
v -0.139069 -0.497050 -0.372207
v -0.142378 -0.443204 -0.370954
v -0.178386 -0.498884 -0.355043
v -0.136274 -0.554607 -0.373240
v -0.175769 -0.554613 -0.356347
v -0.213784 -0.554614 -0.334923
v 0.395062 -0.554591 -0.042490
v 0.397341 -0.554590 0.000000
v 0.395186 -0.511936 -0.041332
v 0.397342 -0.511938 0.000000
v 0.395330 -0.464812 -0.039959
v 0.397345 -0.464733 0.000000
v 0.395492 -0.415440 -0.038348
v 0.397347 -0.415234 0.000000
v 0.395664 -0.361636 -0.036560
v 0.397350 -0.361314 0.000000
v 0.395832 -0.305386 -0.034735
v 0.397353 -0.304987 0.000000
v 0.395981 -0.246585 -0.033022
v 0.397356 -0.246044 0.000000
v 0.396100 -0.185275 -0.031584
v 0.397358 -0.184684 0.000000
v 0.396178 -0.122321 -0.030614
v 0.397359 -0.121955 0.000000
v 0.396216 -0.059564 -0.030134
v 0.397360 -0.060056 0.000000
v 0.396260 0.000302 -0.029563
v 0.397361 -0.000417 0.000000
v 0.396315 0.062711 -0.028817
v 0.397361 0.061156 0.000000
v 0.396346 0.126315 -0.028404
v 0.397363 0.124099 0.000000
v 0.393154 0.133739 -0.057653
v 0.387331 0.145448 -0.088692
v 0.378085 0.155901 -0.122415
v 0.381609 0.220033 -0.110920
v 0.389008 0.281490 -0.081092
v 0.392658 -0.124121 -0.060941
v 0.392304 -0.187244 -0.063168
v 0.385829 -0.190671 -0.095012
v 0.386665 -0.128532 -0.091554
v 0.376379 -0.194957 -0.127390
v 0.377814 -0.135272 -0.123076
v 0.363831 -0.198008 -0.159736
v 0.366029 -0.140896 -0.154641
v 0.366766 -0.084057 -0.152892
v 0.351708 -0.143199 -0.184912
v 0.353394 -0.088746 -0.181679
v 0.335363 -0.141654 -0.213127
v 0.338717 -0.088657 -0.207765
v 0.317616 -0.134761 -0.238773
v 0.330204 -0.195310 -0.221026
v 0.310078 -0.187021 -0.248475
v 0.289243 -0.172792 -0.272448
v 0.300183 -0.241240 -0.260329
v 0.275959 -0.226272 -0.285880
v 0.252268 -0.202764 -0.306995
v 0.258218 -0.281929 -0.301975
v 0.227348 -0.258066 -0.325864
v 0.204803 -0.215504 -0.340496
v 0.157585 -0.201814 -0.364762
v 0.121947 -0.223725 -0.378167
v 0.115811 -0.163314 -0.380101
v 0.082768 -0.233097 -0.388625
v 0.081610 -0.173054 -0.388879
v 0.081588 -0.115333 -0.388891
v 0.045626 -0.172985 -0.394721
v 0.050452 -0.116563 -0.394141
v 0.054859 -0.063558 -0.393558
v 0.019033 -0.107630 -0.396901
v 0.028964 -0.056829 -0.396306
v -0.010403 -0.088994 -0.397223
v 0.004655 -0.041387 -0.397336
v -0.034783 -0.059721 -0.395835
v -0.017318 -0.017319 -0.396986
v -0.032824 0.014720 -0.396004
v -0.045643 0.053495 -0.394729
v 0.085647 -0.292146 -0.387991
v 0.088465 -0.347036 -0.387352
v 0.089800 -0.397530 -0.387042
v 0.136590 -0.445686 -0.373115
v 0.089552 -0.447300 -0.387102
v 0.134022 -0.498175 -0.374047
v 0.088509 -0.498691 -0.387345
v 0.040321 -0.498693 -0.395276
v 0.087296 -0.554633 -0.387622
v 0.040692 -0.554637 -0.395239
v -0.006363 -0.554634 -0.397279
v -0.052137 -0.554623 -0.393899
v -0.095362 -0.554609 -0.385725
v 0.131705 -0.554620 -0.374870
v 0.175207 -0.498211 -0.356620
v 0.172979 -0.554611 -0.357707
v 0.213867 -0.500227 -0.334865
v 0.211767 -0.554620 -0.336199
v 0.177412 -0.444198 -0.355525
v 0.216665 -0.448982 -0.333057
v 0.255812 -0.454004 -0.304022
v 0.251499 -0.503301 -0.307603
v 0.263194 -0.404902 -0.297653
v 0.296892 -0.409650 -0.264058
v 0.290487 -0.458066 -0.271088
v 0.274616 -0.351993 -0.287150
v 0.305291 -0.357970 -0.254304
v 0.331160 -0.361715 -0.219568
v 0.325041 -0.413099 -0.228523
v 0.288051 -0.296437 -0.273679
v 0.314714 -0.304178 -0.242555
v 0.337654 -0.308378 -0.209453
v 0.356744 -0.309934 -0.174974
v 0.352373 -0.363558 -0.183611
v 0.323213 -0.249594 -0.231119
v 0.343536 -0.253784 -0.199668
v 0.360662 -0.254593 -0.166760
v 0.374376 -0.253172 -0.133155
v 0.371943 -0.309627 -0.139797
v 0.348344 -0.198517 -0.191166
v 0.383340 -0.308190 -0.104580
v 0.381803 -0.363369 -0.110049
v 0.369177 -0.363902 -0.146938
v 0.384700 -0.250605 -0.099472
v 0.391817 -0.248145 -0.066104
v 0.391215 -0.306535 -0.069565
v 0.390543 -0.362411 -0.073224
v 0.389864 -0.415844 -0.076748
v 0.380271 -0.416197 -0.115223
v 0.389230 -0.464881 -0.079884
v 0.378878 -0.464767 -0.119712
v 0.364052 -0.464264 -0.159199
v 0.366455 -0.416111 -0.153593
v 0.344511 -0.463111 -0.197959
v 0.348145 -0.415215 -0.191500
v 0.320045 -0.461091 -0.235468
v 0.341570 -0.509932 -0.202990
v 0.316222 -0.508350 -0.240576
v 0.286055 -0.506127 -0.275762
v 0.313316 -0.554612 -0.244351
v 0.282935 -0.554621 -0.278964
v 0.248713 -0.554627 -0.309863
v 0.339211 -0.554605 -0.206909
v 0.362029 -0.510965 -0.163744
v 0.360346 -0.554599 -0.167414
v 0.377677 -0.511550 -0.123445
v 0.376655 -0.554595 -0.126528
v 0.388675 -0.511840 -0.082533
v 0.388196 -0.554592 -0.084752
v -0.255935 -0.216776 -0.303945
v -0.273532 -0.287970 -0.288206
v -0.281545 -0.227329 -0.280391
v -0.300028 -0.295098 -0.260512
v -0.305006 -0.236251 -0.254673
v -0.324178 -0.301702 -0.229762
v -0.326530 -0.246099 -0.226412
v -0.330702 -0.189732 -0.220278
v -0.348029 -0.255744 -0.191720
v -0.350412 -0.205689 -0.187333
v -0.354587 -0.154168 -0.179316
v -0.367880 -0.207899 -0.150157
v -0.369926 -0.155394 -0.145053
v -0.380853 -0.208459 -0.113293
v -0.381821 -0.154970 -0.109995
v -0.382681 -0.099203 -0.106975
v -0.390388 -0.155108 -0.074052
v -0.390719 -0.100045 -0.072295
v -0.390954 -0.044171 -0.071020
v -0.391096 0.011532 -0.070240
v -0.390005 -0.208866 -0.076030
v -0.379896 -0.260715 -0.116456
v -0.389599 -0.261554 -0.078076
v -0.378992 -0.312405 -0.119358
v -0.389197 -0.313476 -0.080048
v -0.378148 -0.363656 -0.122001
v -0.388815 -0.364758 -0.081873
v -0.377367 -0.414390 -0.124392
v -0.388460 -0.415447 -0.083534
v -0.376666 -0.462550 -0.126494
v -0.388139 -0.463372 -0.085008
v -0.376050 -0.509916 -0.128310
v -0.387856 -0.510461 -0.086286
v -0.375513 -0.554603 -0.129872
v -0.387607 -0.554602 -0.087394
v -0.359636 -0.509106 -0.168934
v -0.358731 -0.554604 -0.170848
v -0.360681 -0.461312 -0.166693
v -0.340325 -0.459609 -0.205075
v -0.361878 -0.412748 -0.164082
v -0.342125 -0.410421 -0.202061
v -0.318407 -0.407363 -0.237686
v -0.344108 -0.359071 -0.198668
v -0.321288 -0.355219 -0.233782
v -0.295296 -0.350597 -0.265858
v -0.346118 -0.307140 -0.195147
v -0.363209 -0.361840 -0.161117
v -0.364634 -0.310494 -0.157867
v -0.366160 -0.259123 -0.154297
v 0.123522 0.076379 -0.377691
v 0.148504 0.097675 -0.368577
v 0.163272 0.054625 -0.362267
v 0.176272 0.118259 -0.356126
v 0.188133 0.074421 -0.349999
v 0.197125 0.030630 -0.345019
v 0.214954 0.090725 -0.334193
v 0.221265 0.047874 -0.330055
v 0.242784 0.100311 -0.314555
v 0.246060 0.057681 -0.312007
v 0.239537 0.146378 -0.317030
v 0.207333 0.136166 -0.338974
v -0.394379 0.314527 0.048631
v -0.392945 0.278725 0.059050
v -0.387226 0.297417 0.089318
v -0.393011 0.345955 0.058662
v -0.396392 0.316132 0.027753
v -0.396217 0.270578 0.030114
v -0.396090 0.358529 0.031803
v 0.394746 0.228862 0.045588
v 0.396551 0.235631 0.025412
v 0.396115 0.275206 0.031366
v 0.392897 0.249841 0.059381
v 0.393765 0.191926 0.053348
v 0.396497 0.185405 0.026246
v 0.388944 0.204178 0.081352
v 0.248976 -0.007576 0.309702
v 0.235939 -0.026200 0.319739
v 0.249067 -0.054199 0.309619
v 0.260848 -0.020330 0.299767
v 0.247827 0.019540 0.310614
v 0.226815 0.009314 0.326273
v 0.266318 0.014642 0.294913
v 0.191561 -0.322395 0.348067
v 0.180862 -0.393746 0.353771
v 0.225496 -0.397786 0.327135
v 0.238171 -0.340898 0.318019
v 0.137254 -0.345548 0.372859
v 0.138419 -0.395858 0.372434
v 0.171265 -0.258665 0.358528
v 0.130345 -0.285637 0.375338
v -0.114309 -0.304674 0.380513
v -0.107645 -0.384740 0.382470
v -0.062426 -0.392631 0.392392
v -0.060135 -0.330598 0.392746
v -0.052055 -0.270258 0.393906
v -0.090811 -0.232256 0.386824
v -0.161365 -0.323807 0.363090
v -0.150015 -0.388215 0.367929
v 0.384258 0.015578 0.101117
v 0.374489 -0.010249 0.132853
v 0.378325 -0.074750 0.121504
v 0.387399 -0.063588 0.088399
v 0.393175 0.002708 0.057482
v 0.392983 0.070571 0.058783
v 0.386349 0.083727 0.092853
v 0.392949 -0.058881 0.059027
v -0.289866 0.034809 0.271792
v -0.300886 0.067604 0.259583
v -0.317061 0.053665 0.239521
v -0.310896 0.009773 0.247461
v -0.305103 -0.041912 0.254566
v -0.285403 -0.033735 0.276475
v -0.264274 -0.026212 0.296738
v -0.269632 0.029766 0.291884
v -0.346368 0.202031 0.194815
v -0.357102 0.238024 0.174281
v -0.359698 0.183146 0.168844
v -0.343724 0.177787 0.199466
v 0.292852 0.040194 0.268606
v 0.294509 0.096404 0.266825
v 0.269343 0.102039 0.292135
v 0.269223 0.054096 0.292254
v 0.284034 0.000838 0.277893
v 0.299035 -0.014750 0.261685
v 0.305931 0.024371 0.253599
v 0.299003 0.138325 0.261806
v 0.270803 0.147969 0.290778
v 0.078580 0.182659 0.389661
v 0.010648 0.254512 0.397129
v 0.001518 0.209319 0.397289
v 0.050195 0.159078 0.394223
v -0.338227 0.103456 0.208610
v -0.342044 0.139377 0.202338
v -0.360393 0.131831 0.167342
v -0.359258 0.083642 0.169762
v -0.360499 0.025361 0.167123
v -0.345091 0.035783 0.196994
v -0.331266 0.044339 0.219457
v -0.330384 0.102060 0.220791
v -0.303913 0.108978 0.256037
v -0.318964 0.101570 0.236988
v -0.383135 0.251190 0.105366
v -0.383715 0.182426 0.103211
v -0.373929 0.185468 0.134411
v -0.372518 0.253794 0.138269
v -0.391481 0.230111 0.068060
v -0.391215 0.175985 0.069571
v 0.395115 0.319326 0.042102
v 0.371691 0.069337 0.140639
v 0.376171 0.105383 0.128157
v 0.365680 0.048020 0.155546
v 0.358073 0.032607 0.172308
v 0.364831 -0.027006 0.157462
v 0.348882 0.023274 0.190219
v 0.352954 -0.033647 0.182541
v 0.338660 0.017753 0.207873
v 0.340183 -0.035591 0.205366
v 0.327969 0.015385 0.224362
v 0.326943 -0.033701 0.225852
v 0.317210 0.017491 0.239337
v 0.313065 -0.026688 0.244727
v 0.307214 -0.072898 0.252026
v 0.323272 -0.083712 0.231068
v 0.291408 -0.057500 0.270148
v 0.281438 -0.103178 0.280514
v 0.299310 -0.121716 0.261357
v 0.276214 -0.038314 0.285667
v 0.264591 -0.080148 0.296460
v 0.249716 -0.124184 0.309088
v 0.268774 -0.151805 0.292664
v 0.232590 -0.091653 0.322176
v 0.217101 -0.054722 0.332813
v 0.212700 -0.130014 0.335636
v 0.230932 -0.169902 0.323356
v 0.197267 -0.085691 0.344937
v 0.205512 -0.012629 0.340092
v 0.184548 -0.038002 0.351909
v 0.174185 -0.116283 0.357146
v 0.187902 -0.168506 0.350116
v 0.162682 -0.063987 0.362535
v 0.174204 0.009284 0.357142
v 0.152356 -0.013388 0.366996
v 0.138471 -0.087395 0.372454
v 0.146906 -0.143545 0.369202
v 0.130139 -0.034569 0.375450
v 0.140690 0.033815 0.371623
v 0.120193 0.013816 0.378753
v 0.106613 -0.051460 0.382796
v 0.111383 -0.105121 0.381429
v 0.100393 -0.002435 0.384478
v 0.103227 0.055471 0.383739
v 0.087258 0.039313 0.387680
v 0.079977 -0.012678 0.389238
v 0.081457 -0.061968 0.388925
v 0.073682 0.029525 0.390483
v 0.061130 0.027153 0.392643
v 0.059454 -0.015650 0.392897
v 0.048623 0.030294 0.394390
v 0.039199 -0.010963 0.395431
v 0.036679 0.037015 0.395686
v 0.020524 0.000440 0.396837
v 0.026503 0.048335 0.396505
v 0.003800 0.018835 0.397348
v 0.019131 0.064372 0.396937
v -0.009548 0.044207 0.397249
v 0.015681 0.085675 0.397092
v -0.018563 0.076354 0.396925
v 0.018490 0.109561 0.396971
v -0.017273 0.110750 0.396973
v 0.029787 0.135557 0.396286
v -0.012008 0.152620 0.397149
v -0.058651 0.147561 0.392975
v -0.053500 0.097703 0.393731
v -0.065128 0.209938 0.391915
v -0.118650 0.177059 0.379195
v -0.100458 0.120165 0.384434
v -0.072026 0.264140 0.390685
v -0.140071 0.224528 0.371833
v -0.181439 0.165903 0.353553
v -0.153856 0.127671 0.366350
v -0.201385 0.111089 0.342576
v -0.178626 0.078528 0.354941
v -0.220039 0.075049 0.330901
v -0.200271 0.039430 0.343198
v -0.237361 0.049562 0.318701
v -0.221079 0.009091 0.330181
v -0.252402 0.034018 0.306914
v -0.242614 -0.012941 0.314697
v -0.230781 -0.063270 0.323469
v -0.207076 -0.038042 0.339134
v -0.254450 -0.081354 0.305199
v -0.242477 -0.139806 0.314791
v -0.217218 -0.119480 0.332723
v -0.277216 -0.093083 0.284679
v -0.267058 -0.153995 0.294226
v -0.298251 -0.101217 0.262559
v -0.289958 -0.164152 0.271686
v -0.317872 -0.114164 0.238425
v -0.310702 -0.173710 0.247695
v -0.324923 -0.061990 0.228724
v -0.343942 -0.084189 0.198982
v -0.337310 -0.135519 0.210023
v -0.330495 -0.013015 0.220605
v -0.346993 -0.028262 0.193621
v -0.360897 -0.035393 0.166271
v -0.359358 -0.096961 0.169564
v -0.373041 -0.039147 0.136863
v -0.371949 -0.098589 0.139799
v -0.373387 0.018966 0.135915
v -0.383530 0.014591 0.103898
v -0.383246 -0.042071 0.104940
v -0.373426 0.074711 0.135804
v -0.383655 0.069978 0.103437
v -0.373618 0.128113 0.135276
v -0.383731 0.124772 0.103153
v -0.391195 0.121074 0.069688
v -0.391168 0.066539 0.069837
v -0.395799 0.118272 0.035099
v -0.395790 0.064344 0.035206
v -0.395822 0.171281 0.034841
v -0.395924 0.222348 0.033696
v -0.395770 0.009727 0.035423
v -0.395733 -0.045423 0.035829
v -0.395676 -0.100643 0.036443
v -0.395600 -0.155343 0.037248
v -0.395508 -0.209121 0.038191
v -0.395409 -0.261965 0.039188
v -0.395308 -0.313996 0.040173
v -0.395211 -0.365316 0.041098
v -0.395120 -0.416000 0.041944
v -0.395038 -0.463815 0.042704
v -0.394965 -0.510760 0.043363
v -0.394901 -0.554601 0.043937
v -0.311912 -0.554606 0.246145
v -0.313686 -0.506611 0.243880
v -0.338767 -0.508007 0.207637
v -0.337442 -0.554605 0.209784
v -0.282487 -0.554608 0.279424
v -0.284690 -0.504947 0.277179
v -0.249596 -0.554611 0.309158
v -0.252126 -0.503046 0.307097
v -0.287504 -0.454865 0.274259
v -0.315841 -0.457429 0.241084
v -0.255556 -0.452002 0.304249
v -0.216447 -0.500988 0.333207
v -0.220229 -0.449047 0.330719
v -0.260191 -0.399889 0.300296
v -0.291045 -0.403780 0.270501
v -0.225847 -0.396104 0.326909
v -0.182013 -0.446106 0.353197
v -0.187929 -0.393189 0.350085
v -0.233957 -0.340297 0.321157
v -0.266258 -0.345526 0.294934
v -0.198180 -0.335278 0.344386
v -0.213403 -0.268878 0.335170
v -0.244523 -0.279706 0.313192
v -0.181766 -0.251547 0.353319
v -0.148815 -0.224032 0.368420
v -0.201174 -0.181816 0.342655
v -0.228759 -0.202523 0.324890
v -0.173113 -0.153220 0.357656
v -0.122857 -0.173736 0.377877
v -0.147489 -0.112742 0.368966
v -0.192084 -0.091904 0.347841
v -0.167095 -0.055921 0.360515
v -0.123347 -0.066626 0.377726
v -0.142551 -0.014348 0.370906
v -0.184045 -0.004903 0.352165
v -0.160191 0.034901 0.363635
v -0.116703 0.029346 0.379831
v -0.133532 0.079065 0.374243
v -0.099175 -0.020662 0.384782
v -0.073465 0.020828 0.390508
v -0.087386 0.069067 0.387625
v -0.078314 -0.068059 0.389563
v -0.056016 -0.022797 0.393392
v -0.100102 -0.119472 0.384538
v -0.071377 -0.167263 0.390886
v -0.053092 -0.109787 0.393793
v -0.038393 -0.203358 0.395486
v -0.024823 -0.142935 0.396577
v 0.000845 -0.223792 0.397340
v 0.009518 -0.163506 0.397236
v -0.006346 -0.285059 0.397282
v 0.039902 -0.291611 0.395324
v 0.041948 -0.232776 0.395121
v -0.010601 -0.342907 0.397184
v 0.039274 -0.346402 0.395380
v -0.011561 -0.395157 0.397155
v 0.039458 -0.397231 0.395359
v -0.010405 -0.446011 0.397189
v 0.039877 -0.447351 0.395318
v -0.059367 -0.443687 0.392870
v -0.055482 -0.496904 0.393440
v -0.008399 -0.497997 0.397240
v -0.103251 -0.441752 0.383687
v -0.098852 -0.496296 0.384845
v -0.142378 -0.443204 0.370954
v -0.139069 -0.497050 0.372207
v -0.178386 -0.498884 0.355043
v -0.175769 -0.554612 0.356347
v -0.136274 -0.554607 0.373240
v -0.213784 -0.554614 0.334923
v 0.395186 -0.511936 0.041332
v 0.395062 -0.554591 0.042490
v 0.395330 -0.464812 0.039959
v 0.395492 -0.415440 0.038349
v 0.395664 -0.361635 0.036561
v 0.395832 -0.305386 0.034736
v 0.395981 -0.246585 0.033022
v 0.396100 -0.185275 0.031584
v 0.396178 -0.122321 0.030614
v 0.396216 -0.059564 0.030135
v 0.396260 0.000302 0.029563
v 0.396315 0.062711 0.028818
v 0.396346 0.126315 0.028404
v 0.393155 0.133739 0.057653
v 0.387331 0.145448 0.088692
v 0.378085 0.155901 0.122415
v 0.381609 0.220033 0.110920
v 0.389009 0.281490 0.081092
v 0.392658 -0.124121 0.060941
v 0.392304 -0.187244 0.063168
v 0.386665 -0.128532 0.091554
v 0.385829 -0.190671 0.095012
v 0.377814 -0.135272 0.123076
v 0.376379 -0.194957 0.127390
v 0.366029 -0.140896 0.154641
v 0.363831 -0.198008 0.159736
v 0.366766 -0.084057 0.152892
v 0.353394 -0.088746 0.181679
v 0.351708 -0.143199 0.184912
v 0.338717 -0.088657 0.207765
v 0.335363 -0.141654 0.213128
v 0.317616 -0.134761 0.238773
v 0.310078 -0.187021 0.248475
v 0.330204 -0.195310 0.221027
v 0.289243 -0.172792 0.272448
v 0.275959 -0.226272 0.285881
v 0.300183 -0.241240 0.260330
v 0.252268 -0.202764 0.306995
v 0.227348 -0.258066 0.325864
v 0.258218 -0.281929 0.301975
v 0.204803 -0.215504 0.340496
v 0.157585 -0.201814 0.364763
v 0.121947 -0.223725 0.378167
v 0.115811 -0.163314 0.380101
v 0.081610 -0.173053 0.388879
v 0.082768 -0.233097 0.388625
v 0.081588 -0.115333 0.388891
v 0.050452 -0.116563 0.394141
v 0.045626 -0.172985 0.394721
v 0.054859 -0.063558 0.393558
v 0.028964 -0.056829 0.396306
v 0.019033 -0.107630 0.396901
v 0.004655 -0.041387 0.397336
v -0.010403 -0.088994 0.397223
v -0.017318 -0.017318 0.396986
v -0.034783 -0.059721 0.395835
v -0.032824 0.014720 0.396004
v -0.045643 0.053495 0.394729
v 0.085647 -0.292146 0.387991
v 0.088464 -0.347036 0.387352
v 0.089800 -0.397530 0.387042
v 0.089552 -0.447300 0.387102
v 0.136589 -0.445686 0.373115
v 0.088508 -0.498691 0.387345
v 0.134022 -0.498175 0.374047
v 0.040321 -0.498693 0.395276
v 0.040692 -0.554637 0.395239
v 0.087296 -0.554633 0.387622
v -0.006363 -0.554634 0.397279
v -0.052137 -0.554623 0.393899
v -0.095363 -0.554609 0.385725
v 0.131705 -0.554620 0.374870
v 0.172979 -0.554612 0.357707
v 0.175207 -0.498211 0.356620
v 0.211767 -0.554620 0.336199
v 0.213867 -0.500227 0.334865
v 0.177412 -0.444198 0.355525
v 0.216665 -0.448982 0.333057
v 0.251499 -0.503301 0.307604
v 0.255812 -0.454004 0.304023
v 0.263194 -0.404902 0.297653
v 0.290487 -0.458066 0.271088
v 0.296892 -0.409650 0.264058
v 0.274616 -0.351993 0.287150
v 0.305291 -0.357969 0.254304
v 0.325041 -0.413099 0.228523
v 0.331159 -0.361715 0.219568
v 0.314714 -0.304178 0.242555
v 0.288051 -0.296437 0.273679
v 0.337653 -0.308378 0.209453
v 0.352373 -0.363558 0.183611
v 0.356744 -0.309934 0.174974
v 0.343536 -0.253784 0.199668
v 0.323213 -0.249594 0.231119
v 0.360661 -0.254593 0.166760
v 0.371943 -0.309627 0.139797
v 0.374376 -0.253172 0.133155
v 0.348344 -0.198517 0.191166
v 0.369177 -0.363902 0.146938
v 0.381803 -0.363369 0.110049
v 0.383340 -0.308190 0.104580
v 0.384700 -0.250605 0.099472
v 0.391215 -0.306535 0.069565
v 0.391817 -0.248145 0.066105
v 0.390543 -0.362411 0.073224
v 0.389863 -0.415844 0.076748
v 0.380271 -0.416197 0.115224
v 0.378878 -0.464767 0.119713
v 0.389230 -0.464881 0.079884
v 0.366455 -0.416111 0.153593
v 0.364052 -0.464264 0.159199
v 0.348145 -0.415215 0.191500
v 0.344511 -0.463111 0.197959
v 0.320044 -0.461091 0.235468
v 0.316222 -0.508350 0.240576
v 0.341570 -0.509932 0.202990
v 0.286054 -0.506127 0.275762
v 0.282935 -0.554621 0.278964
v 0.313316 -0.554612 0.244351
v 0.248712 -0.554627 0.309863
v 0.339211 -0.554605 0.206909
v 0.360346 -0.554599 0.167414
v 0.362028 -0.510965 0.163744
v 0.376655 -0.554595 0.126528
v 0.377677 -0.511550 0.123445
v 0.388196 -0.554592 0.084752
v 0.388675 -0.511840 0.082533
v -0.255935 -0.216776 0.303945
v -0.281545 -0.227329 0.280391
v -0.273533 -0.287970 0.288206
v -0.305006 -0.236251 0.254672
v -0.300028 -0.295098 0.260512
v -0.326530 -0.246099 0.226412
v -0.324178 -0.301702 0.229762
v -0.330703 -0.189732 0.220278
v -0.350412 -0.205689 0.187333
v -0.348029 -0.255744 0.191720
v -0.354587 -0.154168 0.179316
v -0.369926 -0.155394 0.145053
v -0.367880 -0.207899 0.150157
v -0.381821 -0.154970 0.109994
v -0.380853 -0.208459 0.113293
v -0.382681 -0.099203 0.106975
v -0.390719 -0.100045 0.072295
v -0.390388 -0.155108 0.074052
v -0.390954 -0.044171 0.071020
v -0.391095 0.011532 0.070240
v -0.390006 -0.208866 0.076030
v -0.389599 -0.261554 0.078075
v -0.379895 -0.260715 0.116455
v -0.389197 -0.313476 0.080048
v -0.378992 -0.312405 0.119358
v -0.388815 -0.364758 0.081873
v -0.378148 -0.363656 0.122001
v -0.388461 -0.415447 0.083533
v -0.377367 -0.414390 0.124392
v -0.388139 -0.463372 0.085008
v -0.376666 -0.462550 0.126493
v -0.387856 -0.510461 0.086286
v -0.376050 -0.509916 0.128310
v -0.387607 -0.554602 0.087394
v -0.375513 -0.554603 0.129872
v -0.358730 -0.554604 0.170848
v -0.359636 -0.509106 0.168934
v -0.360681 -0.461312 0.166693
v -0.340325 -0.459609 0.205075
v -0.342126 -0.410421 0.202061
v -0.361878 -0.412748 0.164082
v -0.318408 -0.407363 0.237686
v -0.321288 -0.355219 0.233782
v -0.344108 -0.359071 0.198668
v -0.295296 -0.350597 0.265858
v -0.346118 -0.307140 0.195147
v -0.364634 -0.310494 0.157867
v -0.363209 -0.361840 0.161117
v -0.366160 -0.259123 0.154297
v 0.123522 0.076379 0.377691
v 0.163272 0.054625 0.362267
v 0.148504 0.097675 0.368578
v 0.188132 0.074421 0.349999
v 0.176271 0.118259 0.356126
v 0.197125 0.030630 0.345019
v 0.221266 0.047874 0.330055
v 0.214954 0.090725 0.334193
v 0.246060 0.057681 0.312008
v 0.242784 0.100311 0.314555
v 0.239537 0.146378 0.317031
v 0.207333 0.136166 0.338975
vt 0.676846 0.739215
vt 0.684336 0.741396
vt 0.680439 0.747849
vt 0.670276 0.741346
vt 0.676505 0.734828
vt 0.686033 0.735302
vt 0.667638 0.735696
vt 0.694551 0.980223
vt 0.693128 0.984458
vt 0.684850 0.983197
vt 0.690166 0.977306
vt 0.702280 0.978599
vt 0.703636 0.984300
vt 0.699726 0.972651
vt 0.744098 0.915597
vt 0.747999 0.912161
vt 0.753853 0.915634
vt 0.746763 0.918838
vt 0.738426 0.915284
vt 0.740572 0.909805
vt 0.739444 0.920359
vt 0.809986 0.901213
vt 0.824916 0.898698
vt 0.825746 0.909576
vt 0.813840 0.912824
vt 0.814845 0.888726
vt 0.825369 0.888997
vt 0.796658 0.896429
vt 0.802314 0.887178
vt 0.806351 0.835159
vt 0.823098 0.836628
vt 0.824740 0.846319
vt 0.811763 0.846789
vt 0.799140 0.848481
vt 0.791197 0.840233
vt 0.810363 0.824660
vt 0.823833 0.827253
vt 0.739187 0.968461
vt 0.744601 0.961525
vt 0.758092 0.964046
vt 0.755746 0.971223
vt 0.741866 0.977783
vt 0.727669 0.977488
vt 0.724927 0.970222
vt 0.754752 0.977475
vt 0.735372 0.791469
vt 0.728513 0.788044
vt 0.731427 0.782650
vt 0.740610 0.784743
vt 0.751421 0.786652
vt 0.749707 0.792812
vt 0.748125 0.798930
vt 0.736415 0.797420
vt 0.700408 0.771534
vt 0.692873 0.766701
vt 0.704349 0.765420
vt 0.705480 0.772642
vt 0.734089 0.928168
vt 0.722328 0.928663
vt 0.721159 0.921195
vt 0.731189 0.921172
vt 0.742326 0.925499
vt 0.745583 0.930121
vt 0.737395 0.932334
vt 0.713556 0.930060
vt 0.711550 0.921599
vt 0.704343 0.875850
vt 0.689334 0.861531
vt 0.698793 0.859639
vt 0.709295 0.869852
vt 0.721019 0.774834
vt 0.713510 0.773319
vt 0.715081 0.765051
vt 0.725161 0.765592
vt 0.737352 0.764966
vt 0.735172 0.771994
vt 0.733380 0.777509
vt 0.721303 0.777858
vt 0.719856 0.787079
vt 0.721403 0.782000
vt 0.690108 0.751285
vt 0.704490 0.750789
vt 0.703857 0.757628
vt 0.689565 0.758515
vt 0.694509 0.743281
vt 0.705832 0.743579
vt 0.665984 0.729042
vt 0.675997 0.729020
vt 0.691432 0.989774
vt 0.682227 0.989760
vt 0.703978 0.989794
vt 0.673115 0.989747
vt 0.675622 0.980931
vt 0.727951 0.959770
vt 0.720406 0.962529
vt 0.732418 0.956419
vt 0.735647 0.952574
vt 0.748115 0.956000
vt 0.737606 0.948366
vt 0.749512 0.950198
vt 0.738766 0.944102
vt 0.749926 0.944729
vt 0.739267 0.939993
vt 0.749537 0.939627
vt 0.738831 0.936137
vt 0.748076 0.934726
vt 0.757746 0.932781
vt 0.760002 0.938305
vt 0.754530 0.927749
vt 0.764090 0.924752
vt 0.767962 0.930235
vt 0.750521 0.923203
vt 0.759277 0.919896
vt 0.768495 0.915826
vt 0.774268 0.921093
vt 0.761695 0.911312
vt 0.753974 0.907374
vt 0.769728 0.906300
vt 0.778066 0.910905
vt 0.760460 0.902521
vt 0.745171 0.904501
vt 0.750487 0.899476
vt 0.766869 0.897069
vt 0.777790 0.900305
vt 0.755932 0.894400
vt 0.740597 0.897039
vt 0.745349 0.892034
vt 0.760838 0.888935
vt 0.772583 0.890839
vt 0.749788 0.887070
vt 0.735476 0.889397
vt 0.739667 0.884867
vt 0.753330 0.881922
vt 0.764555 0.882971
vt 0.743074 0.880563
vt 0.730955 0.881157
vt 0.734342 0.877725
vt 0.745224 0.876184
vt 0.755536 0.876510
vt 0.736395 0.874832
vt 0.736896 0.872173
vt 0.745852 0.871826
vt 0.736243 0.869534
vt 0.744876 0.867558
vt 0.734839 0.867024
vt 0.742494 0.863641
vt 0.732472 0.864892
vt 0.738648 0.860143
vt 0.729118 0.863349
vt 0.733341 0.857351
vt 0.724662 0.862626
vt 0.726617 0.855463
vt 0.719665 0.863211
vt 0.719421 0.855730
vt 0.714225 0.865573
vt 0.710660 0.856826
vt 0.711725 0.847030
vt 0.722156 0.848123
vt 0.698676 0.845650
vt 0.705564 0.834148
vt 0.717465 0.838109
vt 0.687337 0.844182
vt 0.695632 0.829416
vt 0.707901 0.819959
vt 0.715903 0.826316
vt 0.719374 0.815201
vt 0.726188 0.820619
vt 0.726920 0.810605
vt 0.734373 0.815476
vt 0.732258 0.806181
vt 0.740726 0.810351
vt 0.735516 0.802193
vt 0.745343 0.804811
vt 0.755872 0.807892
vt 0.750588 0.813830
vt 0.759662 0.801643
vt 0.771889 0.804854
vt 0.767631 0.811330
vt 0.762121 0.795235
vt 0.774862 0.798151
vt 0.763826 0.788851
vt 0.776989 0.791430
vt 0.766535 0.782345
vt 0.778989 0.784794
vt 0.755623 0.779841
vt 0.760267 0.772457
vt 0.771002 0.775145
vt 0.745378 0.777788
vt 0.748569 0.771173
vt 0.750060 0.764757
vt 0.762937 0.765509
vt 0.750843 0.758103
vt 0.763277 0.758749
vt 0.738687 0.757904
vt 0.739600 0.750880
vt 0.751453 0.751093
vt 0.727026 0.757895
vt 0.728013 0.750796
vt 0.715855 0.757796
vt 0.716550 0.750753
vt 0.717319 0.743582
vt 0.728728 0.743595
vt 0.717900 0.736284
vt 0.729182 0.736288
vt 0.706810 0.736251
vt 0.707119 0.728957
vt 0.718100 0.728937
vt 0.696125 0.736032
vt 0.696553 0.728978
vt 0.686275 0.728999
vt 0.729329 0.728918
vt 0.740723 0.728901
vt 0.740608 0.736317
vt 0.752222 0.728886
vt 0.752146 0.736389
vt 0.763735 0.728874
vt 0.763698 0.736506
vt 0.775152 0.728865
vt 0.775139 0.736666
vt 0.786398 0.728858
vt 0.786388 0.736858
vt 0.797459 0.728855
vt 0.797440 0.737065
vt 0.808350 0.728854
vt 0.808323 0.737272
vt 0.819088 0.728856
vt 0.819057 0.737469
vt 0.829688 0.728860
vt 0.829658 0.737652
vt 0.839682 0.728867
vt 0.839660 0.737820
vt 0.849493 0.728877
vt 0.849482 0.737970
vt 0.858646 0.728887
vt 0.858658 0.738105
vt 0.858664 0.784439
vt 0.848621 0.783822
vt 0.848914 0.774596
vt 0.858665 0.775138
vt 0.858662 0.793738
vt 0.848271 0.793065
vt 0.858659 0.803020
vt 0.847870 0.802321
vt 0.837793 0.792203
vt 0.838331 0.783070
vt 0.837191 0.801375
vt 0.847435 0.811576
vt 0.836569 0.810614
vt 0.826290 0.800088
vt 0.827106 0.791111
vt 0.825495 0.809182
vt 0.835949 0.819894
vt 0.824880 0.818483
vt 0.813822 0.807093
vt 0.814918 0.798385
vt 0.812768 0.816019
vt 0.798882 0.812291
vt 0.801150 0.804318
vt 0.795253 0.819922
vt 0.789488 0.827499
vt 0.780669 0.815282
vt 0.785006 0.808421
vt 0.774680 0.821932
vt 0.778961 0.833267
vt 0.766205 0.827782
vt 0.761855 0.817459
vt 0.754321 0.823312
vt 0.756552 0.833144
vt 0.745617 0.828878
vt 0.743648 0.819357
vt 0.735315 0.824884
vt 0.736470 0.834589
vt 0.726070 0.830877
vt 0.746930 0.838402
vt 0.738244 0.843903
vt 0.728154 0.840926
vt 0.756843 0.842882
vt 0.747369 0.847605
vt 0.767604 0.838215
vt 0.777597 0.844373
vt 0.765569 0.848234
vt 0.785143 0.851344
vt 0.772499 0.854180
vt 0.789409 0.859566
vt 0.776796 0.861367
vt 0.802227 0.858075
vt 0.803587 0.867763
vt 0.791279 0.868180
vt 0.814328 0.857199
vt 0.815048 0.867644
vt 0.825258 0.857012
vt 0.825681 0.867696
vt 0.835897 0.857267
vt 0.836166 0.867798
vt 0.835421 0.846980
vt 0.846553 0.847816
vt 0.846772 0.857702
vt 0.835024 0.837596
vt 0.846435 0.838562
vt 0.835335 0.828984
vt 0.846600 0.829739
vt 0.846990 0.820760
vt 0.858649 0.821389
vt 0.858641 0.830380
vt 0.858655 0.812255
vt 0.858435 0.990000
vt 0.849513 0.989987
vt 0.849525 0.981328
vt 0.858448 0.981098
vt 0.839638 0.989973
vt 0.839666 0.981602
vt 0.829284 0.989959
vt 0.829338 0.981927
vt 0.818005 0.989945
vt 0.818082 0.982288
vt 0.806222 0.989931
vt 0.806315 0.982657
vt 0.793891 0.989917
vt 0.794013 0.983002
vt 0.781053 0.989901
vt 0.781186 0.983289
vt 0.767930 0.989884
vt 0.768015 0.983475
vt 0.754980 0.989866
vt 0.754886 0.983558
vt 0.742503 0.989849
vt 0.742361 0.983660
vt 0.729621 0.989830
vt 0.729305 0.983797
vt 0.716453 0.989812
vt 0.715999 0.983865
vt 0.714454 0.977708
vt 0.712014 0.971098
vt 0.709836 0.963779
vt 0.696415 0.966275
vt 0.683549 0.972686
vt 0.768401 0.977089
vt 0.781607 0.976634
vt 0.769333 0.970564
vt 0.782334 0.969836
vt 0.770753 0.963717
vt 0.783241 0.962781
vt 0.771940 0.956670
vt 0.783889 0.955523
vt 0.760048 0.957052
vt 0.761039 0.950414
vt 0.772431 0.949664
vt 0.761029 0.944153
vt 0.772118 0.942842
vt 0.770684 0.936317
vt 0.781621 0.933760
vt 0.783345 0.940883
vt 0.778652 0.927114
vt 0.789846 0.923175
vt 0.792969 0.930543
vt 0.784935 0.916533
vt 0.796515 0.910010
vt 0.801497 0.918182
vt 0.787617 0.904382
vt 0.784769 0.893272
vt 0.789365 0.885311
vt 0.776729 0.883952
vt 0.778776 0.876567
vt 0.791336 0.876829
vt 0.766700 0.876550
vt 0.766966 0.869945
vt 0.778771 0.868941
vt 0.755876 0.870864
vt 0.754474 0.865418
vt 0.765104 0.863347
vt 0.751248 0.860328
vt 0.761211 0.857188
vt 0.746216 0.855731
vt 0.755091 0.852078
vt 0.739515 0.852480
vt 0.731404 0.849783
vt 0.803687 0.877458
vt 0.815169 0.878075
vt 0.825732 0.878374
vt 0.836144 0.878334
vt 0.835793 0.888602
vt 0.846894 0.878125
vt 0.846774 0.888047
vt 0.846906 0.867906
vt 0.858610 0.868001
vt 0.858596 0.877882
vt 0.858621 0.858145
vt 0.858628 0.848540
vt 0.858634 0.839333
vt 0.858581 0.887550
vt 0.858568 0.896904
vt 0.846770 0.897405
vt 0.858559 0.906185
vt 0.847180 0.906688
vt 0.835470 0.897903
vt 0.836459 0.907368
vt 0.847810 0.916413
vt 0.837496 0.917569
vt 0.827221 0.919593
vt 0.838332 0.927577
vt 0.828201 0.929551
vt 0.816148 0.922822
vt 0.817386 0.932228
vt 0.828909 0.939038
vt 0.818156 0.941291
vt 0.806128 0.935364
vt 0.804521 0.926787
vt 0.806995 0.943791
vt 0.818529 0.950027
vt 0.807309 0.952037
vt 0.795570 0.946164
vt 0.794705 0.938328
vt 0.795729 0.953926
vt 0.807233 0.960054
vt 0.795421 0.961519
vt 0.784006 0.948193
vt 0.818589 0.958467
vt 0.818466 0.966625
vt 0.806922 0.967798
vt 0.794873 0.968889
vt 0.806565 0.975307
vt 0.794349 0.976027
vt 0.818255 0.974543
vt 0.829434 0.973807
vt 0.829519 0.965511
vt 0.839681 0.964543
vt 0.839693 0.973152
vt 0.829514 0.956978
vt 0.839588 0.955717
vt 0.829339 0.948170
vt 0.839360 0.946635
vt 0.838951 0.937263
vt 0.848839 0.935945
vt 0.849156 0.945431
vt 0.848387 0.926246
vt 0.858533 0.925328
vt 0.858517 0.934964
vt 0.858547 0.915680
vt 0.858503 0.944490
vt 0.858488 0.953862
vt 0.849359 0.954692
vt 0.858474 0.963072
vt 0.849469 0.963737
vt 0.858461 0.972140
vt 0.849517 0.972601
vt 0.787991 0.801243
vt 0.790201 0.793963
vt 0.802882 0.796307
vt 0.792068 0.786678
vt 0.804375 0.788286
vt 0.794128 0.779245
vt 0.805756 0.780103
vt 0.782340 0.777693
vt 0.785676 0.769660
vt 0.796145 0.770704
vt 0.774901 0.767772
vt 0.775157 0.759918
vt 0.786137 0.761065
vt 0.775067 0.752173
vt 0.786253 0.752887
vt 0.763403 0.751525
vt 0.763577 0.744078
vt 0.775093 0.744443
vt 0.751889 0.743817
vt 0.740236 0.743665
vt 0.786337 0.744859
vt 0.797356 0.745293
vt 0.797182 0.753577
vt 0.808216 0.745714
vt 0.807993 0.754213
vt 0.818942 0.746107
vt 0.818713 0.754797
vt 0.829545 0.746469
vt 0.829325 0.755331
vt 0.839571 0.746793
vt 0.839401 0.755804
vt 0.849424 0.747079
vt 0.849313 0.756218
vt 0.858662 0.747332
vt 0.858665 0.756579
vt 0.858665 0.765849
vt 0.849144 0.765391
vt 0.839143 0.764860
vt 0.838787 0.773955
vt 0.828496 0.773209
vt 0.828983 0.764249
vt 0.827856 0.782168
vt 0.816947 0.781143
vt 0.817753 0.772378
vt 0.815980 0.789784
vt 0.806893 0.771526
vt 0.807594 0.762815
vt 0.818332 0.763561
vt 0.796851 0.762002
vt 0.726574 0.885578
vt 0.731114 0.894502
vt 0.722111 0.891133
vt 0.726964 0.900295
vt 0.717796 0.897493
vt 0.736123 0.902455
vt 0.732507 0.908391
vt 0.723544 0.906802
vt 0.730447 0.914803
vt 0.721530 0.913925
vt 0.711893 0.913059
vt 0.714040 0.904910
vt 0.676820 0.718823
vt 0.670238 0.716720
vt 0.680384 0.710174
vt 0.684309 0.716609
vt 0.686022 0.722697
vt 0.676490 0.723211
vt 0.667616 0.722381
vt 0.694497 0.477392
vt 0.690105 0.480299
vt 0.684802 0.474397
vt 0.693082 0.473154
vt 0.703590 0.473334
vt 0.702223 0.479032
vt 0.699656 0.484974
vt 0.743952 0.542150
vt 0.746617 0.538907
vt 0.753707 0.542110
vt 0.747853 0.545585
vt 0.740427 0.547946
vt 0.738279 0.542467
vt 0.739298 0.537389
vt 0.809856 0.556540
vt 0.813715 0.544937
vt 0.825624 0.548194
vt 0.824791 0.559066
vt 0.825245 0.568764
vt 0.814717 0.569025
vt 0.802183 0.570564
vt 0.796521 0.561315
vt 0.806252 0.622566
vt 0.811656 0.610942
vt 0.824633 0.611422
vt 0.823001 0.621108
vt 0.791091 0.617490
vt 0.799030 0.609244
vt 0.823747 0.630482
vt 0.810277 0.633065
vt 0.739111 0.489241
vt 0.755673 0.486502
vt 0.758008 0.493684
vt 0.744514 0.496189
vt 0.724854 0.487454
vt 0.727609 0.480193
vt 0.741806 0.479922
vt 0.754690 0.480248
vt 0.735295 0.666357
vt 0.740546 0.673064
vt 0.731364 0.675184
vt 0.728432 0.669802
vt 0.749645 0.664972
vt 0.751358 0.671127
vt 0.736363 0.660407
vt 0.748070 0.658857
vt 0.700316 0.686415
vt 0.705388 0.685287
vt 0.704282 0.692512
vt 0.692795 0.691277
vt 0.733943 0.529580
vt 0.731042 0.536582
vt 0.721011 0.536570
vt 0.722177 0.529100
vt 0.742183 0.532243
vt 0.737255 0.525405
vt 0.745443 0.527618
vt 0.713402 0.527712
vt 0.711401 0.536175
vt 0.704088 0.582096
vt 0.709068 0.588072
vt 0.698611 0.598330
vt 0.689142 0.596481
vt 0.720950 0.683039
vt 0.725107 0.692264
vt 0.715021 0.692838
vt 0.713427 0.684577
vt 0.735117 0.685829
vt 0.737304 0.692851
vt 0.721247 0.680015
vt 0.733322 0.680319
vt 0.719779 0.670801
vt 0.721344 0.675874
vt 0.690059 0.706699
vt 0.689508 0.699473
vt 0.703807 0.700303
vt 0.704450 0.707139
vt 0.705806 0.714343
vt 0.694480 0.714684
vt 0.691398 0.467834
vt 0.682194 0.467828
vt 0.703943 0.467841
vt 0.673081 0.467821
vt 0.675569 0.476643
vt 0.727860 0.497912
vt 0.720318 0.495138
vt 0.732323 0.501274
vt 0.748019 0.501721
vt 0.735547 0.505129
vt 0.749406 0.507528
vt 0.737499 0.509344
vt 0.749810 0.513002
vt 0.738652 0.513617
vt 0.749412 0.518107
vt 0.739143 0.517733
vt 0.747942 0.523010
vt 0.738697 0.521596
vt 0.759878 0.519434
vt 0.757613 0.524959
vt 0.754391 0.529992
vt 0.767831 0.527508
vt 0.763952 0.532990
vt 0.759134 0.537846
vt 0.750378 0.534539
vt 0.774131 0.536651
vt 0.768353 0.541916
vt 0.761549 0.546431
vt 0.753827 0.550372
vt 0.777925 0.546838
vt 0.769582 0.551443
vt 0.760313 0.555223
vt 0.750340 0.558274
vt 0.745025 0.553250
vt 0.777645 0.557437
vt 0.766721 0.560674
vt 0.755784 0.563349
vt 0.745203 0.565724
vt 0.740453 0.560719
vt 0.772436 0.566902
vt 0.760690 0.568813
vt 0.749641 0.570687
vt 0.739526 0.572904
vt 0.735337 0.568371
vt 0.764408 0.574774
vt 0.753182 0.575836
vt 0.742930 0.577210
vt 0.734209 0.580062
vt 0.730825 0.576624
vt 0.755390 0.581247
vt 0.745077 0.581591
vt 0.736256 0.582962
vt 0.745705 0.585951
vt 0.736747 0.585629
vt 0.744727 0.590223
vt 0.736081 0.588273
vt 0.742343 0.594146
vt 0.734671 0.590790
vt 0.738498 0.597658
vt 0.732299 0.592933
vt 0.733192 0.600470
vt 0.728941 0.594490
vt 0.726467 0.602385
vt 0.724479 0.595231
vt 0.719263 0.602149
vt 0.719474 0.594667
vt 0.710494 0.601091
vt 0.714020 0.592328
vt 0.722028 0.609743
vt 0.711597 0.610881
vt 0.698551 0.612317
vt 0.717366 0.619776
vt 0.705480 0.623789
vt 0.695570 0.628565
vt 0.687218 0.613837
vt 0.715838 0.631576
vt 0.707867 0.637969
vt 0.726130 0.637234
vt 0.719343 0.642681
vt 0.734318 0.642348
vt 0.726889 0.647249
vt 0.740673 0.647454
vt 0.732226 0.651655
vt 0.745288 0.652983
vt 0.735480 0.655635
vt 0.750519 0.643948
vt 0.755805 0.649874
vt 0.759595 0.656117
vt 0.767554 0.646415
vt 0.771814 0.652886
vt 0.774790 0.659585
vt 0.762054 0.662522
vt 0.776923 0.666304
vt 0.763761 0.668902
vt 0.778930 0.672936
vt 0.766477 0.675403
vt 0.755566 0.677928
vt 0.770952 0.682596
vt 0.760217 0.685302
vt 0.748518 0.686612
vt 0.745322 0.680005
vt 0.762894 0.692245
vt 0.750015 0.693025
vt 0.763239 0.699004
vt 0.750805 0.699677
vt 0.738647 0.699908
vt 0.751421 0.706684
vt 0.739568 0.706929
vt 0.727980 0.707049
vt 0.726984 0.699953
vt 0.716515 0.707130
vt 0.715809 0.700090
vt 0.728705 0.714246
vt 0.717295 0.714298
vt 0.729170 0.721550
vt 0.717888 0.721592
vt 0.706797 0.721666
vt 0.696112 0.721927
vt 0.740597 0.721487
vt 0.752134 0.721385
vt 0.763686 0.721243
vt 0.775130 0.721064
vt 0.786380 0.720858
vt 0.797435 0.720645
vt 0.808318 0.720436
vt 0.819053 0.720244
vt 0.829654 0.720070
vt 0.839654 0.719917
vt 0.849470 0.719787
vt 0.858635 0.719675
vt 0.858598 0.673347
vt 0.858607 0.682647
vt 0.848866 0.683166
vt 0.848564 0.673940
vt 0.848206 0.664698
vt 0.858587 0.664049
vt 0.847797 0.655443
vt 0.858576 0.654768
vt 0.838282 0.674673
vt 0.837735 0.665541
vt 0.837125 0.656370
vt 0.836494 0.647131
vt 0.847353 0.646189
vt 0.827054 0.666618
vt 0.826229 0.657641
vt 0.825425 0.648549
vt 0.824801 0.639250
vt 0.835865 0.637853
vt 0.814861 0.659335
vt 0.813754 0.650629
vt 0.812692 0.641704
vt 0.801083 0.653400
vt 0.798805 0.645430
vt 0.795165 0.637800
vt 0.789393 0.630224
vt 0.784927 0.649305
vt 0.780585 0.642447
vt 0.774591 0.635802
vt 0.766113 0.629962
vt 0.778860 0.624462
vt 0.761775 0.640293
vt 0.754238 0.634455
vt 0.745530 0.628909
vt 0.756455 0.624616
vt 0.743578 0.638438
vt 0.735241 0.632935
vt 0.725987 0.626974
vt 0.736376 0.623225
vt 0.728046 0.616916
vt 0.738131 0.613903
vt 0.746827 0.619380
vt 0.747249 0.610173
vt 0.756732 0.614876
vt 0.767499 0.619525
vt 0.765452 0.609508
vt 0.777486 0.613356
vt 0.772377 0.603556
vt 0.785026 0.606383
vt 0.776669 0.596367
vt 0.789289 0.598163
vt 0.802110 0.599654
vt 0.791154 0.589552
vt 0.803464 0.589971
vt 0.814927 0.590097
vt 0.814213 0.600537
vt 0.825560 0.590057
vt 0.825143 0.600735
vt 0.836044 0.589969
vt 0.835780 0.600493
vt 0.835310 0.610775
vt 0.846652 0.600076
vt 0.846438 0.609957
vt 0.846326 0.619207
vt 0.834922 0.620155
vt 0.846500 0.628028
vt 0.835243 0.628765
vt 0.846899 0.637006
vt 0.858532 0.627412
vt 0.858549 0.636401
vt 0.858564 0.645534
vt 0.858397 0.467841
vt 0.858398 0.476742
vt 0.849474 0.476498
vt 0.849474 0.467841
vt 0.839614 0.476211
vt 0.839597 0.467842
vt 0.829284 0.475874
vt 0.829241 0.467843
vt 0.818027 0.475501
vt 0.817959 0.467845
vt 0.806259 0.475121
vt 0.806175 0.467848
vt 0.793957 0.474764
vt 0.793844 0.467851
vt 0.781131 0.474466
vt 0.781008 0.467854
vt 0.767962 0.474265
vt 0.767886 0.467856
vt 0.754834 0.474165
vt 0.754938 0.467857
vt 0.742311 0.474045
vt 0.742462 0.467856
vt 0.729255 0.473886
vt 0.729582 0.467853
vt 0.715951 0.473793
vt 0.716416 0.467847
vt 0.714395 0.479948
vt 0.711942 0.486553
vt 0.709749 0.493867
vt 0.696332 0.491343
vt 0.683479 0.484905
vt 0.768337 0.480652
vt 0.781543 0.481120
vt 0.782259 0.487918
vt 0.769259 0.487177
vt 0.783156 0.494973
vt 0.770669 0.494026
vt 0.783794 0.502230
vt 0.771845 0.501075
vt 0.759953 0.500682
vt 0.772327 0.508080
vt 0.760933 0.507323
vt 0.772006 0.514902
vt 0.760915 0.513585
vt 0.770562 0.521426
vt 0.783234 0.516868
vt 0.781502 0.523988
vt 0.778523 0.530632
vt 0.792850 0.527210
vt 0.789718 0.534576
vt 0.784800 0.541213
vt 0.801372 0.539572
vt 0.796383 0.547739
vt 0.787477 0.553361
vt 0.784627 0.564468
vt 0.789226 0.572426
vt 0.776585 0.573787
vt 0.791205 0.580906
vt 0.778638 0.581169
vt 0.766558 0.581194
vt 0.778640 0.588795
vt 0.766830 0.587798
vt 0.755734 0.586893
vt 0.764971 0.594397
vt 0.754334 0.592342
vt 0.761082 0.600560
vt 0.751110 0.597438
vt 0.754966 0.605681
vt 0.746081 0.602047
vt 0.739383 0.605320
vt 0.731275 0.608046
vt 0.803561 0.580281
vt 0.815043 0.579673
vt 0.825608 0.579385
vt 0.835672 0.569170
vt 0.836020 0.579437
vt 0.846656 0.569741
vt 0.846775 0.579660
vt 0.846786 0.589877
vt 0.858483 0.579923
vt 0.858490 0.589803
vt 0.858496 0.599655
vt 0.858506 0.609257
vt 0.858518 0.618461
vt 0.858470 0.570257
vt 0.846652 0.560386
vt 0.858456 0.560906
vt 0.847064 0.551108
vt 0.858448 0.551628
vt 0.835351 0.559872
vt 0.836342 0.550412
vt 0.837381 0.540218
vt 0.847699 0.541388
vt 0.827104 0.538184
vt 0.828090 0.528231
vt 0.838223 0.530215
vt 0.816030 0.534945
vt 0.817274 0.525544
vt 0.818053 0.516485
vt 0.828806 0.518749
vt 0.804403 0.530972
vt 0.806016 0.522400
vt 0.806891 0.513977
vt 0.807214 0.505734
vt 0.818435 0.507753
vt 0.794593 0.519428
vt 0.795467 0.511595
vt 0.795634 0.503836
vt 0.795336 0.496244
vt 0.807148 0.497719
vt 0.783902 0.509559
vt 0.806846 0.489977
vt 0.818391 0.491161
vt 0.818504 0.499316
vt 0.794798 0.488875
vt 0.794283 0.481739
vt 0.806499 0.482470
vt 0.818190 0.483244
vt 0.829370 0.483992
vt 0.829445 0.492286
vt 0.839630 0.484659
vt 0.839608 0.493266
vt 0.839505 0.502088
vt 0.829429 0.500816
vt 0.839267 0.511167
vt 0.829245 0.509621
vt 0.838850 0.520534
vt 0.849065 0.512384
vt 0.848740 0.521866
vt 0.848282 0.531559
vt 0.858421 0.522860
vt 0.858430 0.532493
vt 0.858440 0.542138
vt 0.858414 0.513339
vt 0.849277 0.503127
vt 0.858407 0.503970
vt 0.849396 0.494085
vt 0.858403 0.494763
vt 0.849455 0.485223
vt 0.858400 0.485698
vt 0.787919 0.656480
vt 0.802822 0.661410
vt 0.790137 0.663758
vt 0.804322 0.669429
vt 0.792012 0.671040
vt 0.805713 0.677610
vt 0.794081 0.678472
vt 0.782290 0.680033
vt 0.796108 0.687010
vt 0.785638 0.688061
vt 0.774861 0.689961
vt 0.786108 0.696655
vt 0.775124 0.697813
vt 0.786232 0.704831
vt 0.775041 0.705558
vt 0.763373 0.706226
vt 0.775076 0.713287
vt 0.763555 0.713672
vt 0.751866 0.713958
vt 0.740213 0.714141
vt 0.786322 0.712858
vt 0.797163 0.704134
vt 0.797344 0.712418
vt 0.807976 0.703497
vt 0.808205 0.711995
vt 0.818696 0.702917
vt 0.818932 0.711606
vt 0.829307 0.702394
vt 0.829533 0.711255
vt 0.839377 0.701936
vt 0.839555 0.710946
vt 0.849280 0.701542
vt 0.849401 0.710680
vt 0.858622 0.701206
vt 0.858628 0.710451
vt 0.849103 0.692371
vt 0.858615 0.691936
vt 0.839111 0.692881
vt 0.838747 0.683787
vt 0.828957 0.693477
vt 0.828463 0.684518
vt 0.827814 0.675560
vt 0.817725 0.685339
vt 0.816910 0.676575
vt 0.815933 0.667935
vt 0.806860 0.686186
vt 0.818311 0.694155
vt 0.807570 0.694897
vt 0.796823 0.695711
vt 0.726445 0.572199
vt 0.721980 0.566642
vt 0.730976 0.563265
vt 0.717663 0.560282
vt 0.726825 0.557472
vt 0.735980 0.555303
vt 0.723403 0.550964
vt 0.732363 0.549367
vt 0.721385 0.543842
vt 0.730301 0.542954
vt 0.711751 0.544716
vt 0.713903 0.552865
vt 0.482035 0.417824
vt 0.475452 0.415641
vt 0.485621 0.408823
vt 0.489536 0.415491
vt 0.491239 0.422029
vt 0.481699 0.422548
vt 0.472818 0.421696
vt 0.500210 0.159453
vt 0.495805 0.162560
vt 0.490495 0.156227
vt 0.498795 0.154905
vt 0.509312 0.155093
vt 0.507940 0.161186
vt 0.505362 0.167522
vt 0.549549 0.228799
vt 0.552230 0.225332
vt 0.559316 0.228782
vt 0.553447 0.232481
vt 0.546009 0.234969
vt 0.543873 0.229111
vt 0.544909 0.223663
vt 0.615407 0.244342
vt 0.619299 0.231930
vt 0.631181 0.235429
vt 0.630306 0.247039
vt 0.630741 0.257481
vt 0.620234 0.257735
vt 0.607716 0.259349
vt 0.602080 0.249429
vt 0.611613 0.315050
vt 0.617055 0.302597
vt 0.630019 0.303104
vt 0.628352 0.313498
vt 0.596476 0.309596
vt 0.604443 0.300762
vt 0.629081 0.323536
vt 0.615610 0.326291
vt 0.544802 0.172182
vt 0.561364 0.169322
vt 0.563699 0.176992
vt 0.550199 0.179613
vt 0.530560 0.170255
vt 0.533322 0.162484
vt 0.547511 0.162245
vt 0.560391 0.162586
vt 0.540558 0.361839
vt 0.545797 0.368965
vt 0.536619 0.371173
vt 0.533702 0.365588
vt 0.554893 0.360300
vt 0.556602 0.366921
vt 0.541611 0.355317
vt 0.553322 0.353737
vt 0.505602 0.383398
vt 0.510666 0.382267
vt 0.509530 0.389742
vt 0.498054 0.388477
vt 0.539588 0.215452
vt 0.536660 0.222776
vt 0.526633 0.222704
vt 0.527830 0.214978
vt 0.547816 0.218180
vt 0.542917 0.210930
vt 0.551094 0.213244
vt 0.519059 0.213531
vt 0.517021 0.222263
vt 0.509636 0.271845
vt 0.514596 0.278018
vt 0.504049 0.288661
vt 0.494578 0.286655
vt 0.526195 0.379848
vt 0.530334 0.389510
vt 0.520264 0.390076
vt 0.518695 0.381533
vt 0.540346 0.382639
vt 0.542517 0.390150
vt 0.526494 0.376371
vt 0.538570 0.376705
vt 0.525042 0.366633
vt 0.526592 0.371885
vt 0.495286 0.405044
vt 0.494737 0.397172
vt 0.509031 0.398046
vt 0.509667 0.405404
vt 0.511015 0.413130
vt 0.499700 0.413483
vt 0.471176 0.428779
vt 0.481196 0.428780
vt 0.497115 0.149185
vt 0.487894 0.149167
vt 0.509670 0.149208
vt 0.478773 0.149148
vt 0.481255 0.158530
vt 0.533539 0.181140
vt 0.526010 0.178202
vt 0.537992 0.184791
vt 0.553703 0.185562
vt 0.541221 0.189020
vt 0.555084 0.191767
vt 0.543171 0.193591
vt 0.555483 0.197622
vt 0.544320 0.198211
vt 0.555079 0.203085
vt 0.544811 0.202654
vt 0.553602 0.208323
vt 0.544365 0.206825
vt 0.565537 0.204527
vt 0.563263 0.210433
vt 0.560031 0.215811
vt 0.573470 0.213187
vt 0.569581 0.219047
vt 0.564753 0.224233
vt 0.556006 0.220673
vt 0.579747 0.222995
vt 0.573958 0.228615
vt 0.567144 0.233426
vt 0.559411 0.237604
vt 0.583514 0.233913
vt 0.575163 0.238811
vt 0.565885 0.242825
vt 0.555903 0.246054
vt 0.550599 0.240653
vt 0.583211 0.245245
vt 0.572281 0.248682
vt 0.561336 0.251511
vt 0.550744 0.254017
vt 0.546005 0.248639
vt 0.577981 0.255366
vt 0.566229 0.257380
vt 0.555173 0.259348
vt 0.545044 0.261686
vt 0.540862 0.256816
vt 0.569933 0.263779
vt 0.558704 0.264874
vt 0.548443 0.266308
vt 0.539700 0.269182
vt 0.536318 0.265463
vt 0.560898 0.270678
vt 0.550585 0.271004
vt 0.541751 0.272350
vt 0.551203 0.275677
vt 0.542249 0.275281
vt 0.550213 0.280247
vt 0.541588 0.278178
vt 0.547816 0.284438
vt 0.540171 0.280923
vt 0.543956 0.288166
vt 0.537791 0.283252
vt 0.538639 0.291127
vt 0.534427 0.284934
vt 0.531908 0.293110
vt 0.529974 0.285716
vt 0.524705 0.292843
vt 0.524978 0.285087
vt 0.515933 0.291652
vt 0.519538 0.282571
vt 0.527421 0.301001
vt 0.516972 0.302148
vt 0.503897 0.303575
vt 0.522716 0.311720
vt 0.510797 0.315904
vt 0.500844 0.320754
vt 0.492543 0.305061
vt 0.521140 0.324328
vt 0.513122 0.330839
vt 0.531417 0.330468
vt 0.524590 0.336034
vt 0.539592 0.336003
vt 0.532128 0.341004
vt 0.545938 0.341505
vt 0.537464 0.345781
vt 0.550548 0.347437
vt 0.540720 0.350135
vt 0.555804 0.337794
vt 0.561079 0.344159
vt 0.564861 0.350854
vt 0.572844 0.340490
vt 0.577095 0.347431
vt 0.580062 0.354609
vt 0.567314 0.357717
vt 0.582185 0.361810
vt 0.569014 0.364563
vt 0.584182 0.368934
vt 0.571719 0.371548
vt 0.560804 0.374212
vt 0.576188 0.379249
vt 0.565449 0.382090
vt 0.553750 0.383462
vt 0.550565 0.376377
vt 0.568123 0.389534
vt 0.555236 0.390357
vt 0.568462 0.396797
vt 0.556021 0.397498
vt 0.543861 0.397721
vt 0.556634 0.405009
vt 0.544779 0.405250
vt 0.533192 0.405356
vt 0.532202 0.397744
vt 0.521731 0.405420
vt 0.521032 0.397865
vt 0.533912 0.413068
vt 0.522503 0.413101
vt 0.534371 0.420895
vt 0.523089 0.420918
vt 0.512002 0.420976
vt 0.523297 0.428788
vt 0.512318 0.428786
vt 0.501758 0.428784
vt 0.501324 0.421235
vt 0.491483 0.428782
vt 0.534525 0.428789
vt 0.545797 0.420847
vt 0.545918 0.428790
vt 0.557335 0.420757
vt 0.557417 0.428790
vt 0.568887 0.420619
vt 0.568930 0.428790
vt 0.580331 0.420438
vt 0.580349 0.428789
vt 0.591582 0.420225
vt 0.591596 0.428789
vt 0.602638 0.420000
vt 0.602658 0.428787
vt 0.613523 0.419778
vt 0.613552 0.428786
vt 0.624260 0.419568
vt 0.624293 0.428784
vt 0.634865 0.419377
vt 0.634896 0.428781
vt 0.644869 0.419204
vt 0.644894 0.428779
vt 0.654691 0.419054
vt 0.654708 0.428776
vt 0.663864 0.418929
vt 0.663864 0.428773
vt 0.663873 0.369405
vt 0.663869 0.379348
vt 0.654120 0.379893
vt 0.653831 0.370027
vt 0.653487 0.360143
vt 0.663878 0.359463
vt 0.653094 0.350244
vt 0.663883 0.349538
vt 0.643540 0.370814
vt 0.643008 0.361047
vt 0.642414 0.351238
vt 0.641800 0.341358
vt 0.652668 0.340348
vt 0.632321 0.362199
vt 0.631511 0.352597
vt 0.630725 0.342872
vt 0.630122 0.332938
vt 0.641192 0.331438
vt 0.620138 0.354401
vt 0.619051 0.345089
vt 0.618007 0.335555
vt 0.606373 0.348036
vt 0.604112 0.339503
vt 0.600491 0.331306
vt 0.594734 0.323213
vt 0.590223 0.343624
vt 0.585892 0.336265
vt 0.579910 0.329147
vt 0.571445 0.322873
vt 0.584213 0.317023
vt 0.567077 0.333915
vt 0.559552 0.327640
vt 0.550860 0.321662
vt 0.561802 0.317113
vt 0.548874 0.331856
vt 0.540552 0.325918
vt 0.531318 0.319479
vt 0.541723 0.315526
vt 0.533414 0.308721
vt 0.543514 0.305552
vt 0.552191 0.311462
vt 0.552650 0.301613
vt 0.562114 0.306687
vt 0.572866 0.311705
vt 0.570855 0.300979
vt 0.582876 0.305139
vt 0.577802 0.294612
vt 0.590442 0.297677
vt 0.582119 0.286935
vt 0.594732 0.288888
vt 0.607548 0.290503
vt 0.596623 0.279669
vt 0.608931 0.280140
vt 0.620389 0.280291
vt 0.619645 0.291460
vt 0.631016 0.280259
vt 0.630568 0.291684
vt 0.641497 0.280173
vt 0.641203 0.291434
vt 0.640706 0.302428
vt 0.652080 0.290993
vt 0.651844 0.301566
vt 0.651711 0.311469
vt 0.640292 0.312476
vt 0.651860 0.320919
vt 0.640591 0.321719
vt 0.652235 0.330526
vt 0.663904 0.320275
vt 0.663896 0.329893
vt 0.663889 0.339662
vt 0.664111 0.149437
vt 0.664099 0.158960
vt 0.655177 0.158697
vt 0.655188 0.149427
vt 0.645320 0.158378
vt 0.645315 0.149416
vt 0.634994 0.158004
vt 0.634962 0.149404
vt 0.623740 0.157589
vt 0.623684 0.149390
vt 0.611974 0.157164
vt 0.611902 0.149375
vt 0.599674 0.156762
vt 0.599572 0.149358
vt 0.586849 0.156421
vt 0.586736 0.149339
vt 0.573680 0.156182
vt 0.573613 0.149320
vt 0.560551 0.156050
vt 0.560664 0.149300
vt 0.548027 0.155902
vt 0.548189 0.149279
vt 0.534972 0.155717
vt 0.535309 0.149256
vt 0.521669 0.155595
vt 0.522144 0.149232
vt 0.520106 0.162183
vt 0.517645 0.169249
vt 0.515441 0.176799
vt 0.502026 0.174082
vt 0.489168 0.167289
vt 0.574047 0.163024
vt 0.587251 0.163550
vt 0.587958 0.170832
vt 0.574958 0.170017
vt 0.588843 0.178389
vt 0.576357 0.177355
vt 0.589471 0.186160
vt 0.577525 0.184902
vt 0.565639 0.184465
vt 0.577998 0.192401
vt 0.566610 0.191566
vt 0.577664 0.199702
vt 0.566581 0.198267
vt 0.576211 0.206683
vt 0.588885 0.201834
vt 0.587141 0.209453
vt 0.584150 0.216563
vt 0.598480 0.212929
vt 0.595335 0.220819
vt 0.590400 0.227917
vt 0.606977 0.226206
vt 0.601966 0.234906
vt 0.593048 0.240901
vt 0.590176 0.252790
vt 0.594754 0.261321
vt 0.582111 0.262752
vt 0.596703 0.270408
vt 0.584140 0.270665
vt 0.572063 0.270661
vt 0.584115 0.278830
vt 0.572311 0.277735
vt 0.561224 0.276721
vt 0.570431 0.284792
vt 0.559806 0.282553
vt 0.566519 0.291371
vt 0.556563 0.287994
vt 0.560384 0.296842
vt 0.551517 0.292889
vt 0.544806 0.296376
vt 0.536682 0.299242
vt 0.609057 0.269764
vt 0.620535 0.269134
vt 0.631090 0.268840
vt 0.641174 0.257927
vt 0.641499 0.268905
vt 0.652156 0.258536
vt 0.652248 0.269149
vt 0.652237 0.280079
vt 0.663950 0.269423
vt 0.663941 0.280004
vt 0.663932 0.290559
vt 0.663922 0.300842
vt 0.663913 0.310696
vt 0.663963 0.259072
vt 0.652179 0.248513
vt 0.663976 0.249057
vt 0.652611 0.238566
vt 0.663989 0.239118
vt 0.640872 0.247940
vt 0.641887 0.237791
vt 0.642959 0.226897
vt 0.653267 0.228164
vt 0.632696 0.224706
vt 0.633705 0.214063
vt 0.643826 0.216197
vt 0.621637 0.221239
vt 0.622901 0.211177
vt 0.623697 0.201479
vt 0.634441 0.203912
vt 0.610023 0.216984
vt 0.611653 0.207802
vt 0.612544 0.198780
vt 0.612881 0.189952
vt 0.624095 0.192129
vt 0.600238 0.204598
vt 0.601126 0.196211
vt 0.601306 0.187902
vt 0.601020 0.179771
vt 0.612828 0.181369
vt 0.589567 0.194009
vt 0.612539 0.173077
vt 0.624080 0.174361
vt 0.624179 0.183094
vt 0.600494 0.171878
vt 0.599990 0.164234
vt 0.612204 0.165036
vt 0.623891 0.165882
vt 0.635067 0.166698
vt 0.635128 0.175579
vt 0.645323 0.167424
vt 0.645286 0.176641
vt 0.645168 0.186087
vt 0.635098 0.184713
vt 0.644912 0.195808
vt 0.634897 0.194140
vt 0.644475 0.205835
vt 0.654703 0.197120
vt 0.654357 0.207270
vt 0.653875 0.217646
vt 0.664032 0.208313
vt 0.664017 0.218626
vt 0.664003 0.228954
vt 0.664046 0.198121
vt 0.654934 0.187209
vt 0.664060 0.188094
vt 0.655070 0.177528
vt 0.664073 0.178241
vt 0.655144 0.168040
vt 0.664086 0.168541
vt 0.593202 0.351312
vt 0.608097 0.356611
vt 0.595407 0.359108
vt 0.609584 0.365196
vt 0.597271 0.366912
vt 0.610960 0.373954
vt 0.599327 0.374889
vt 0.587533 0.376549
vt 0.601340 0.384010
vt 0.590872 0.385137
vt 0.580095 0.387145
vt 0.591331 0.394314
vt 0.580349 0.395542
vt 0.591445 0.403067
vt 0.580256 0.403835
vt 0.568588 0.404537
vt 0.580283 0.412112
vt 0.568763 0.412512
vt 0.557073 0.412802
vt 0.545419 0.412978
vt 0.591529 0.411661
vt 0.602377 0.402328
vt 0.602552 0.411194
vt 0.613191 0.401649
vt 0.613414 0.410744
vt 0.623914 0.401029
vt 0.624144 0.410326
vt 0.634528 0.400467
vt 0.634749 0.409946
vt 0.644605 0.399972
vt 0.644776 0.409608
vt 0.654515 0.399544
vt 0.654628 0.409315
vt 0.663865 0.399187
vt 0.663864 0.409069
vt 0.654347 0.389736
vt 0.663867 0.389278
vt 0.644347 0.390288
vt 0.643993 0.380561
vt 0.634186 0.390929
vt 0.633702 0.381345
vt 0.633066 0.371764
vt 0.622958 0.382222
vt 0.622156 0.372846
vt 0.621194 0.363603
vt 0.612092 0.383128
vt 0.623535 0.391654
vt 0.612792 0.392446
vt 0.602044 0.393312
vt 0.531947 0.260714
vt 0.527497 0.254773
vt 0.536512 0.251333
vt 0.523197 0.247969
vt 0.532376 0.245114
vt 0.541544 0.242826
vt 0.528973 0.238131
vt 0.537942 0.236462
vt 0.526978 0.230498
vt 0.535898 0.229599
vt 0.517335 0.231358
vt 0.519460 0.240051
vt 0.482036 0.439736
vt 0.489537 0.442073
vt 0.485621 0.448739
vt 0.475452 0.441917
vt 0.481699 0.435012
vt 0.491241 0.435535
vt 0.472818 0.435862
vt 0.500340 0.698210
vt 0.498929 0.702760
vt 0.490628 0.701444
vt 0.495932 0.695107
vt 0.508069 0.696470
vt 0.509446 0.702562
vt 0.505485 0.690137
vt 0.549615 0.628808
vt 0.553510 0.625124
vt 0.559382 0.628820
vt 0.552298 0.632274
vt 0.543938 0.628498
vt 0.546071 0.622638
vt 0.544977 0.633947
vt 0.615463 0.613223
vt 0.630362 0.610514
vt 0.631245 0.622122
vt 0.619364 0.625630
vt 0.620282 0.599827
vt 0.630790 0.600073
vt 0.602133 0.608145
vt 0.607764 0.598222
vt 0.611637 0.542521
vt 0.628376 0.544063
vt 0.630047 0.554455
vt 0.617083 0.554970
vt 0.604473 0.556813
vt 0.596502 0.547982
vt 0.615631 0.531277
vt 0.629103 0.534025
vt 0.544921 0.685441
vt 0.550309 0.678004
vt 0.563812 0.680613
vt 0.561485 0.688286
vt 0.547638 0.695376
vt 0.533450 0.695150
vt 0.530680 0.687381
vt 0.560518 0.695024
vt 0.540569 0.495743
vt 0.533711 0.491992
vt 0.536628 0.486407
vt 0.545807 0.488616
vt 0.556613 0.490661
vt 0.554906 0.497283
vt 0.553339 0.503847
vt 0.541628 0.502266
vt 0.505603 0.474171
vt 0.498056 0.469090
vt 0.509532 0.467829
vt 0.510667 0.475304
vt 0.539662 0.642161
vt 0.527902 0.642637
vt 0.526701 0.634911
vt 0.536729 0.634837
vt 0.547889 0.639429
vt 0.551170 0.644365
vt 0.542994 0.646682
vt 0.519131 0.644087
vt 0.517089 0.635356
vt 0.509655 0.585738
vt 0.494602 0.570924
vt 0.504074 0.568921
vt 0.514618 0.579566
vt 0.526200 0.477728
vt 0.518698 0.476041
vt 0.520267 0.467499
vt 0.530338 0.468067
vt 0.542522 0.467430
vt 0.540353 0.474940
vt 0.538578 0.480876
vt 0.526502 0.481206
vt 0.525050 0.490944
vt 0.526602 0.485693
vt 0.495288 0.452522
vt 0.509669 0.452166
vt 0.509033 0.459524
vt 0.494739 0.460395
vt 0.499701 0.444084
vt 0.511016 0.444441
vt 0.497254 0.708481
vt 0.488033 0.708507
vt 0.509809 0.708447
vt 0.478912 0.708534
vt 0.481385 0.699150
vt 0.533649 0.676493
vt 0.526123 0.679439
vt 0.538098 0.672837
vt 0.541323 0.668603
vt 0.553807 0.672050
vt 0.543268 0.664029
vt 0.555182 0.665843
vt 0.544412 0.659407
vt 0.555574 0.659987
vt 0.544898 0.654961
vt 0.555165 0.654523
vt 0.544446 0.650788
vt 0.553683 0.649285
vt 0.563343 0.647169
vt 0.565622 0.653073
vt 0.560106 0.641792
vt 0.569654 0.638549
vt 0.573548 0.644408
vt 0.556077 0.636931
vt 0.564822 0.633366
vt 0.574024 0.628978
vt 0.579817 0.634594
vt 0.567207 0.624171
vt 0.559471 0.619996
vt 0.575222 0.618781
vt 0.583577 0.623674
vt 0.565942 0.614772
vt 0.550657 0.616952
vt 0.555958 0.611548
vt 0.572334 0.608911
vt 0.583266 0.612342
vt 0.561387 0.606087
vt 0.546060 0.608966
vt 0.550795 0.603585
vt 0.566277 0.600214
vt 0.578029 0.602223
vt 0.555221 0.598251
vt 0.540913 0.600789
vt 0.545091 0.595917
vt 0.558748 0.592722
vt 0.569977 0.593813
vt 0.548487 0.591291
vt 0.536366 0.592143
vt 0.539744 0.588420
vt 0.550625 0.586593
vt 0.560939 0.586916
vt 0.541792 0.585249
vt 0.542287 0.582316
vt 0.551240 0.581918
vt 0.541621 0.579417
vt 0.550247 0.577347
vt 0.540202 0.576670
vt 0.547849 0.573155
vt 0.537820 0.574340
vt 0.543987 0.569427
vt 0.534454 0.572656
vt 0.538668 0.566464
vt 0.530000 0.571874
vt 0.531936 0.564479
vt 0.525002 0.572500
vt 0.524732 0.564744
vt 0.519562 0.575015
vt 0.515959 0.565933
vt 0.517000 0.555437
vt 0.527449 0.556587
vt 0.503924 0.554007
vt 0.510826 0.541679
vt 0.522745 0.545867
vt 0.492571 0.552518
vt 0.500875 0.536827
vt 0.513153 0.526744
vt 0.521169 0.533258
vt 0.524619 0.521552
vt 0.531444 0.527119
vt 0.532156 0.516582
vt 0.539617 0.521584
vt 0.537488 0.511805
vt 0.545961 0.516081
vt 0.540742 0.507449
vt 0.550568 0.510148
vt 0.561098 0.513426
vt 0.555825 0.519792
vt 0.564878 0.506730
vt 0.577111 0.510151
vt 0.572862 0.517094
vt 0.567327 0.499865
vt 0.580076 0.502971
vt 0.569024 0.493018
vt 0.582197 0.495769
vt 0.571728 0.486032
vt 0.584192 0.488645
vt 0.560812 0.483369
vt 0.565457 0.475490
vt 0.576196 0.478330
vt 0.550573 0.481204
vt 0.553756 0.474119
vt 0.555241 0.467223
vt 0.568128 0.468046
vt 0.556025 0.460082
vt 0.568466 0.460783
vt 0.543865 0.459858
vt 0.544781 0.452329
vt 0.556637 0.452571
vt 0.532206 0.459833
vt 0.533195 0.452221
vt 0.521035 0.459709
vt 0.521733 0.452154
vt 0.522505 0.444473
vt 0.533913 0.444509
vt 0.523090 0.436657
vt 0.534372 0.436683
vt 0.512002 0.436596
vt 0.501325 0.436333
vt 0.545798 0.436732
vt 0.557335 0.436823
vt 0.568888 0.436960
vt 0.580332 0.437141
vt 0.591584 0.437352
vt 0.602639 0.437574
vt 0.613525 0.437793
vt 0.624262 0.437999
vt 0.634867 0.438186
vt 0.644870 0.438353
vt 0.654692 0.438497
vt 0.663864 0.438617
vt 0.663882 0.488138
vt 0.653840 0.487523
vt 0.654127 0.477657
vt 0.663876 0.478196
vt 0.663888 0.498080
vt 0.653498 0.497406
vt 0.663896 0.508003
vt 0.653107 0.507304
vt 0.643021 0.496509
vt 0.643551 0.486742
vt 0.642428 0.506317
vt 0.652685 0.517200
vt 0.641817 0.516197
vt 0.631526 0.504965
vt 0.632333 0.495363
vt 0.630742 0.514689
vt 0.641211 0.526116
vt 0.630141 0.524623
vt 0.619067 0.512478
vt 0.620153 0.503165
vt 0.618026 0.522013
vt 0.604129 0.518070
vt 0.606388 0.509536
vt 0.600511 0.526269
vt 0.594756 0.534365
vt 0.585911 0.521316
vt 0.590239 0.513954
vt 0.579931 0.528436
vt 0.584237 0.540560
vt 0.571468 0.534713
vt 0.567098 0.523670
vt 0.559576 0.529948
vt 0.561827 0.540476
vt 0.550885 0.535927
vt 0.548898 0.525731
vt 0.540578 0.531671
vt 0.541750 0.542064
vt 0.531345 0.538109
vt 0.552218 0.546128
vt 0.543543 0.552039
vt 0.533442 0.548869
vt 0.562142 0.550903
vt 0.552679 0.555978
vt 0.572892 0.545882
vt 0.582904 0.552446
vt 0.570884 0.556610
vt 0.590473 0.559905
vt 0.577833 0.562975
vt 0.594765 0.568691
vt 0.582153 0.570650
vt 0.607581 0.567069
vt 0.608968 0.577431
vt 0.596661 0.577909
vt 0.619677 0.566105
vt 0.620426 0.577273
vt 0.630600 0.565874
vt 0.631053 0.577297
vt 0.641235 0.566116
vt 0.641534 0.577375
vt 0.640733 0.555123
vt 0.651871 0.555978
vt 0.652112 0.566548
vt 0.640317 0.545077
vt 0.651734 0.546075
vt 0.640613 0.535835
vt 0.651882 0.536628
vt 0.652253 0.527021
vt 0.663914 0.527646
vt 0.663925 0.537262
vt 0.663905 0.517878
vt 0.664257 0.708071
vt 0.655334 0.708091
vt 0.655312 0.698822
vt 0.664234 0.698549
vt 0.645460 0.708112
vt 0.645455 0.699151
vt 0.635106 0.708135
vt 0.635128 0.699535
vt 0.623827 0.708160
vt 0.623874 0.699962
vt 0.612044 0.708187
vt 0.612108 0.700398
vt 0.599714 0.708216
vt 0.599808 0.700811
vt 0.586877 0.708246
vt 0.586983 0.701164
vt 0.573754 0.708278
vt 0.573813 0.701415
vt 0.560805 0.708310
vt 0.560685 0.701560
vt 0.548329 0.708342
vt 0.548160 0.701719
vt 0.535448 0.708376
vt 0.535105 0.701915
vt 0.522283 0.708412
vt 0.521803 0.702050
vt 0.520234 0.695463
vt 0.517766 0.688399
vt 0.515556 0.680851
vt 0.502144 0.683579
vt 0.489291 0.690384
vt 0.574173 0.694574
vt 0.587377 0.694036
vt 0.575077 0.687579
vt 0.588076 0.686753
vt 0.576469 0.680239
vt 0.588954 0.679195
vt 0.577629 0.672691
vt 0.589574 0.671423
vt 0.565743 0.673137
vt 0.566707 0.666035
vt 0.578095 0.665192
vt 0.566672 0.659334
vt 0.577755 0.657890
vt 0.576295 0.650910
vt 0.587222 0.648132
vt 0.588974 0.655750
vt 0.584226 0.641024
vt 0.595408 0.636759
vt 0.598559 0.644648
vt 0.590468 0.629666
vt 0.602029 0.622669
vt 0.607047 0.631364
vt 0.593106 0.616679
vt 0.590226 0.604793
vt 0.594799 0.596258
vt 0.582155 0.594834
vt 0.584181 0.586920
vt 0.596745 0.587170
vt 0.572104 0.586929
vt 0.572349 0.579855
vt 0.584152 0.578754
vt 0.561261 0.580872
vt 0.559840 0.575040
vt 0.570466 0.572797
vt 0.556595 0.569599
vt 0.566551 0.566220
vt 0.551547 0.564704
vt 0.560414 0.560750
vt 0.544836 0.561216
vt 0.536711 0.558348
vt 0.609099 0.587806
vt 0.620577 0.588429
vt 0.631132 0.588715
vt 0.641541 0.588642
vt 0.641224 0.599619
vt 0.652292 0.588389
vt 0.652206 0.599000
vt 0.652274 0.577460
vt 0.663978 0.577526
vt 0.663995 0.588106
vt 0.663963 0.566972
vt 0.663949 0.556692
vt 0.663936 0.546840
vt 0.664014 0.598455
vt 0.664033 0.608468
vt 0.652235 0.609022
vt 0.664053 0.618405
vt 0.652673 0.618967
vt 0.640928 0.609605
vt 0.641950 0.619751
vt 0.653337 0.629367
vt 0.643029 0.630643
vt 0.632767 0.632843
vt 0.643905 0.641341
vt 0.633785 0.643484
vt 0.621710 0.636319
vt 0.622983 0.646379
vt 0.634529 0.653633
vt 0.623787 0.656076
vt 0.611737 0.649763
vt 0.610100 0.640583
vt 0.612636 0.658784
vt 0.624194 0.665425
vt 0.612981 0.667611
vt 0.601220 0.661363
vt 0.600325 0.652977
vt 0.601408 0.669672
vt 0.612937 0.676193
vt 0.601130 0.677802
vt 0.589663 0.663574
vt 0.624287 0.674459
vt 0.624196 0.683192
vt 0.612656 0.684486
vt 0.600612 0.685696
vt 0.612330 0.692527
vt 0.600116 0.693340
vt 0.624016 0.691669
vt 0.635192 0.690843
vt 0.635244 0.681962
vt 0.645402 0.680890
vt 0.645448 0.690106
vt 0.635204 0.672830
vt 0.645274 0.671445
vt 0.634995 0.663403
vt 0.645009 0.661726
vt 0.644562 0.651701
vt 0.654444 0.650256
vt 0.654799 0.660404
vt 0.653954 0.639882
vt 0.664096 0.638892
vt 0.664119 0.649204
vt 0.664074 0.628567
vt 0.664142 0.659394
vt 0.664165 0.669419
vt 0.655039 0.670313
vt 0.664188 0.679270
vt 0.655186 0.679993
vt 0.664212 0.688968
vt 0.655270 0.689480
vt 0.593216 0.506265
vt 0.595420 0.498468
vt 0.608111 0.500960
vt 0.597282 0.490663
vt 0.609596 0.492376
vt 0.599337 0.482686
vt 0.610971 0.483617
vt 0.587542 0.481029
vt 0.590880 0.472440
vt 0.601348 0.473564
vt 0.580101 0.470434
vt 0.580354 0.462037
vt 0.591337 0.463263
vt 0.580260 0.453744
vt 0.591450 0.454511
vt 0.568591 0.453042
vt 0.568765 0.445067
vt 0.580285 0.445466
vt 0.557075 0.444778
vt 0.545421 0.444601
vt 0.591532 0.445916
vt 0.602555 0.446380
vt 0.602382 0.455246
vt 0.613418 0.446827
vt 0.613196 0.455921
vt 0.624147 0.447240
vt 0.623919 0.456537
vt 0.634753 0.447616
vt 0.634534 0.457095
vt 0.644779 0.447949
vt 0.644610 0.457584
vt 0.654631 0.448236
vt 0.654519 0.458007
vt 0.663865 0.448476
vt 0.663868 0.458358
vt 0.663872 0.468266
vt 0.654353 0.467815
vt 0.644354 0.467269
vt 0.644002 0.476994
vt 0.633711 0.476216
vt 0.634193 0.466633
vt 0.633077 0.485797
vt 0.622168 0.484720
vt 0.622967 0.475344
vt 0.621207 0.493964
vt 0.612101 0.474442
vt 0.612799 0.465125
vt 0.623542 0.465912
vt 0.602051 0.464262
vt 0.531997 0.596895
vt 0.536567 0.606276
vt 0.527551 0.602839
vt 0.532434 0.612498
vt 0.523254 0.609646
vt 0.541602 0.614782
vt 0.538004 0.621149
vt 0.529034 0.619483
vt 0.535964 0.628014
vt 0.527043 0.627117
vt 0.517401 0.626260
vt 0.519521 0.617567
vt 0.477244 0.598072
vt 0.483103 0.598072
vt 0.483103 0.610227
vt 0.477244 0.610227
vt 0.477244 0.591653
vt 0.483103 0.591653
vt 0.483103 0.620550
vt 0.477244 0.620550
vt 0.477244 0.584591
vt 0.483103 0.584591
vt 0.477244 0.558954
vt 0.483103 0.558954
vt 0.483103 0.571109
vt 0.477244 0.571109
vt 0.483103 0.577528
vt 0.477244 0.577528
vt 0.477244 0.548631
vt 0.483103 0.548631
vt 0.459351 0.287070
vt 0.465213 0.287070
vt 0.465213 0.294811
vt 0.459351 0.294811
vt 0.465213 0.301136
vt 0.459351 0.301136
vt 0.459351 0.390937
vt 0.465213 0.390937
vt 0.465213 0.411860
vt 0.459351 0.411860
vt 0.459351 0.278357
vt 0.465213 0.278357
vt 0.459351 0.355618
vt 0.465213 0.355618
vt 0.465213 0.372954
vt 0.459351 0.372954
vt 0.459351 0.339938
vt 0.465213 0.339938
vt 0.459351 0.327445
vt 0.465213 0.327445
vt 0.459351 0.318521
vt 0.465213 0.318521
vt 0.459351 0.311481
vt 0.465213 0.311481
vt 0.459351 0.306191
vt 0.465213 0.306191
vt 0.477244 0.646212
vt 0.483103 0.646212
vt 0.483103 0.651402
vt 0.477244 0.651402
vt 0.477244 0.637187
vt 0.483103 0.637187
vt 0.477244 0.659465
vt 0.483103 0.659465
vt 0.483103 0.667142
vt 0.477244 0.667142
vt 0.483103 0.670407
vt 0.477244 0.670407
vt 0.477244 0.674722
vt 0.483103 0.674722
vt 0.483103 0.680114
vt 0.477244 0.680114
vt 0.483103 0.628120
vt 0.477244 0.628120
vt 0.880669 0.634741
vt 0.886528 0.634741
vt 0.886528 0.646509
vt 0.880669 0.646509
vt 0.886528 0.651975
vt 0.880669 0.651975
vt 0.880669 0.625857
vt 0.886528 0.625857
vt 0.880669 0.743210
vt 0.886528 0.743210
vt 0.886528 0.752644
vt 0.880669 0.752644
vt 0.880669 0.684764
vt 0.886528 0.684764
vt 0.886528 0.692821
vt 0.880669 0.692821
vt 0.880669 0.679094
vt 0.886528 0.679094
vt 0.880669 0.673923
vt 0.886528 0.673923
vt 0.880669 0.669118
vt 0.886528 0.669118
vt 0.880669 0.664529
vt 0.886528 0.664529
vt 0.880669 0.660223
vt 0.886528 0.660223
vt 0.880669 0.656185
vt 0.886528 0.656185
vt 0.886528 0.703471
vt 0.880669 0.703471
vt 0.886528 0.717136
vt 0.880669 0.717136
vt 0.886528 0.731591
vt 0.880669 0.731591
vt 0.880669 0.858779
vt 0.886528 0.858779
vt 0.886528 0.870547
vt 0.880669 0.870547
vt 0.880669 0.853312
vt 0.886528 0.853312
vt 0.886528 0.879431
vt 0.880669 0.879431
vt 0.886528 0.762078
vt 0.880669 0.762078
vt 0.880669 0.812467
vt 0.886528 0.812467
vt 0.886528 0.820523
vt 0.880669 0.820523
vt 0.886528 0.826194
vt 0.880669 0.826194
vt 0.886528 0.831365
vt 0.880669 0.831365
vt 0.886528 0.836169
vt 0.880669 0.836169
vt 0.886528 0.840759
vt 0.880669 0.840759
vt 0.886528 0.845064
vt 0.880669 0.845064
vt 0.886528 0.849103
vt 0.880669 0.849103
vt 0.880669 0.801817
vt 0.886528 0.801817
vt 0.880669 0.788152
vt 0.886528 0.788152
vt 0.880669 0.773696
vt 0.886528 0.773696
vt 0.880669 0.617028
vt 0.886528 0.617028
vt 0.880669 0.515288
vt 0.886528 0.515288
vt 0.886528 0.523136
vt 0.880669 0.523136
vt 0.880669 0.564590
vt 0.886528 0.564590
vt 0.886528 0.569513
vt 0.880669 0.569513
vt 0.880669 0.560930
vt 0.886528 0.560930
vt 0.880669 0.558089
vt 0.886528 0.558089
vt 0.880669 0.555242
vt 0.886528 0.555242
vt 0.880669 0.552258
vt 0.886528 0.552258
vt 0.880669 0.549000
vt 0.886528 0.549000
vt 0.880669 0.545272
vt 0.886528 0.545272
vt 0.880669 0.540755
vt 0.886528 0.540755
vt 0.880669 0.535722
vt 0.886528 0.535722
vt 0.880669 0.529760
vt 0.886528 0.529760
vt 0.886528 0.575850
vt 0.880669 0.575850
vt 0.886528 0.583122
vt 0.880669 0.583122
vt 0.886528 0.590987
vt 0.880669 0.590987
vt 0.880669 0.608206
vt 0.886528 0.608206
vt 0.880669 0.599520
vt 0.886528 0.599520
vt 0.872718 0.729524
vt 0.866856 0.729524
vt 0.866856 0.720003
vt 0.872718 0.720003
vt 0.872718 0.777410
vt 0.866856 0.777410
vt 0.866856 0.767797
vt 0.872718 0.767797
vt 0.872718 0.787023
vt 0.866856 0.787023
vt 0.872718 0.796617
vt 0.866856 0.796617
vt 0.872718 0.824905
vt 0.866856 0.824905
vt 0.866856 0.815608
vt 0.872718 0.815608
vt 0.866856 0.806164
vt 0.872718 0.806164
vt 0.872718 0.990000
vt 0.866856 0.990000
vt 0.866856 0.980795
vt 0.872718 0.980795
vt 0.872718 0.874042
vt 0.866856 0.874042
vt 0.866856 0.863819
vt 0.872718 0.863819
vt 0.866856 0.853622
vt 0.872718 0.853622
vt 0.866856 0.843686
vt 0.872718 0.843686
vt 0.866856 0.834163
vt 0.872718 0.834163
vt 0.872718 0.884044
vt 0.866856 0.884044
vt 0.872718 0.893721
vt 0.866856 0.893721
vt 0.872718 0.903323
vt 0.866856 0.903323
vt 0.872718 0.933091
vt 0.866856 0.933091
vt 0.866856 0.923124
vt 0.872718 0.923124
vt 0.866856 0.913144
vt 0.872718 0.913144
vt 0.872718 0.942942
vt 0.866856 0.942942
vt 0.872718 0.952634
vt 0.866856 0.952634
vt 0.872718 0.962157
vt 0.866856 0.962157
vt 0.872718 0.971533
vt 0.866856 0.971533
vt 0.872718 0.748614
vt 0.866856 0.748614
vt 0.866856 0.739058
vt 0.872718 0.739058
vt 0.872718 0.758195
vt 0.866856 0.758195
vt 0.866856 0.710482
vt 0.872718 0.710482
vt 0.872718 0.672210
vt 0.866856 0.672210
vt 0.866856 0.662596
vt 0.872718 0.662596
vt 0.866856 0.652984
vt 0.872718 0.652984
vt 0.866856 0.643389
vt 0.872718 0.643389
vt 0.872718 0.624399
vt 0.866856 0.624399
vt 0.866856 0.615102
vt 0.872718 0.615102
vt 0.872718 0.633842
vt 0.866856 0.633842
vt 0.872718 0.459211
vt 0.866856 0.459211
vt 0.866856 0.450007
vt 0.872718 0.450007
vt 0.872718 0.576188
vt 0.866856 0.576188
vt 0.866856 0.565965
vt 0.872718 0.565965
vt 0.872718 0.586385
vt 0.866856 0.586385
vt 0.872718 0.596321
vt 0.866856 0.596321
vt 0.872718 0.605843
vt 0.866856 0.605843
vt 0.866856 0.555963
vt 0.872718 0.555963
vt 0.866856 0.546286
vt 0.872718 0.546286
vt 0.866856 0.536684
vt 0.872718 0.536684
vt 0.872718 0.516883
vt 0.866856 0.516883
vt 0.866856 0.506916
vt 0.872718 0.506916
vt 0.872718 0.526862
vt 0.866856 0.526862
vt 0.866856 0.497065
vt 0.872718 0.497065
vt 0.866856 0.487373
vt 0.872718 0.487373
vt 0.866856 0.477849
vt 0.872718 0.477849
vt 0.866856 0.468473
vt 0.872718 0.468473
vt 0.872718 0.700948
vt 0.866856 0.700948
vt 0.866856 0.691392
vt 0.872718 0.691392
vt 0.866856 0.681811
vt 0.872718 0.681811
vt 0.445335 0.440085
vt 0.451742 0.440085
vt 0.451742 0.448546
vt 0.445335 0.448546
vt 0.445335 0.433171
vt 0.451742 0.433171
vt 0.445335 0.312150
vt 0.451742 0.312150
vt 0.451742 0.335019
vt 0.445335 0.335019
vt 0.451742 0.458068
vt 0.445335 0.458068
vt 0.445335 0.354674
vt 0.451742 0.354674
vt 0.451742 0.373623
vt 0.445335 0.373623
vt 0.451742 0.390760
vt 0.445335 0.390760
vt 0.451742 0.404416
vt 0.445335 0.404416
vt 0.451742 0.414170
vt 0.445335 0.414170
vt 0.451742 0.421864
vt 0.445335 0.421864
vt 0.451742 0.427646
vt 0.445335 0.427646
vt 0.477244 0.522969
vt 0.483103 0.522969
vt 0.483103 0.531994
vt 0.477244 0.531994
vt 0.477244 0.517779
vt 0.483103 0.517779
vt 0.477244 0.502039
vt 0.483103 0.502039
vt 0.483103 0.509716
vt 0.477244 0.509716
vt 0.477244 0.498774
vt 0.483103 0.498774
vt 0.477244 0.489067
vt 0.483103 0.489067
vt 0.483103 0.494459
vt 0.477244 0.494459
vt 0.477244 0.541061
vt 0.483103 0.541061
vt 0.886528 0.888260
vt 0.880669 0.888260
vt 0.880669 0.982152
vt 0.886528 0.982152
vt 0.886528 0.990000
vt 0.880669 0.990000
vt 0.880669 0.935775
vt 0.886528 0.935775
vt 0.886528 0.940698
vt 0.880669 0.940698
vt 0.886528 0.944358
vt 0.880669 0.944358
vt 0.886528 0.947199
vt 0.880669 0.947199
vt 0.886528 0.950046
vt 0.880669 0.950046
vt 0.886528 0.953029
vt 0.880669 0.953029
vt 0.886528 0.956288
vt 0.880669 0.956288
vt 0.886528 0.960015
vt 0.880669 0.960015
vt 0.886528 0.964533
vt 0.880669 0.964533
vt 0.886528 0.969566
vt 0.880669 0.969566
vt 0.886528 0.975528
vt 0.880669 0.975528
vt 0.880669 0.929438
vt 0.886528 0.929438
vt 0.880669 0.922166
vt 0.886528 0.922166
vt 0.880669 0.914301
vt 0.886528 0.914301
vt 0.886528 0.897082
vt 0.880669 0.897082
vt 0.886528 0.905768
vt 0.880669 0.905768
vn 0.991688 0.000286 0.128665
vn 0.988433 0.002063 0.151647
vn 0.981909 0.001499 0.189350
vn 0.990148 -0.001092 0.140020
vn 0.991688 0.000286 0.128665
vn 0.997422 0.000048 0.071757
vn 0.997098 0.001944 0.076110
vn 0.988433 0.002063 0.151647
vn 0.991688 0.000286 0.128665
vn 0.990148 -0.001092 0.140020
vn 0.997380 -0.001905 0.072311
vn 0.997422 0.000048 0.071757
vn -0.992762 0.000368 0.120098
vn -0.997704 -0.000776 0.067718
vn -0.996520 -0.003675 0.083278
vn -0.987911 -0.001172 0.155019
vn -0.992762 0.000368 0.120098
vn -0.990935 0.001467 0.134333
vn -0.997764 0.000996 0.066835
vn -0.997704 -0.000776 0.067718
vn -0.992762 0.000368 0.120098
vn -0.987911 -0.001172 0.155019
vn -0.979528 0.001090 0.201307
vn -0.990935 0.001467 0.134333
vn -0.624317 -0.002235 0.781168
vn -0.592677 -0.000964 0.805440
vn -0.625584 0.000059 0.780157
vn -0.655077 -0.001065 0.755561
vn -0.624317 -0.002235 0.781168
vn -0.622183 -0.002980 0.782866
vn -0.571099 -0.001783 0.820879
vn -0.592677 -0.000964 0.805440
vn -0.624317 -0.002235 0.781168
vn -0.655077 -0.001065 0.755561
vn -0.671082 -0.002706 0.741378
vn -0.622183 -0.002980 0.782866
vn -0.483974 0.000390 0.875082
vn -0.461144 -0.003726 0.887317
vn -0.568802 -0.001400 0.822474
vn -0.600052 0.000898 0.799961
vn -0.483974 0.000390 0.875082
vn -0.344940 0.000425 0.938625
vn -0.345639 -0.002544 0.938364
vn -0.461144 -0.003726 0.887317
vn -0.483974 0.000390 0.875082
vn -0.433699 0.002974 0.901053
vn -0.329890 0.003674 0.944012
vn -0.344940 0.000425 0.938625
vn 0.288384 0.000398 0.957515
vn 0.270552 -0.002337 0.962703
vn 0.152194 -0.001450 0.988350
vn 0.149585 0.001038 0.988748
vn 0.288384 0.000398 0.957515
vn 0.149585 0.001038 0.988748
vn 0.128819 0.002968 0.991664
vn 0.229560 0.002087 0.973292
vn 0.288384 0.000398 0.957515
vn 0.407072 0.000332 0.913396
vn 0.378338 -0.000798 0.925667
vn 0.270552 -0.002337 0.962703
vn -0.966311 -0.000198 0.257376
vn -0.942176 0.000215 0.335120
vn -0.950031 0.000402 0.312156
vn -0.972594 -0.001243 0.232505
vn -0.966311 -0.000198 0.257376
vn -0.988186 -0.000411 0.153258
vn -0.988460 0.001088 0.151477
vn -0.971342 0.001901 0.237679
vn -0.966311 -0.000198 0.257376
vn -0.972594 -0.001243 0.232505
vn -0.988370 -0.000965 0.152064
vn -0.988186 -0.000411 0.153258
vn 0.738776 0.000638 0.673951
vn 0.773393 0.001526 0.633925
vn 0.793864 0.001829 0.608092
vn 0.782426 0.001109 0.622742
vn 0.738776 0.000638 0.673951
vn 0.782426 0.001109 0.622742
vn 0.768311 -0.000243 0.640077
vn 0.716449 0.000056 0.697640
vn 0.738776 0.000638 0.673951
vn 0.716449 0.000056 0.697640
vn 0.662868 0.000653 0.748736
vn 0.672823 0.000856 0.739803
vn 0.888133 0.005104 0.459559
vn 0.905595 0.002205 0.424138
vn 0.905859 0.001508 0.423577
vn 0.887098 0.003874 0.461565
vn -0.718236 -0.001180 0.695799
vn -0.710947 -0.001649 0.703244
vn -0.678837 -0.002153 0.734286
vn -0.677083 -0.002304 0.735903
vn -0.718236 -0.001180 0.695799
vn -0.677083 -0.002304 0.735903
vn -0.671082 -0.002706 0.741378
vn -0.714256 -0.000962 0.699884
vn -0.718236 -0.001180 0.695799
vn -0.714256 -0.000962 0.699884
vn -0.751730 0.000534 0.659471
vn -0.760077 0.000825 0.649833
vn -0.713442 -0.002511 0.700709
vn -0.679414 -0.002866 0.733749
vn -0.678837 -0.002153 0.734286
vn -0.710947 -0.001649 0.703244
vn -0.102699 -0.012271 0.994637
vn -0.012491 -0.014037 0.999823
vn 0.003271 -0.011261 0.999931
vn -0.074654 -0.008260 0.997175
vn 0.871714 0.000536 0.490014
vn 0.883973 0.002923 0.467529
vn 0.904970 0.001441 0.425473
vn 0.904362 -0.000283 0.426766
vn 0.871714 0.000536 0.490014
vn 0.904362 -0.000283 0.426766
vn 0.906456 -0.001741 0.422296
vn 0.869150 -0.000231 0.494548
vn 0.871714 0.000536 0.490014
vn 0.869150 -0.000231 0.494548
vn 0.832113 0.002088 0.554603
vn 0.832379 0.001886 0.554203
vn 0.781289 0.000644 0.624169
vn 0.799247 0.000988 0.601002
vn 0.793864 0.001829 0.608092
vn 0.773393 0.001526 0.633925
vn 0.970197 0.000379 0.242318
vn 0.965664 -0.000407 0.259794
vn 0.939143 -0.000480 0.343526
vn 0.938233 -0.000619 0.346005
vn 0.970197 0.000379 0.242318
vn 0.985656 0.001019 0.168762
vn 0.984684 -0.000325 0.174350
vn 0.965664 -0.000407 0.259794
vn 0.970197 0.000379 0.242318
vn 0.981909 0.001499 0.189350
vn 0.988433 0.002063 0.151647
vn 0.985656 0.001019 0.168762
vn 0.999999 -0.001653 -0.000007
vn 1.000000 -0.000349 -0.000008
vn 0.997422 0.000048 0.071757
vn 0.997380 -0.001905 0.072311
vn -0.999999 -0.001223 0.000000
vn -0.999992 -0.004079 0.000000
vn -0.996520 -0.003675 0.083278
vn -0.997704 -0.000776 0.067718
vn -0.999999 -0.001223 0.000000
vn -0.997704 -0.000776 0.067718
vn -0.997764 0.000996 0.066835
vn -1.000000 0.000444 0.000000
vn -0.999985 -0.005477 0.000000
vn -0.995455 -0.004477 0.095131
vn -0.996520 -0.003675 0.083278
vn -0.999992 -0.004079 0.000000
vn -0.951572 0.000119 0.307425
vn -0.966311 -0.000198 0.257376
vn -0.971342 0.001901 0.237679
vn -0.959412 0.001461 0.282005
vn -0.951572 0.000119 0.307425
vn -0.935397 -0.000577 0.353598
vn -0.942176 0.000215 0.335120
vn -0.966311 -0.000198 0.257376
vn -0.935397 -0.000577 0.353598
vn -0.911021 0.001062 0.412358
vn -0.916170 0.001347 0.400787
vn -0.942176 0.000215 0.335120
vn -0.911021 0.001062 0.412358
vn -0.884320 0.001490 0.466878
vn -0.886887 0.001415 0.461984
vn -0.916170 0.001347 0.400787
vn -0.884320 0.001490 0.466878
vn -0.854942 0.001400 0.518722
vn -0.854850 0.001327 0.518874
vn -0.886887 0.001415 0.461984
vn -0.854942 0.001400 0.518722
vn -0.824241 0.001357 0.566238
vn -0.821253 0.001205 0.570563
vn -0.854850 0.001327 0.518874
vn -0.824241 0.001357 0.566238
vn -0.792696 0.001187 0.609616
vn -0.786753 0.000957 0.617267
vn -0.821253 0.001205 0.570563
vn -0.792696 0.001187 0.609616
vn -0.760077 0.000825 0.649833
vn -0.751730 0.000534 0.659471
vn -0.786753 0.000957 0.617267
vn -0.786753 0.000957 0.617267
vn -0.772291 0.000704 0.635269
vn -0.812498 0.001022 0.582964
vn -0.821253 0.001205 0.570563
vn -0.786753 0.000957 0.617267
vn -0.751730 0.000534 0.659471
vn -0.732452 0.000326 0.680819
vn -0.772291 0.000704 0.635269
vn -0.732452 0.000326 0.680819
vn -0.707434 0.000420 0.706780
vn -0.752547 0.000691 0.658538
vn -0.772291 0.000704 0.635269
vn -0.732452 0.000326 0.680819
vn -0.693390 -0.000192 0.720562
vn -0.664880 0.000176 0.746950
vn -0.707434 0.000420 0.706780
vn -0.732452 0.000326 0.680819
vn -0.751730 0.000534 0.659471
vn -0.714256 -0.000962 0.699884
vn -0.693390 -0.000192 0.720562
vn -0.693390 -0.000192 0.720562
vn -0.655077 -0.001065 0.755561
vn -0.625584 0.000059 0.780157
vn -0.664880 0.000176 0.746950
vn -0.693390 -0.000192 0.720562
vn -0.714256 -0.000962 0.699884
vn -0.671082 -0.002706 0.741378
vn -0.655077 -0.001065 0.755561
vn -0.664880 0.000176 0.746950
vn -0.627636 0.000174 0.778507
vn -0.675213 0.000432 0.737622
vn -0.707434 0.000420 0.706780
vn -0.664880 0.000176 0.746950
vn -0.625584 0.000059 0.780157
vn -0.584943 0.000062 0.811074
vn -0.627636 0.000174 0.778507
vn -0.584943 0.000062 0.811074
vn -0.625584 0.000059 0.780157
vn -0.592677 -0.000964 0.805440
vn -0.548103 -0.000137 0.836411
vn -0.584943 0.000062 0.811074
vn -0.535436 0.000316 0.844576
vn -0.579960 0.000257 0.814645
vn -0.627636 0.000174 0.778507
vn -0.584943 0.000062 0.811074
vn -0.548103 -0.000137 0.836411
vn -0.497440 0.000235 0.867498
vn -0.535436 0.000316 0.844576
vn -0.497440 0.000235 0.867498
vn -0.548103 -0.000137 0.836411
vn -0.519077 -0.000531 0.854727
vn -0.465814 -0.000023 0.884883
vn -0.497440 0.000235 0.867498
vn -0.439237 0.000727 0.898371
vn -0.473935 0.000843 0.880560
vn -0.535436 0.000316 0.844576
vn -0.497440 0.000235 0.867498
vn -0.465814 -0.000023 0.884883
vn -0.410101 0.000493 0.912040
vn -0.439237 0.000727 0.898371
vn -0.410101 0.000493 0.912040
vn -0.465814 -0.000023 0.884883
vn -0.438724 -0.000267 0.898622
vn -0.383346 0.000215 0.923605
vn -0.410101 0.000493 0.912040
vn -0.348591 0.001026 0.937274
vn -0.370855 0.001318 0.928690
vn -0.439237 0.000727 0.898371
vn -0.410101 0.000493 0.912040
vn -0.383346 0.000215 0.923605
vn -0.327318 0.000752 0.944914
vn -0.348591 0.001026 0.937274
vn -0.327318 0.000752 0.944914
vn -0.383346 0.000215 0.923605
vn -0.352516 0.000059 0.935806
vn -0.300503 0.000497 0.953781
vn -0.327318 0.000752 0.944914
vn -0.267853 0.001312 0.963459
vn -0.279921 0.001503 0.960022
vn -0.348591 0.001026 0.937274
vn -0.327318 0.000752 0.944914
vn -0.300503 0.000497 0.953781
vn -0.250526 0.001040 0.968109
vn -0.267853 0.001312 0.963459
vn -0.250526 0.001040 0.968109
vn -0.300503 0.000497 0.953781
vn -0.284525 0.000342 0.958669
vn -0.239644 0.000870 0.970860
vn -0.250526 0.001040 0.968109
vn -0.199580 0.001708 0.979880
vn -0.204127 0.001726 0.978943
vn -0.267853 0.001312 0.963459
vn -0.250526 0.001040 0.968109
vn -0.239644 0.000870 0.970860
vn -0.195794 0.001659 0.980644
vn -0.199580 0.001708 0.979880
vn -0.195794 0.001659 0.980644
vn -0.151411 0.001911 0.988469
vn -0.147442 0.001876 0.989069
vn -0.199580 0.001708 0.979880
vn -0.151411 0.001911 0.988469
vn -0.108344 0.001237 0.994113
vn -0.096512 0.001283 0.995331
vn -0.147442 0.001876 0.989069
vn -0.108344 0.001237 0.994113
vn -0.068817 0.000016 0.997629
vn -0.049413 0.000297 0.998778
vn -0.096512 0.001283 0.995331
vn -0.068817 0.000016 0.997629
vn -0.035254 -0.001425 0.999377
vn -0.009452 -0.000768 0.999955
vn -0.049413 0.000297 0.998778
vn -0.035254 -0.001425 0.999377
vn -0.010578 -0.002762 0.999940
vn 0.021241 -0.001759 0.999773
vn -0.009452 -0.000768 0.999955
vn -0.010578 -0.002762 0.999940
vn 0.000868 -0.002377 0.999997
vn 0.039856 -0.002643 0.999202
vn 0.021241 -0.001759 0.999773
vn 0.000868 -0.002377 0.999997
vn -0.004863 -0.002971 0.999984
vn 0.042299 -0.004259 0.999096
vn 0.039856 -0.002643 0.999202
vn -0.004863 -0.002971 0.999984
vn -0.029394 -0.004387 0.999558
vn 0.029105 -0.006982 0.999552
vn 0.042299 -0.004259 0.999096
vn -0.029394 -0.004387 0.999558
vn -0.074654 -0.008260 0.997175
vn 0.003271 -0.011261 0.999931
vn 0.029105 -0.006982 0.999552
vn 0.029105 -0.006982 0.999552
vn 0.147450 -0.007133 0.989044
vn 0.134725 -0.004186 0.990874
vn 0.042299 -0.004259 0.999096
vn 0.029105 -0.006982 0.999552
vn 0.003271 -0.011261 0.999931
vn 0.160636 -0.011096 0.986951
vn 0.147450 -0.007133 0.989044
vn 0.160636 -0.011096 0.986951
vn 0.294865 -0.004539 0.955528
vn 0.253502 -0.002830 0.967331
vn 0.147450 -0.007133 0.989044
vn 0.160636 -0.011096 0.986951
vn 0.168099 -0.012940 0.985685
vn 0.318300 -0.005774 0.947972
vn 0.294865 -0.004539 0.955528
vn 0.160636 -0.011096 0.986951
vn 0.003271 -0.011261 0.999931
vn -0.012491 -0.014037 0.999823
vn 0.168099 -0.012940 0.985685
vn 0.318300 -0.005774 0.947972
vn 0.413101 -0.000629 0.910685
vn 0.385405 -0.000515 0.922747
vn 0.294865 -0.004539 0.955528
vn 0.413101 -0.000629 0.910685
vn 0.474892 0.000240 0.880044
vn 0.449692 0.000162 0.893184
vn 0.385405 -0.000515 0.922747
vn 0.474892 0.000240 0.880044
vn 0.526829 0.000357 0.849971
vn 0.504905 0.000278 0.863175
vn 0.449692 0.000162 0.893184
vn 0.526829 0.000357 0.849971
vn 0.574287 0.000823 0.818654
vn 0.556754 0.000583 0.830677
vn 0.504905 0.000278 0.863175
vn 0.574287 0.000823 0.818654
vn 0.622028 0.001345 0.782994
vn 0.609021 0.000902 0.793154
vn 0.556754 0.000583 0.830677
vn 0.622028 0.001345 0.782994
vn 0.672823 0.000856 0.739803
vn 0.662868 0.000653 0.748736
vn 0.609021 0.000902 0.793154
vn 0.609021 0.000902 0.793154
vn 0.580152 0.000357 0.814508
vn 0.520935 0.000288 0.853596
vn 0.556754 0.000583 0.830677
vn 0.609021 0.000902 0.793154
vn 0.662868 0.000653 0.748736
vn 0.639214 0.000391 0.769029
vn 0.580152 0.000357 0.814508
vn 0.639214 0.000391 0.769029
vn 0.609345 0.000416 0.792905
vn 0.545445 0.000335 0.838147
vn 0.580152 0.000357 0.814508
vn 0.639214 0.000391 0.769029
vn 0.696257 0.000383 0.717793
vn 0.671205 0.000539 0.741272
vn 0.609345 0.000416 0.792905
vn 0.639214 0.000391 0.769029
vn 0.662868 0.000653 0.748736
vn 0.716449 0.000056 0.697640
vn 0.696257 0.000383 0.717793
vn 0.696257 0.000383 0.717793
vn 0.750179 0.000138 0.661235
vn 0.729369 0.000576 0.684121
vn 0.671205 0.000539 0.741272
vn 0.696257 0.000383 0.717793
vn 0.716449 0.000056 0.697640
vn 0.768311 -0.000243 0.640077
vn 0.750179 0.000138 0.661235
vn 0.750179 0.000138 0.661235
vn 0.801333 -0.000141 0.598218
vn 0.783648 0.000391 0.621205
vn 0.729369 0.000576 0.684121
vn 0.750179 0.000138 0.661235
vn 0.768311 -0.000243 0.640077
vn 0.817582 0.000148 0.575812
vn 0.801333 -0.000141 0.598218
vn 0.817582 0.000148 0.575812
vn 0.862837 0.000683 0.505481
vn 0.849296 0.000393 0.527917
vn 0.801333 -0.000141 0.598218
vn 0.817582 0.000148 0.575812
vn 0.828284 0.001449 0.560306
vn 0.870159 0.000735 0.492770
vn 0.862837 0.000683 0.505481
vn 0.817582 0.000148 0.575812
vn 0.768311 -0.000243 0.640077
vn 0.782426 0.001109 0.622742
vn 0.828284 0.001449 0.560306
vn 0.828284 0.001449 0.560306
vn 0.832113 0.002088 0.554603
vn 0.869150 -0.000231 0.494548
vn 0.870159 0.000735 0.492770
vn 0.828284 0.001449 0.560306
vn 0.782426 0.001109 0.622742
vn 0.793864 0.001829 0.608092
vn 0.832113 0.002088 0.554603
vn 0.870159 0.000735 0.492770
vn 0.907118 -0.000150 0.420876
vn 0.902311 0.000946 0.431085
vn 0.862837 0.000683 0.505481
vn 0.870159 0.000735 0.492770
vn 0.869150 -0.000231 0.494548
vn 0.906456 -0.001741 0.422296
vn 0.907118 -0.000150 0.420876
vn 0.907118 -0.000150 0.420876
vn 0.938652 -0.000034 0.344866
vn 0.935729 0.000911 0.352719
vn 0.902311 0.000946 0.431085
vn 0.907118 -0.000150 0.420876
vn 0.906456 -0.001741 0.422296
vn 0.939430 -0.000530 0.342742
vn 0.938652 -0.000034 0.344866
vn 0.939430 -0.000530 0.342742
vn 0.965264 -0.000005 0.261276
vn 0.964513 0.000212 0.264034
vn 0.938652 -0.000034 0.344866
vn 0.939430 -0.000530 0.342742
vn 0.939483 -0.000086 0.342596
vn 0.965597 0.000011 0.260044
vn 0.965264 -0.000005 0.261276
vn 0.939430 -0.000530 0.342742
vn 0.906456 -0.001741 0.422296
vn 0.904362 -0.000283 0.426766
vn 0.939483 -0.000086 0.342596
vn 0.939483 -0.000086 0.342596
vn 0.939794 0.000090 0.341741
vn 0.965797 0.000106 0.259300
vn 0.965597 0.000011 0.260044
vn 0.939483 -0.000086 0.342596
vn 0.904362 -0.000283 0.426766
vn 0.904970 0.001441 0.425473
vn 0.939794 0.000090 0.341741
vn 0.939794 0.000090 0.341741
vn 0.939143 -0.000480 0.343526
vn 0.965664 -0.000407 0.259794
vn 0.965797 0.000106 0.259300
vn 0.939794 0.000090 0.341741
vn 0.904970 0.001441 0.425473
vn 0.905859 0.001508 0.423577
vn 0.939143 -0.000480 0.343526
vn 0.965797 0.000106 0.259300
vn 0.984565 -0.000018 0.175017
vn 0.984471 0.000043 0.175545
vn 0.965597 0.000011 0.260044
vn 0.965797 0.000106 0.259300
vn 0.965664 -0.000407 0.259794
vn 0.984684 -0.000325 0.174350
vn 0.984565 -0.000018 0.175017
vn 0.984565 -0.000018 0.175017
vn 0.996108 0.000028 0.088138
vn 0.996078 0.000058 0.088475
vn 0.984471 0.000043 0.175545
vn 0.984565 -0.000018 0.175017
vn 0.984684 -0.000325 0.174350
vn 0.996181 0.000195 0.087311
vn 0.996108 0.000028 0.088138
vn 0.996181 0.000195 0.087311
vn 1.000000 0.000323 0.000000
vn 1.000000 0.000080 0.000000
vn 0.996108 0.000028 0.088138
vn 0.996181 0.000195 0.087311
vn 0.996480 0.001125 0.083827
vn 1.000000 0.001050 0.000000
vn 1.000000 0.000323 0.000000
vn 0.996181 0.000195 0.087311
vn 0.984684 -0.000325 0.174350
vn 0.985656 0.001019 0.168762
vn 0.996480 0.001125 0.083827
vn 0.996480 0.001125 0.083827
vn 0.997098 0.001944 0.076110
vn 0.999999 0.001260 -0.000004
vn 1.000000 0.001050 0.000000
vn 0.996480 0.001125 0.083827
vn 0.985656 0.001019 0.168762
vn 0.988433 0.002063 0.151647
vn 0.997098 0.001944 0.076110
vn 0.999999 0.001260 -0.000004
vn 0.997098 0.001944 0.076110
vn 0.997422 0.000048 0.071757
vn 1.000000 -0.000349 -0.000008
vn 1.000000 0.000080 0.000000
vn 1.000000 0.000072 0.000000
vn 0.996078 0.000058 0.088475
vn 0.996108 0.000028 0.088138
vn 1.000000 0.000072 0.000000
vn 1.000000 0.000137 0.000000
vn 0.996027 0.000131 0.089048
vn 0.996078 0.000058 0.088475
vn 1.000000 0.000137 0.000000
vn 1.000000 0.000226 0.000000
vn 0.995934 0.000229 0.090086
vn 0.996027 0.000131 0.089048
vn 1.000000 0.000226 0.000000
vn 1.000000 0.000320 0.000003
vn 0.995789 0.000347 0.091673
vn 0.995934 0.000229 0.090086
vn 1.000000 0.000320 0.000003
vn 1.000000 0.000410 0.000006
vn 0.995595 0.000443 0.093759
vn 0.995789 0.000347 0.091673
vn 1.000000 0.000410 0.000006
vn 1.000000 0.000469 0.000003
vn 0.995365 0.000491 0.096167
vn 0.995595 0.000443 0.093759
vn 1.000000 0.000469 0.000003
vn 1.000000 0.000500 0.000000
vn 0.995118 0.000514 0.098689
vn 0.995365 0.000491 0.096167
vn 1.000000 0.000500 0.000000
vn 1.000000 0.000509 0.000000
vn 0.994870 0.000514 0.101159
vn 0.995118 0.000514 0.098689
vn 1.000000 0.000509 0.000000
vn 1.000000 0.000484 -0.000003
vn 0.994631 0.000483 0.103480
vn 0.994870 0.000514 0.101159
vn 1.000000 0.000484 -0.000003
vn 1.000000 0.000462 -0.000006
vn 0.994409 0.000458 0.105599
vn 0.994631 0.000483 0.103480
vn 1.000000 0.000462 -0.000006
vn 1.000000 0.000436 0.000000
vn 0.994207 0.000433 0.107485
vn 0.994409 0.000458 0.105599
vn 1.000000 0.000436 0.000000
vn 1.000000 0.000394 0.000006
vn 0.994027 0.000387 0.109136
vn 0.994207 0.000433 0.107485
vn 1.000000 0.000394 0.000006
vn 1.000000 0.000376 0.000006
vn 0.993942 0.000362 0.109904
vn 0.994027 0.000387 0.109136
vn 0.787219 0.000176 0.616674
vn 0.789681 0.000241 0.613518
vn 0.852705 0.000268 0.522393
vn 0.850893 0.000226 0.525339
vn 0.787219 0.000176 0.616674
vn 0.713725 0.000095 0.700426
vn 0.716848 0.000180 0.697229
vn 0.789681 0.000241 0.613518
vn 0.716848 0.000180 0.697229
vn 0.713725 0.000095 0.700426
vn 0.631421 -0.000009 0.775440
vn 0.635103 0.000060 0.772427
vn 0.716848 0.000180 0.697229
vn 0.723936 0.000384 0.689867
vn 0.795114 0.000386 0.606460
vn 0.789681 0.000241 0.613518
vn 0.716848 0.000180 0.697229
vn 0.635103 0.000060 0.772427
vn 0.643760 0.000283 0.765228
vn 0.723936 0.000384 0.689867
vn 0.643760 0.000283 0.765228
vn 0.635103 0.000060 0.772427
vn 0.545610 -0.000104 0.838039
vn 0.555307 0.000027 0.831646
vn 0.643760 0.000283 0.765228
vn 0.655382 0.000662 0.755297
vn 0.732811 0.000666 0.680432
vn 0.723936 0.000384 0.689867
vn 0.643760 0.000283 0.765228
vn 0.555307 0.000027 0.831646
vn 0.569451 0.000503 0.822025
vn 0.655382 0.000662 0.755297
vn 0.569451 0.000503 0.822025
vn 0.555307 0.000027 0.831646
vn 0.460280 0.000036 0.887774
vn 0.476612 0.000414 0.879114
vn 0.569451 0.000503 0.822025
vn 0.589499 0.001137 0.807768
vn 0.670368 0.001075 0.742028
vn 0.655382 0.000662 0.755297
vn 0.569451 0.000503 0.822025
vn 0.476612 0.000414 0.879114
vn 0.502110 0.000910 0.864803
vn 0.589499 0.001137 0.807768
vn 0.502110 0.000910 0.864803
vn 0.476612 0.000414 0.879114
vn 0.378338 -0.000798 0.925667
vn 0.407072 0.000332 0.913396
vn 0.502110 0.000910 0.864803
vn 0.536782 0.001108 0.843720
vn 0.615125 0.001261 0.788428
vn 0.589499 0.001137 0.807768
vn 0.502110 0.000910 0.864803
vn 0.407072 0.000332 0.913396
vn 0.453080 0.001207 0.891469
vn 0.536782 0.001108 0.843720
vn 0.453080 0.001207 0.891469
vn 0.407072 0.000332 0.913396
vn 0.288384 0.000398 0.957515
vn 0.373830 0.000909 0.927497
vn 0.453080 0.001207 0.891469
vn 0.503626 0.000564 0.863922
vn 0.574631 0.000697 0.818412
vn 0.536782 0.001108 0.843720
vn 0.453080 0.001207 0.891469
vn 0.373830 0.000909 0.927497
vn 0.434419 0.000316 0.900711
vn 0.503626 0.000564 0.863922
vn 0.434419 0.000316 0.900711
vn 0.373830 0.000909 0.927497
vn 0.308591 0.000319 0.951195
vn 0.370298 0.000059 0.928913
vn 0.434419 0.000316 0.900711
vn 0.481746 0.000238 0.876311
vn 0.545445 0.000335 0.838147
vn 0.503626 0.000564 0.863922
vn 0.434419 0.000316 0.900711
vn 0.370298 0.000059 0.928913
vn 0.419741 0.000078 0.907644
vn 0.481746 0.000238 0.876311
vn 0.419741 0.000078 0.907644
vn 0.370298 0.000059 0.928913
vn 0.309564 -0.000033 0.950879
vn 0.358144 -0.000105 0.933666
vn 0.419741 0.000078 0.907644
vn 0.462390 0.000166 0.886677
vn 0.520935 0.000288 0.853596
vn 0.481746 0.000238 0.876311
vn 0.419741 0.000078 0.907644
vn 0.358144 -0.000105 0.933666
vn 0.402438 -0.000006 0.915447
vn 0.462390 0.000166 0.886677
vn 0.402438 -0.000006 0.915447
vn 0.358144 -0.000105 0.933666
vn 0.293141 -0.000559 0.956069
vn 0.335696 -0.000529 0.941970
vn 0.402438 -0.000006 0.915447
vn 0.449692 0.000162 0.893184
vn 0.504905 0.000278 0.863175
vn 0.462390 0.000166 0.886677
vn 0.402438 -0.000006 0.915447
vn 0.335696 -0.000529 0.941970
vn 0.385405 -0.000515 0.922747
vn 0.449692 0.000162 0.893184
vn 0.293141 -0.000559 0.956069
vn 0.248729 -0.000290 0.968573
vn 0.184181 -0.000962 0.982892
vn 0.219583 -0.001869 0.975592
vn 0.293141 -0.000559 0.956069
vn 0.358144 -0.000105 0.933666
vn 0.309564 -0.000033 0.950879
vn 0.248729 -0.000290 0.968573
vn 0.293141 -0.000559 0.956069
vn 0.219583 -0.001869 0.975592
vn 0.253502 -0.002830 0.967331
vn 0.335696 -0.000529 0.941970
vn 0.248729 -0.000290 0.968573
vn 0.196533 0.000102 0.980497
vn 0.141243 -0.000257 0.989975
vn 0.184181 -0.000962 0.982892
vn 0.248729 -0.000290 0.968573
vn 0.309564 -0.000033 0.950879
vn 0.251348 0.000259 0.967897
vn 0.196533 0.000102 0.980497
vn 0.251348 0.000259 0.967897
vn 0.180459 0.000866 0.983582
vn 0.134174 0.000582 0.990958
vn 0.196533 0.000102 0.980497
vn 0.251348 0.000259 0.967897
vn 0.308591 0.000319 0.951195
vn 0.229560 0.002087 0.973292
vn 0.180459 0.000866 0.983582
vn 0.251348 0.000259 0.967897
vn 0.309564 -0.000033 0.950879
vn 0.370298 0.000059 0.928913
vn 0.308591 0.000319 0.951195
vn 0.180459 0.000866 0.983582
vn 0.095281 0.001704 0.995449
vn 0.060525 0.001218 0.998166
vn 0.134174 0.000582 0.990958
vn 0.180459 0.000866 0.983582
vn 0.229560 0.002087 0.973292
vn 0.128819 0.002968 0.991664
vn 0.095281 0.001704 0.995449
vn 0.095281 0.001704 0.995449
vn -0.002613 0.002198 0.999994
vn -0.024234 0.001753 0.999705
vn 0.060525 0.001218 0.998166
vn 0.095281 0.001704 0.995449
vn 0.128819 0.002968 0.991664
vn 0.014683 0.002277 0.999890
vn -0.002613 0.002198 0.999994
vn 0.014683 0.002277 0.999890
vn -0.101085 0.002266 0.994875
vn -0.106239 0.002282 0.994338
vn -0.002613 0.002198 0.999994
vn 0.014683 0.002277 0.999890
vn 0.024848 0.001394 0.999690
vn -0.099255 0.001419 0.995061
vn -0.101085 0.002266 0.994875
vn 0.014683 0.002277 0.999890
vn 0.128819 0.002968 0.991664
vn 0.149585 0.001038 0.988748
vn 0.024848 0.001394 0.999690
vn 0.024848 0.001394 0.999690
vn 0.027579 -0.000069 0.999620
vn -0.099436 0.000147 0.995044
vn -0.099255 0.001419 0.995061
vn 0.024848 0.001394 0.999690
vn 0.149585 0.001038 0.988748
vn 0.152194 -0.001450 0.988350
vn 0.027579 -0.000069 0.999620
vn 0.027579 -0.000069 0.999620
vn 0.024997 -0.000984 0.999687
vn -0.100401 -0.000739 0.994947
vn -0.099436 0.000147 0.995044
vn 0.027579 -0.000069 0.999620
vn 0.152194 -0.001450 0.988350
vn 0.146240 -0.000922 0.989249
vn 0.024997 -0.000984 0.999687
vn 0.146240 -0.000922 0.989249
vn 0.137989 -0.000591 0.990434
vn 0.020228 -0.000949 0.999795
vn 0.024997 -0.000984 0.999687
vn 0.146240 -0.000922 0.989249
vn 0.258204 -0.000651 0.966090
vn 0.247901 0.000065 0.968785
vn 0.137989 -0.000591 0.990434
vn 0.146240 -0.000922 0.989249
vn 0.152194 -0.001450 0.988350
vn 0.270552 -0.002337 0.962703
vn 0.258204 -0.000651 0.966090
vn 0.258204 -0.000651 0.966090
vn 0.361448 -0.000229 0.932392
vn 0.350898 0.000123 0.936414
vn 0.247901 0.000065 0.968785
vn 0.258204 -0.000651 0.966090
vn 0.270552 -0.002337 0.962703
vn 0.378338 -0.000798 0.925667
vn 0.361448 -0.000229 0.932392
vn 0.361448 -0.000229 0.932392
vn 0.460280 0.000036 0.887774
vn 0.450143 -0.000159 0.892957
vn 0.350898 0.000123 0.936414
vn 0.361448 -0.000229 0.932392
vn 0.378338 -0.000798 0.925667
vn 0.476612 0.000414 0.879114
vn 0.460280 0.000036 0.887774
vn 0.450143 -0.000159 0.892957
vn 0.446158 -0.000061 0.894954
vn 0.346743 0.000144 0.937960
vn 0.350898 0.000123 0.936414
vn 0.450143 -0.000159 0.892957
vn 0.545610 -0.000104 0.838039
vn 0.541633 -0.000101 0.840615
vn 0.446158 -0.000061 0.894954
vn 0.450143 -0.000159 0.892957
vn 0.460280 0.000036 0.887774
vn 0.555307 0.000027 0.831646
vn 0.545610 -0.000104 0.838039
vn 0.541633 -0.000101 0.840615
vn 0.545610 -0.000104 0.838039
vn 0.635103 0.000060 0.772427
vn 0.631421 -0.000009 0.775440
vn -1.000000 0.000747 0.000000
vn -1.000000 0.000779 0.000000
vn -0.994564 0.000762 0.104127
vn -0.994398 0.000731 0.105694
vn -1.000000 0.000779 0.000000
vn -1.000000 0.000833 0.000000
vn -0.994916 0.000825 0.100700
vn -0.994564 0.000762 0.104127
vn -1.000000 0.000833 0.000000
vn -1.000000 0.000847 0.000000
vn -0.995312 0.000847 0.096711
vn -0.994916 0.000825 0.100700
vn -1.000000 0.000847 0.000000
vn -1.000000 0.000815 0.000001
vn -0.995731 0.000822 0.092304
vn -0.995312 0.000847 0.096711
vn -1.000000 0.000815 0.000001
vn -1.000000 0.000729 0.000000
vn -0.996140 0.000745 0.087777
vn -0.995731 0.000822 0.092304
vn -1.000000 0.000729 0.000000
vn -1.000000 0.000589 0.000000
vn -0.996507 0.000606 0.083511
vn -0.996140 0.000745 0.087777
vn -1.000000 0.000589 0.000000
vn -1.000000 0.000417 -0.000000
vn -0.996802 0.000453 0.079904
vn -0.996507 0.000606 0.083511
vn -1.000000 0.000417 -0.000000
vn -1.000000 0.000246 0.000000
vn -0.997015 0.000336 0.077209
vn -0.996802 0.000453 0.079904
vn -1.000000 0.000246 0.000000
vn -1.000000 0.000181 0.000000
vn -0.997164 0.000265 0.075257
vn -0.997015 0.000336 0.077209
vn -1.000000 0.000181 0.000000
vn -1.000000 0.000210 0.000000
vn -0.997263 0.000029 0.073941
vn -0.997164 0.000265 0.075257
vn -1.000000 0.000210 0.000000
vn -1.000000 0.000183 0.000000
vn -0.997320 0.000010 0.073166
vn -0.997263 0.000029 0.073941
vn -1.000000 0.000183 0.000000
vn -1.000000 0.000398 0.000000
vn -0.997458 0.000435 0.071256
vn -0.997320 0.000010 0.073166
vn -1.000000 0.000398 0.000000
vn -1.000000 0.000444 0.000000
vn -0.997764 0.000996 0.066835
vn -0.997458 0.000435 0.071256
vn -0.997458 0.000435 0.071256
vn -0.989400 0.000761 0.145215
vn -0.988460 0.001088 0.151477
vn -0.997320 0.000010 0.073166
vn -0.997458 0.000435 0.071256
vn -0.997764 0.000996 0.066835
vn -0.990935 0.001467 0.134333
vn -0.989400 0.000761 0.145215
vn -0.989400 0.000761 0.145215
vn -0.974807 0.001129 0.223047
vn -0.971342 0.001901 0.237679
vn -0.988460 0.001088 0.151477
vn -0.989400 0.000761 0.145215
vn -0.990935 0.001467 0.134333
vn -0.979528 0.001090 0.201307
vn -0.974807 0.001129 0.223047
vn -0.974807 0.001129 0.223047
vn -0.964889 0.001205 0.262655
vn -0.959412 0.001461 0.282005
vn -0.971342 0.001901 0.237679
vn -0.974807 0.001129 0.223047
vn -0.979528 0.001090 0.201307
vn -0.972235 0.000794 0.234005
vn -0.964889 0.001205 0.262655
vn -0.972235 0.000794 0.234005
vn -0.979528 0.001090 0.201307
vn -0.987911 -0.001172 0.155019
vn -0.984102 -0.001694 0.177597
vn -0.984102 -0.001694 0.177597
vn -0.987911 -0.001172 0.155019
vn -0.996520 -0.003675 0.083278
vn -0.995455 -0.004477 0.095131
vn -0.997320 0.000010 0.073166
vn -0.988460 0.001088 0.151477
vn -0.988186 -0.000411 0.153258
vn -0.997263 0.000029 0.073941
vn -0.997263 0.000029 0.073941
vn -0.988186 -0.000411 0.153258
vn -0.988370 -0.000965 0.152064
vn -0.997164 0.000265 0.075257
vn -0.997164 0.000265 0.075257
vn -0.988370 -0.000965 0.152064
vn -0.988060 0.000413 0.154071
vn -0.997015 0.000336 0.077209
vn -0.988060 0.000413 0.154071
vn -0.987129 0.000505 0.159926
vn -0.996802 0.000453 0.079904
vn -0.997015 0.000336 0.077209
vn -0.988060 0.000413 0.154071
vn -0.972711 0.000158 0.232022
vn -0.970616 0.000496 0.240633
vn -0.987129 0.000505 0.159926
vn -0.988060 0.000413 0.154071
vn -0.988370 -0.000965 0.152064
vn -0.972594 -0.001243 0.232505
vn -0.972711 0.000158 0.232022
vn -0.972711 0.000158 0.232022
vn -0.950146 0.000092 0.311804
vn -0.946664 0.000501 0.322223
vn -0.970616 0.000496 0.240633
vn -0.972711 0.000158 0.232022
vn -0.972594 -0.001243 0.232505
vn -0.950031 0.000402 0.312156
vn -0.950146 0.000092 0.311804
vn -0.950146 0.000092 0.311804
vn -0.920359 0.000471 0.391075
vn -0.914932 0.000637 0.403607
vn -0.946664 0.000501 0.322223
vn -0.950146 0.000092 0.311804
vn -0.950031 0.000402 0.312156
vn -0.921754 0.001025 0.387774
vn -0.920359 0.000471 0.391075
vn -0.921754 0.001025 0.387774
vn -0.888505 0.001110 0.458866
vn -0.884279 0.000831 0.466959
vn -0.920359 0.000471 0.391075
vn -0.921754 0.001025 0.387774
vn -0.916170 0.001347 0.400787
vn -0.886887 0.001415 0.461984
vn -0.888505 0.001110 0.458866
vn -0.921754 0.001025 0.387774
vn -0.950031 0.000402 0.312156
vn -0.942176 0.000215 0.335120
vn -0.916170 0.001347 0.400787
vn -0.888505 0.001110 0.458866
vn -0.851660 0.001177 0.524093
vn -0.843122 0.001043 0.537722
vn -0.884279 0.000831 0.466959
vn -0.888505 0.001110 0.458866
vn -0.886887 0.001415 0.461984
vn -0.854850 0.001327 0.518874
vn -0.851660 0.001177 0.524093
vn -0.851660 0.001177 0.524093
vn -0.812498 0.001022 0.582964
vn -0.798517 0.000962 0.601972
vn -0.843122 0.001043 0.537722
vn -0.851660 0.001177 0.524093
vn -0.854850 0.001327 0.518874
vn -0.821253 0.001205 0.570563
vn -0.812498 0.001022 0.582964
vn -0.798517 0.000962 0.601972
vn -0.779272 0.001021 0.626685
vn -0.829917 0.001040 0.557886
vn -0.843122 0.001043 0.537722
vn -0.798517 0.000962 0.601972
vn -0.752547 0.000691 0.658538
vn -0.726624 0.000772 0.687035
vn -0.779272 0.001021 0.626685
vn -0.798517 0.000962 0.601972
vn -0.812498 0.001022 0.582964
vn -0.772291 0.000704 0.635269
vn -0.752547 0.000691 0.658538
vn -0.726624 0.000772 0.687035
vn -0.691757 0.001151 0.722130
vn -0.753915 0.001349 0.656970
vn -0.779272 0.001021 0.626685
vn -0.726624 0.000772 0.687035
vn -0.675213 0.000432 0.737622
vn -0.632083 0.000561 0.774900
vn -0.691757 0.001151 0.722130
vn -0.726624 0.000772 0.687035
vn -0.752547 0.000691 0.658538
vn -0.707434 0.000420 0.706780
vn -0.675213 0.000432 0.737622
vn -0.632083 0.000561 0.774900
vn -0.572383 0.001462 0.819985
vn -0.645462 0.002109 0.763790
vn -0.691757 0.001151 0.722130
vn -0.632083 0.000561 0.774900
vn -0.579960 0.000257 0.814645
vn -0.516877 0.000786 0.856059
vn -0.572383 0.001462 0.819985
vn -0.632083 0.000561 0.774900
vn -0.675213 0.000432 0.737622
vn -0.627636 0.000174 0.778507
vn -0.579960 0.000257 0.814645
vn -0.516877 0.000786 0.856059
vn -0.433699 0.002974 0.901053
vn -0.483974 0.000390 0.875082
vn -0.572383 0.001462 0.819985
vn -0.516877 0.000786 0.856059
vn -0.473935 0.000843 0.880560
vn -0.397961 0.001652 0.917401
vn -0.433699 0.002974 0.901053
vn -0.516877 0.000786 0.856059
vn -0.579960 0.000257 0.814645
vn -0.535436 0.000316 0.844576
vn -0.473935 0.000843 0.880560
vn -0.397961 0.001652 0.917401
vn -0.473935 0.000843 0.880560
vn -0.439237 0.000727 0.898371
vn -0.370855 0.001318 0.928690
vn -0.397961 0.001652 0.917401
vn -0.308384 0.002308 0.951259
vn -0.329890 0.003674 0.944012
vn -0.433699 0.002974 0.901053
vn -0.397961 0.001652 0.917401
vn -0.370855 0.001318 0.928690
vn -0.292259 0.001795 0.956338
vn -0.308384 0.002308 0.951259
vn -0.292259 0.001795 0.956338
vn -0.370855 0.001318 0.928690
vn -0.348591 0.001026 0.937274
vn -0.279921 0.001503 0.960022
vn -0.292259 0.001795 0.956338
vn -0.205781 0.002004 0.978596
vn -0.209426 0.002402 0.977822
vn -0.308384 0.002308 0.951259
vn -0.292259 0.001795 0.956338
vn -0.279921 0.001503 0.960022
vn -0.204927 0.001772 0.978776
vn -0.205781 0.002004 0.978596
vn -0.204927 0.001772 0.978776
vn -0.279921 0.001503 0.960022
vn -0.267853 0.001312 0.963459
vn -0.204127 0.001726 0.978943
vn -0.204927 0.001772 0.978776
vn -0.126216 0.001817 0.992001
vn -0.115071 0.001978 0.993355
vn -0.205781 0.002004 0.978596
vn -0.204927 0.001772 0.978776
vn -0.204127 0.001726 0.978943
vn -0.137775 0.001808 0.990462
vn -0.126216 0.001817 0.992001
vn -0.137775 0.001808 0.990462
vn -0.204127 0.001726 0.978943
vn -0.199580 0.001708 0.979880
vn -0.147442 0.001876 0.989069
vn -0.137775 0.001808 0.990462
vn -0.072232 0.001448 0.997387
vn -0.047715 0.001595 0.998860
vn -0.126216 0.001817 0.992001
vn -0.137775 0.001808 0.990462
vn -0.147442 0.001876 0.989069
vn -0.096512 0.001283 0.995331
vn -0.072232 0.001448 0.997387
vn -0.072232 0.001448 0.997387
vn -0.011612 0.000697 0.999932
vn 0.024894 0.000944 0.999690
vn -0.047715 0.001595 0.998860
vn -0.072232 0.001448 0.997387
vn -0.096512 0.001283 0.995331
vn -0.049413 0.000297 0.998778
vn -0.011612 0.000697 0.999932
vn -0.011612 0.000697 0.999932
vn 0.040794 -0.000012 0.999168
vn 0.088239 0.000267 0.996099
vn 0.024894 0.000944 0.999690
vn -0.011612 0.000697 0.999932
vn -0.049413 0.000297 0.998778
vn -0.009452 -0.000768 0.999955
vn 0.040794 -0.000012 0.999168
vn 0.040794 -0.000012 0.999168
vn 0.083167 -0.000630 0.996535
vn 0.141243 -0.000257 0.989975
vn 0.088239 0.000267 0.996099
vn 0.040794 -0.000012 0.999168
vn -0.009452 -0.000768 0.999955
vn 0.021241 -0.001759 0.999773
vn 0.083167 -0.000630 0.996535
vn 0.083167 -0.000630 0.996535
vn 0.114706 -0.002174 0.993397
vn 0.184181 -0.000962 0.982892
vn 0.141243 -0.000257 0.989975
vn 0.083167 -0.000630 0.996535
vn 0.021241 -0.001759 0.999773
vn 0.039856 -0.002643 0.999202
vn 0.114706 -0.002174 0.993397
vn 0.114706 -0.002174 0.993397
vn 0.134725 -0.004186 0.990874
vn 0.219583 -0.001869 0.975592
vn 0.184181 -0.000962 0.982892
vn 0.114706 -0.002174 0.993397
vn 0.039856 -0.002643 0.999202
vn 0.042299 -0.004259 0.999096
vn 0.134725 -0.004186 0.990874
vn 0.088239 0.000267 0.996099
vn 0.134174 0.000582 0.990958
vn 0.060525 0.001218 0.998166
vn 0.024894 0.000944 0.999690
vn 0.088239 0.000267 0.996099
vn 0.141243 -0.000257 0.989975
vn 0.196533 0.000102 0.980497
vn 0.134174 0.000582 0.990958
vn 0.024894 0.000944 0.999690
vn 0.060525 0.001218 0.998166
vn -0.024234 0.001753 0.999705
vn -0.047715 0.001595 0.998860
vn -0.047715 0.001595 0.998860
vn -0.024234 0.001753 0.999705
vn -0.115071 0.001978 0.993355
vn -0.126216 0.001817 0.992001
vn -0.115071 0.001978 0.993355
vn -0.106239 0.002282 0.994338
vn -0.209426 0.002402 0.977822
vn -0.205781 0.002004 0.978596
vn -0.115071 0.001978 0.993355
vn -0.024234 0.001753 0.999705
vn -0.002613 0.002198 0.999994
vn -0.106239 0.002282 0.994338
vn -0.209426 0.002402 0.977822
vn -0.216020 0.002449 0.976386
vn -0.329890 0.003674 0.944012
vn -0.308384 0.002308 0.951259
vn -0.209426 0.002402 0.977822
vn -0.106239 0.002282 0.994338
vn -0.101085 0.002266 0.994875
vn -0.216020 0.002449 0.976386
vn -0.216020 0.002449 0.976386
vn -0.222193 0.001297 0.975002
vn -0.344940 0.000425 0.938625
vn -0.329890 0.003674 0.944012
vn -0.216020 0.002449 0.976386
vn -0.101085 0.002266 0.994875
vn -0.099255 0.001419 0.995061
vn -0.222193 0.001297 0.975002
vn -0.222193 0.001297 0.975002
vn -0.224892 -0.000236 0.974384
vn -0.345639 -0.002544 0.938364
vn -0.344940 0.000425 0.938625
vn -0.222193 0.001297 0.975002
vn -0.099255 0.001419 0.995061
vn -0.099436 0.000147 0.995044
vn -0.224892 -0.000236 0.974384
vn -0.224892 -0.000236 0.974384
vn -0.224190 -0.000908 0.974545
vn -0.340847 -0.000837 0.940118
vn -0.345639 -0.002544 0.938364
vn -0.224892 -0.000236 0.974384
vn -0.099436 0.000147 0.995044
vn -0.100401 -0.000739 0.994947
vn -0.224190 -0.000908 0.974545
vn -0.224190 -0.000908 0.974545
vn -0.221823 -0.000892 0.975087
vn -0.335699 -0.000404 0.941969
vn -0.340847 -0.000837 0.940118
vn -0.224190 -0.000908 0.974545
vn -0.100401 -0.000739 0.994947
vn -0.101481 -0.000951 0.994837
vn -0.221823 -0.000892 0.975087
vn -0.101481 -0.000951 0.994837
vn -0.102004 -0.000906 0.994784
vn -0.220448 -0.000781 0.975398
vn -0.221823 -0.000892 0.975087
vn -0.101481 -0.000951 0.994837
vn 0.020228 -0.000949 0.999795
vn 0.017685 -0.000814 0.999843
vn -0.102004 -0.000906 0.994784
vn -0.101481 -0.000951 0.994837
vn -0.100401 -0.000739 0.994947
vn 0.024997 -0.000984 0.999687
vn 0.020228 -0.000949 0.999795
vn 0.017685 -0.000814 0.999843
vn 0.020228 -0.000949 0.999795
vn 0.137989 -0.000591 0.990434
vn 0.133818 -0.000423 0.991006
vn 0.133818 -0.000423 0.991006
vn 0.137989 -0.000591 0.990434
vn 0.247901 0.000065 0.968785
vn 0.243323 0.000072 0.969945
vn 0.243323 0.000072 0.969945
vn 0.247901 0.000065 0.968785
vn 0.350898 0.000123 0.936414
vn 0.346743 0.000144 0.937960
vn -0.333091 -0.000345 0.942895
vn -0.335699 -0.000404 0.941969
vn -0.221823 -0.000892 0.975087
vn -0.220448 -0.000781 0.975398
vn -0.333091 -0.000345 0.942895
vn -0.437941 -0.000027 0.899004
vn -0.440915 -0.000120 0.897549
vn -0.335699 -0.000404 0.941969
vn -0.440915 -0.000120 0.897549
vn -0.437941 -0.000027 0.899004
vn -0.536515 -0.000330 0.843891
vn -0.539989 -0.000644 0.841672
vn -0.440915 -0.000120 0.897549
vn -0.448512 -0.001447 0.893776
vn -0.340847 -0.000837 0.940118
vn -0.335699 -0.000404 0.941969
vn -0.440915 -0.000120 0.897549
vn -0.539989 -0.000644 0.841672
vn -0.550072 -0.001398 0.835116
vn -0.448512 -0.001447 0.893776
vn -0.550072 -0.001398 0.835116
vn -0.539989 -0.000644 0.841672
vn -0.634165 -0.000781 0.773197
vn -0.645647 -0.000349 0.763636
vn -0.550072 -0.001398 0.835116
vn -0.568802 -0.001400 0.822474
vn -0.461144 -0.003726 0.887317
vn -0.448512 -0.001447 0.893776
vn -0.550072 -0.001398 0.835116
vn -0.645647 -0.000349 0.763636
vn -0.664398 0.000453 0.747379
vn -0.568802 -0.001400 0.822474
vn -0.664398 0.000453 0.747379
vn -0.645647 -0.000349 0.763636
vn -0.731716 0.000035 0.681609
vn -0.747550 0.000745 0.664205
vn -0.664398 0.000453 0.747379
vn -0.691120 0.001276 0.722739
vn -0.600052 0.000898 0.799961
vn -0.568802 -0.001400 0.822474
vn -0.664398 0.000453 0.747379
vn -0.747550 0.000745 0.664205
vn -0.768045 0.001337 0.640394
vn -0.691120 0.001276 0.722739
vn -0.768045 0.001337 0.640394
vn -0.747550 0.000745 0.664205
vn -0.818101 0.000799 0.575074
vn -0.833047 0.001119 0.553202
vn -0.768045 0.001337 0.640394
vn -0.790803 0.001409 0.612070
vn -0.722938 0.001754 0.690910
vn -0.691120 0.001276 0.722739
vn -0.768045 0.001337 0.640394
vn -0.833047 0.001119 0.553202
vn -0.848934 0.001165 0.528498
vn -0.790803 0.001409 0.612070
vn -0.848934 0.001165 0.528498
vn -0.833047 0.001119 0.553202
vn -0.886460 0.000971 0.462804
vn -0.897172 0.000976 0.441681
vn -0.848934 0.001165 0.528498
vn -0.863655 0.001014 0.504083
vn -0.812214 0.001201 0.583359
vn -0.790803 0.001409 0.612070
vn -0.848934 0.001165 0.528498
vn -0.897172 0.000976 0.441681
vn -0.906959 0.000848 0.421219
vn -0.863655 0.001014 0.504083
vn -0.906959 0.000848 0.421219
vn -0.897172 0.000976 0.441681
vn -0.935555 0.000860 0.353179
vn -0.941669 0.000715 0.336540
vn -0.906959 0.000848 0.421219
vn -0.914932 0.000637 0.403607
vn -0.875722 0.000858 0.482815
vn -0.863655 0.001014 0.504083
vn -0.906959 0.000848 0.421219
vn -0.941669 0.000715 0.336540
vn -0.946664 0.000501 0.322223
vn -0.914932 0.000637 0.403607
vn -0.875722 0.000858 0.482815
vn -0.829917 0.001040 0.557886
vn -0.812214 0.001201 0.583359
vn -0.863655 0.001014 0.504083
vn -0.875722 0.000858 0.482815
vn -0.884279 0.000831 0.466959
vn -0.843122 0.001043 0.537722
vn -0.829917 0.001040 0.557886
vn -0.875722 0.000858 0.482815
vn -0.914932 0.000637 0.403607
vn -0.920359 0.000471 0.391075
vn -0.884279 0.000831 0.466959
vn -0.935555 0.000860 0.353179
vn -0.928801 0.000896 0.370577
vn -0.960674 0.000872 0.277676
vn -0.964437 0.000801 0.264310
vn -0.935555 0.000860 0.353179
vn -0.897172 0.000976 0.441681
vn -0.886460 0.000971 0.462804
vn -0.928801 0.000896 0.370577
vn -0.935555 0.000860 0.353179
vn -0.964437 0.000801 0.264310
vn -0.967830 0.000661 0.251603
vn -0.941669 0.000715 0.336540
vn -0.967830 0.000661 0.251603
vn -0.964437 0.000801 0.264310
vn -0.984423 0.000772 0.175817
vn -0.985912 0.000640 0.167265
vn -0.967830 0.000661 0.251603
vn -0.970616 0.000496 0.240633
vn -0.946664 0.000501 0.322223
vn -0.941669 0.000715 0.336540
vn -0.967830 0.000661 0.251603
vn -0.985912 0.000640 0.167265
vn -0.987129 0.000505 0.159926
vn -0.970616 0.000496 0.240633
vn -0.984423 0.000772 0.175817
vn -0.982769 0.000844 0.184837
vn -0.995731 0.000822 0.092304
vn -0.996140 0.000745 0.087777
vn -0.984423 0.000772 0.175817
vn -0.964437 0.000801 0.264310
vn -0.960674 0.000872 0.277676
vn -0.982769 0.000844 0.184837
vn -0.984423 0.000772 0.175817
vn -0.996140 0.000745 0.087777
vn -0.996507 0.000606 0.083511
vn -0.985912 0.000640 0.167265
vn -0.982769 0.000844 0.184837
vn -0.981093 0.000848 0.193535
vn -0.995312 0.000847 0.096711
vn -0.995731 0.000822 0.092304
vn -0.982769 0.000844 0.184837
vn -0.960674 0.000872 0.277676
vn -0.956903 0.000845 0.290405
vn -0.981093 0.000848 0.193535
vn -0.956903 0.000845 0.290405
vn -0.953448 0.000743 0.301556
vn -0.979528 0.000796 0.201306
vn -0.981093 0.000848 0.193535
vn -0.956903 0.000845 0.290405
vn -0.922123 0.000830 0.386896
vn -0.916139 0.000670 0.400860
vn -0.953448 0.000743 0.301556
vn -0.956903 0.000845 0.290405
vn -0.960674 0.000872 0.277676
vn -0.928801 0.000896 0.370577
vn -0.922123 0.000830 0.386896
vn -0.922123 0.000830 0.386896
vn -0.876075 0.000818 0.482175
vn -0.867040 0.000563 0.498239
vn -0.916139 0.000670 0.400860
vn -0.922123 0.000830 0.386896
vn -0.928801 0.000896 0.370577
vn -0.886460 0.000971 0.462804
vn -0.876075 0.000818 0.482175
vn -0.876075 0.000818 0.482175
vn -0.818101 0.000799 0.575074
vn -0.805668 0.000390 0.592368
vn -0.867040 0.000563 0.498239
vn -0.876075 0.000818 0.482175
vn -0.886460 0.000971 0.462804
vn -0.833047 0.001119 0.553202
vn -0.818101 0.000799 0.575074
vn -0.805668 0.000390 0.592368
vn -0.796056 0.000063 0.605223
vn -0.859663 0.000318 0.510862
vn -0.867040 0.000563 0.498239
vn -0.805668 0.000390 0.592368
vn -0.731716 0.000035 0.681609
vn -0.720497 -0.000318 0.693458
vn -0.796056 0.000063 0.605223
vn -0.805668 0.000390 0.592368
vn -0.818101 0.000799 0.575074
vn -0.747550 0.000745 0.664205
vn -0.731716 0.000035 0.681609
vn -0.720497 -0.000318 0.693458
vn -0.715889 -0.000380 0.698214
vn -0.791902 -0.000059 0.610648
vn -0.796056 0.000063 0.605223
vn -0.720497 -0.000318 0.693458
vn -0.634165 -0.000781 0.773197
vn -0.629847 -0.000592 0.776719
vn -0.715889 -0.000380 0.698214
vn -0.720497 -0.000318 0.693458
vn -0.731716 0.000035 0.681609
vn -0.645647 -0.000349 0.763636
vn -0.634165 -0.000781 0.773197
vn -0.629847 -0.000592 0.776719
vn -0.634165 -0.000781 0.773197
vn -0.539989 -0.000644 0.841672
vn -0.536515 -0.000330 0.843891
vn -0.856368 0.000212 0.516365
vn -0.859663 0.000318 0.510862
vn -0.796056 0.000063 0.605223
vn -0.791902 -0.000059 0.610648
vn -0.856368 0.000212 0.516365
vn -0.908758 0.000418 0.417323
vn -0.911072 0.000492 0.412248
vn -0.859663 0.000318 0.510862
vn -0.911072 0.000492 0.412248
vn -0.908758 0.000418 0.417323
vn -0.949058 0.000565 0.315100
vn -0.950447 0.000615 0.310885
vn -0.911072 0.000492 0.412248
vn -0.916139 0.000670 0.400860
vn -0.867040 0.000563 0.498239
vn -0.859663 0.000318 0.510862
vn -0.911072 0.000492 0.412248
vn -0.950447 0.000615 0.310885
vn -0.953448 0.000743 0.301556
vn -0.916139 0.000670 0.400860
vn -0.949058 0.000565 0.315100
vn -0.977502 0.000672 0.210924
vn -0.978147 0.000706 0.207915
vn -0.950447 0.000615 0.310885
vn -0.978147 0.000706 0.207915
vn -0.977502 0.000672 0.210924
vn -0.994398 0.000731 0.105694
vn -0.994564 0.000762 0.104127
vn -0.978147 0.000706 0.207915
vn -0.979528 0.000796 0.201306
vn -0.953448 0.000743 0.301556
vn -0.950447 0.000615 0.310885
vn -0.978147 0.000706 0.207915
vn -0.994564 0.000762 0.104127
vn -0.994916 0.000825 0.100700
vn -0.979528 0.000796 0.201306
vn -0.979528 0.000796 0.201306
vn -0.994916 0.000825 0.100700
vn -0.995312 0.000847 0.096711
vn -0.981093 0.000848 0.193535
vn -0.985912 0.000640 0.167265
vn -0.996507 0.000606 0.083511
vn -0.996802 0.000453 0.079904
vn -0.987129 0.000505 0.159926
vn -0.812214 0.001201 0.583359
vn -0.753915 0.001349 0.656970
vn -0.722938 0.001754 0.690910
vn -0.790803 0.001409 0.612070
vn -0.812214 0.001201 0.583359
vn -0.829917 0.001040 0.557886
vn -0.779272 0.001021 0.626685
vn -0.753915 0.001349 0.656970
vn -0.722938 0.001754 0.690910
vn -0.645462 0.002109 0.763790
vn -0.600052 0.000898 0.799961
vn -0.691120 0.001276 0.722739
vn -0.722938 0.001754 0.690910
vn -0.753915 0.001349 0.656970
vn -0.691757 0.001151 0.722130
vn -0.645462 0.002109 0.763790
vn -0.448512 -0.001447 0.893776
vn -0.461144 -0.003726 0.887317
vn -0.345639 -0.002544 0.938364
vn -0.340847 -0.000837 0.940118
vn -0.572383 0.001462 0.819985
vn -0.483974 0.000390 0.875082
vn -0.600052 0.000898 0.799961
vn -0.645462 0.002109 0.763790
vn 0.219583 -0.001869 0.975592
vn 0.134725 -0.004186 0.990874
vn 0.147450 -0.007133 0.989044
vn 0.253502 -0.002830 0.967331
vn 0.335696 -0.000529 0.941970
vn 0.253502 -0.002830 0.967331
vn 0.294865 -0.004539 0.955528
vn 0.385405 -0.000515 0.922747
vn 0.462390 0.000166 0.886677
vn 0.504905 0.000278 0.863175
vn 0.556754 0.000583 0.830677
vn 0.520935 0.000288 0.853596
vn 0.481746 0.000238 0.876311
vn 0.520935 0.000288 0.853596
vn 0.580152 0.000357 0.814508
vn 0.545445 0.000335 0.838147
vn 0.308591 0.000319 0.951195
vn 0.373830 0.000909 0.927497
vn 0.288384 0.000398 0.957515
vn 0.229560 0.002087 0.973292
vn 0.503626 0.000564 0.863922
vn 0.545445 0.000335 0.838147
vn 0.609345 0.000416 0.792905
vn 0.574631 0.000697 0.818412
vn 0.574631 0.000697 0.818412
vn 0.643433 0.000882 0.765502
vn 0.615125 0.001261 0.788428
vn 0.536782 0.001108 0.843720
vn 0.574631 0.000697 0.818412
vn 0.609345 0.000416 0.792905
vn 0.671205 0.000539 0.741272
vn 0.643433 0.000882 0.765502
vn 0.643433 0.000882 0.765502
vn 0.708255 0.001035 0.705956
vn 0.688314 0.001244 0.725411
vn 0.615125 0.001261 0.788428
vn 0.643433 0.000882 0.765502
vn 0.671205 0.000539 0.741272
vn 0.729369 0.000576 0.684121
vn 0.708255 0.001035 0.705956
vn 0.708255 0.001035 0.705956
vn 0.768151 0.001070 0.640268
vn 0.755162 0.001255 0.655538
vn 0.688314 0.001244 0.725411
vn 0.708255 0.001035 0.705956
vn 0.729369 0.000576 0.684121
vn 0.783648 0.000391 0.621205
vn 0.768151 0.001070 0.640268
vn 0.768151 0.001070 0.640268
vn 0.824279 0.000822 0.566183
vn 0.816291 0.000776 0.577641
vn 0.755162 0.001255 0.655538
vn 0.768151 0.001070 0.640268
vn 0.783648 0.000391 0.621205
vn 0.835009 0.000700 0.550236
vn 0.824279 0.000822 0.566183
vn 0.835009 0.000700 0.550236
vn 0.883460 0.001087 0.468505
vn 0.876526 0.000396 0.481355
vn 0.824279 0.000822 0.566183
vn 0.835009 0.000700 0.550236
vn 0.849296 0.000393 0.527917
vn 0.892995 0.001405 0.450064
vn 0.883460 0.001087 0.468505
vn 0.835009 0.000700 0.550236
vn 0.783648 0.000391 0.621205
vn 0.801333 -0.000141 0.598218
vn 0.849296 0.000393 0.527917
vn 0.892995 0.001405 0.450064
vn 0.930815 0.001428 0.365489
vn 0.925656 0.000893 0.378366
vn 0.883460 0.001087 0.468505
vn 0.892995 0.001405 0.450064
vn 0.902311 0.000946 0.431085
vn 0.935729 0.000911 0.352719
vn 0.930815 0.001428 0.365489
vn 0.892995 0.001405 0.450064
vn 0.849296 0.000393 0.527917
vn 0.862837 0.000683 0.505481
vn 0.902311 0.000946 0.431085
vn 0.930815 0.001428 0.365489
vn 0.960843 0.000823 0.277091
vn 0.958383 0.000710 0.285485
vn 0.925656 0.000893 0.378366
vn 0.930815 0.001428 0.365489
vn 0.935729 0.000911 0.352719
vn 0.963027 0.000600 0.269405
vn 0.960843 0.000823 0.277091
vn 0.963027 0.000600 0.269405
vn 0.983310 0.000422 0.181938
vn 0.982472 0.000555 0.186411
vn 0.960843 0.000823 0.277091
vn 0.963027 0.000600 0.269405
vn 0.964513 0.000212 0.264034
vn 0.983917 0.000234 0.178628
vn 0.983310 0.000422 0.181938
vn 0.963027 0.000600 0.269405
vn 0.935729 0.000911 0.352719
vn 0.938652 -0.000034 0.344866
vn 0.964513 0.000212 0.264034
vn 0.983917 0.000234 0.178628
vn 0.995934 0.000229 0.090086
vn 0.995789 0.000347 0.091673
vn 0.983310 0.000422 0.181938
vn 0.983917 0.000234 0.178628
vn 0.984282 0.000101 0.176605
vn 0.996027 0.000131 0.089048
vn 0.995934 0.000229 0.090086
vn 0.983917 0.000234 0.178628
vn 0.964513 0.000212 0.264034
vn 0.965264 -0.000005 0.261276
vn 0.984282 0.000101 0.176605
vn 0.984282 0.000101 0.176605
vn 0.984471 0.000043 0.175545
vn 0.996078 0.000058 0.088475
vn 0.996027 0.000131 0.089048
vn 0.984282 0.000101 0.176605
vn 0.965264 -0.000005 0.261276
vn 0.965597 0.000011 0.260044
vn 0.984471 0.000043 0.175545
vn 0.983310 0.000422 0.181938
vn 0.995789 0.000347 0.091673
vn 0.995595 0.000443 0.093759
vn 0.982472 0.000555 0.186411
vn 0.982472 0.000555 0.186411
vn 0.981494 0.000575 0.191494
vn 0.958383 0.000710 0.285485
vn 0.960843 0.000823 0.277091
vn 0.982472 0.000555 0.186411
vn 0.995595 0.000443 0.093759
vn 0.995365 0.000491 0.096167
vn 0.981494 0.000575 0.191494
vn 0.981494 0.000575 0.191494
vn 0.980473 0.000547 0.196654
vn 0.955988 0.000543 0.293404
vn 0.958383 0.000710 0.285485
vn 0.981494 0.000575 0.191494
vn 0.995365 0.000491 0.096167
vn 0.995118 0.000514 0.098689
vn 0.980473 0.000547 0.196654
vn 0.980473 0.000547 0.196654
vn 0.979471 0.000515 0.201583
vn 0.953747 0.000469 0.300609
vn 0.955988 0.000543 0.293404
vn 0.980473 0.000547 0.196654
vn 0.995118 0.000514 0.098689
vn 0.994870 0.000514 0.101159
vn 0.979471 0.000515 0.201583
vn 0.979471 0.000515 0.201583
vn 0.978521 0.000478 0.206145
vn 0.951656 0.000438 0.307165
vn 0.953747 0.000469 0.300609
vn 0.979471 0.000515 0.201583
vn 0.994870 0.000514 0.101159
vn 0.994631 0.000483 0.103480
vn 0.978521 0.000478 0.206145
vn 0.978521 0.000478 0.206145
vn 0.977640 0.000445 0.210284
vn 0.949722 0.000418 0.313093
vn 0.951656 0.000438 0.307165
vn 0.978521 0.000478 0.206145
vn 0.994631 0.000483 0.103480
vn 0.994409 0.000458 0.105599
vn 0.977640 0.000445 0.210284
vn 0.977640 0.000445 0.210284
vn 0.976843 0.000411 0.213957
vn 0.947976 0.000383 0.318342
vn 0.949722 0.000418 0.313093
vn 0.977640 0.000445 0.210284
vn 0.994409 0.000458 0.105599
vn 0.994207 0.000433 0.107485
vn 0.976843 0.000411 0.213957
vn 0.976843 0.000411 0.213957
vn 0.976137 0.000367 0.217157
vn 0.946437 0.000334 0.322890
vn 0.947976 0.000383 0.318342
vn 0.976843 0.000411 0.213957
vn 0.994207 0.000433 0.107485
vn 0.994027 0.000387 0.109136
vn 0.976137 0.000367 0.217157
vn 0.976137 0.000367 0.217157
vn 0.975805 0.000345 0.218643
vn 0.945717 0.000311 0.324991
vn 0.946437 0.000334 0.322890
vn 0.976137 0.000367 0.217157
vn 0.994027 0.000387 0.109136
vn 0.993942 0.000362 0.109904
vn 0.975805 0.000345 0.218643
vn 0.945717 0.000311 0.324991
vn 0.903937 0.000265 0.427666
vn 0.905158 0.000295 0.425075
vn 0.946437 0.000334 0.322890
vn 0.905158 0.000295 0.425075
vn 0.903937 0.000265 0.427666
vn 0.850893 0.000226 0.525339
vn 0.852705 0.000268 0.522393
vn 0.905158 0.000295 0.425075
vn 0.907780 0.000357 0.419446
vn 0.947976 0.000383 0.318342
vn 0.946437 0.000334 0.322890
vn 0.905158 0.000295 0.425075
vn 0.852705 0.000268 0.522393
vn 0.856629 0.000358 0.515932
vn 0.907780 0.000357 0.419446
vn 0.856629 0.000358 0.515932
vn 0.852705 0.000268 0.522393
vn 0.789681 0.000241 0.613518
vn 0.795114 0.000386 0.606460
vn 0.856629 0.000358 0.515932
vn 0.861151 0.000424 0.508350
vn 0.910770 0.000390 0.412915
vn 0.907780 0.000357 0.419446
vn 0.856629 0.000358 0.515932
vn 0.795114 0.000386 0.606460
vn 0.801566 0.000550 0.597906
vn 0.861151 0.000424 0.508350
vn 0.801566 0.000550 0.597906
vn 0.795114 0.000386 0.606460
vn 0.723936 0.000384 0.689867
vn 0.732811 0.000666 0.680432
vn 0.801566 0.000550 0.597906
vn 0.808822 0.000694 0.588054
vn 0.866122 0.000406 0.499832
vn 0.861151 0.000424 0.508350
vn 0.801566 0.000550 0.597906
vn 0.732811 0.000666 0.680432
vn 0.743403 0.000976 0.668843
vn 0.808822 0.000694 0.588054
vn 0.743403 0.000976 0.668843
vn 0.732811 0.000666 0.680432
vn 0.655382 0.000662 0.755297
vn 0.670368 0.001075 0.742028
vn 0.743403 0.000976 0.668843
vn 0.755162 0.001255 0.655538
vn 0.816291 0.000776 0.577641
vn 0.808822 0.000694 0.588054
vn 0.743403 0.000976 0.668843
vn 0.670368 0.001075 0.742028
vn 0.688314 0.001244 0.725411
vn 0.755162 0.001255 0.655538
vn 0.808822 0.000694 0.588054
vn 0.816291 0.000776 0.577641
vn 0.871214 0.000225 0.490904
vn 0.866122 0.000406 0.499832
vn 0.871214 0.000225 0.490904
vn 0.917578 0.000290 0.397556
vn 0.914069 0.000364 0.405558
vn 0.866122 0.000406 0.499832
vn 0.871214 0.000225 0.490904
vn 0.876526 0.000396 0.481355
vn 0.921321 0.000345 0.388803
vn 0.917578 0.000290 0.397556
vn 0.871214 0.000225 0.490904
vn 0.816291 0.000776 0.577641
vn 0.824279 0.000822 0.566183
vn 0.876526 0.000396 0.481355
vn 0.921321 0.000345 0.388803
vn 0.955988 0.000543 0.293404
vn 0.953747 0.000469 0.300609
vn 0.917578 0.000290 0.397556
vn 0.921321 0.000345 0.388803
vn 0.925656 0.000893 0.378366
vn 0.958383 0.000710 0.285485
vn 0.955988 0.000543 0.293404
vn 0.921321 0.000345 0.388803
vn 0.876526 0.000396 0.481355
vn 0.883460 0.001087 0.468505
vn 0.925656 0.000893 0.378366
vn 0.917578 0.000290 0.397556
vn 0.953747 0.000469 0.300609
vn 0.951656 0.000438 0.307165
vn 0.914069 0.000364 0.405558
vn 0.914069 0.000364 0.405558
vn 0.910770 0.000390 0.412915
vn 0.861151 0.000424 0.508350
vn 0.866122 0.000406 0.499832
vn 0.914069 0.000364 0.405558
vn 0.951656 0.000438 0.307165
vn 0.949722 0.000418 0.313093
vn 0.910770 0.000390 0.412915
vn 0.910770 0.000390 0.412915
vn 0.949722 0.000418 0.313093
vn 0.947976 0.000383 0.318342
vn 0.907780 0.000357 0.419446
vn 0.688314 0.001244 0.725411
vn 0.670368 0.001075 0.742028
vn 0.589499 0.001137 0.807768
vn 0.615125 0.001261 0.788428
vn -0.284525 0.000342 0.958669
vn -0.300503 0.000497 0.953781
vn -0.352516 0.000059 0.935806
vn -0.334861 0.000012 0.942268
vn -0.334861 0.000012 0.942268
vn -0.352516 0.000059 0.935806
vn -0.409688 -0.000372 0.912226
vn -0.393527 -0.000392 0.919313
vn -0.409688 -0.000372 0.912226
vn -0.472754 -0.000956 0.881194
vn -0.459776 -0.001095 0.888034
vn -0.393527 -0.000392 0.919313
vn -0.409688 -0.000372 0.912226
vn -0.438724 -0.000267 0.898622
vn -0.496221 -0.000788 0.868196
vn -0.472754 -0.000956 0.881194
vn -0.409688 -0.000372 0.912226
vn -0.352516 0.000059 0.935806
vn -0.383346 0.000215 0.923605
vn -0.438724 -0.000267 0.898622
vn -0.496221 -0.000788 0.868196
vn -0.556577 -0.001475 0.830795
vn -0.540789 -0.001668 0.841156
vn -0.472754 -0.000956 0.881194
vn -0.496221 -0.000788 0.868196
vn -0.519077 -0.000531 0.854727
vn -0.571099 -0.001783 0.820879
vn -0.556577 -0.001475 0.830795
vn -0.496221 -0.000788 0.868196
vn -0.438724 -0.000267 0.898622
vn -0.465814 -0.000023 0.884883
vn -0.519077 -0.000531 0.854727
vn -0.556577 -0.001475 0.830795
vn -0.617788 -0.002191 0.786342
vn -0.610968 -0.002326 0.791652
vn -0.540789 -0.001668 0.841156
vn -0.556577 -0.001475 0.830795
vn -0.571099 -0.001783 0.820879
vn -0.622183 -0.002980 0.782866
vn -0.617788 -0.002191 0.786342
vn -0.617788 -0.002191 0.786342
vn -0.677083 -0.002304 0.735903
vn -0.678837 -0.002153 0.734286
vn -0.610968 -0.002326 0.791652
vn -0.617788 -0.002191 0.786342
vn -0.622183 -0.002980 0.782866
vn -0.671082 -0.002706 0.741378
vn -0.677083 -0.002304 0.735903
vn -0.610968 -0.002326 0.791652
vn -0.678837 -0.002153 0.734286
vn -0.679414 -0.002866 0.733749
vn -0.607040 -0.002785 0.794667
vn -0.610968 -0.002326 0.791652
vn -0.607040 -0.002785 0.794667
vn -0.532002 -0.001974 0.846741
vn -0.540789 -0.001668 0.841156
vn -0.532002 -0.001974 0.846741
vn -0.459776 -0.001095 0.888034
vn -0.472754 -0.000956 0.881194
vn -0.540789 -0.001668 0.841156
vn -0.519077 -0.000531 0.854727
vn -0.548103 -0.000137 0.836411
vn -0.592677 -0.000964 0.805440
vn -0.571099 -0.001783 0.820879
vn 0.939143 -0.000480 0.343526
vn 0.905859 0.001508 0.423577
vn 0.905595 0.002205 0.424138
vn 0.938233 -0.000619 0.346005
vn 0.799247 0.000988 0.601002
vn 0.832379 0.001886 0.554203
vn 0.832113 0.002088 0.554603
vn 0.793864 0.001829 0.608092
vn 0.883973 0.002923 0.467529
vn 0.887098 0.003874 0.461565
vn 0.905859 0.001508 0.423577
vn 0.904970 0.001441 0.425473
vn 0.991690 0.000286 -0.128650
vn 0.990150 -0.001088 -0.140009
vn 0.981909 0.001499 -0.189350
vn 0.988433 0.002060 -0.151642
vn 0.991690 0.000286 -0.128650
vn 0.988433 0.002060 -0.151642
vn 0.997098 0.001939 -0.076109
vn 0.997422 0.000048 -0.071754
vn 0.991690 0.000286 -0.128650
vn 0.997422 0.000048 -0.071754
vn 0.997381 -0.001895 -0.072307
vn 0.990150 -0.001088 -0.140009
vn -0.992762 0.000369 -0.120098
vn -0.987912 -0.001167 -0.155013
vn -0.996520 -0.003673 -0.083274
vn -0.997704 -0.000776 -0.067718
vn -0.992762 0.000369 -0.120098
vn -0.997704 -0.000776 -0.067718
vn -0.997764 0.000994 -0.066830
vn -0.990936 0.001462 -0.134331
vn -0.992762 0.000369 -0.120098
vn -0.990936 0.001462 -0.134331
vn -0.979527 0.001091 -0.201309
vn -0.987912 -0.001167 -0.155013
vn -0.624312 -0.002248 -0.781172
vn -0.655080 -0.001077 -0.755558
vn -0.625580 0.000060 -0.780160
vn -0.592667 -0.000968 -0.805447
vn -0.624312 -0.002248 -0.781172
vn -0.592667 -0.000968 -0.805447
vn -0.571099 -0.001777 -0.820880
vn -0.622189 -0.002976 -0.782861
vn -0.624312 -0.002248 -0.781172
vn -0.622189 -0.002976 -0.782861
vn -0.671087 -0.002710 -0.741374
vn -0.655080 -0.001077 -0.755558
vn -0.483973 0.000387 -0.875083
vn -0.600054 0.000897 -0.799959
vn -0.568804 -0.001401 -0.822472
vn -0.461143 -0.003724 -0.887318
vn -0.483973 0.000387 -0.875083
vn -0.461143 -0.003724 -0.887318
vn -0.345633 -0.002543 -0.938366
vn -0.344937 0.000422 -0.938626
vn -0.483973 0.000387 -0.875083
vn -0.344937 0.000422 -0.938626
vn -0.329890 0.003676 -0.944012
vn -0.433701 0.002978 -0.901052
vn 0.288384 0.000396 -0.957515
vn 0.149585 0.001037 -0.988748
vn 0.152194 -0.001444 -0.988350
vn 0.270549 -0.002333 -0.962703
vn 0.288384 0.000396 -0.957515
vn 0.229560 0.002087 -0.973292
vn 0.128819 0.002967 -0.991664
vn 0.149585 0.001037 -0.988748
vn 0.288384 0.000396 -0.957515
vn 0.270549 -0.002333 -0.962703
vn 0.378341 -0.000796 -0.925666
vn 0.407075 0.000331 -0.913395
vn -0.966311 -0.000199 -0.257377
vn -0.972596 -0.001242 -0.232500
vn -0.950028 0.000404 -0.312164
vn -0.942174 0.000210 -0.335125
vn -0.966311 -0.000199 -0.257377
vn -0.971341 0.001903 -0.237681
vn -0.988460 0.001091 -0.151478
vn -0.988187 -0.000413 -0.153256
vn -0.966311 -0.000199 -0.257377
vn -0.988187 -0.000413 -0.153256
vn -0.988371 -0.000965 -0.152058
vn -0.972596 -0.001242 -0.232500
vn 0.738780 0.000645 -0.673947
vn 0.782427 0.001112 -0.622741
vn 0.793867 0.001835 -0.608089
vn 0.773405 0.001533 -0.633911
vn 0.738780 0.000645 -0.673947
vn 0.716450 0.000061 -0.697638
vn 0.768307 -0.000244 -0.640081
vn 0.782427 0.001112 -0.622741
vn 0.738780 0.000645 -0.673947
vn 0.672822 0.000861 -0.739804
vn 0.662870 0.000658 -0.748734
vn 0.716450 0.000061 -0.697638
vn 0.888133 0.005104 -0.459559
vn 0.887100 0.003877 -0.461562
vn 0.905858 0.001508 -0.423580
vn 0.905595 0.002205 -0.424138
vn -0.718232 -0.001178 -0.695802
vn -0.677086 -0.002300 -0.735900
vn -0.678840 -0.002149 -0.734283
vn -0.710950 -0.001645 -0.703241
vn -0.718232 -0.001178 -0.695802
vn -0.714257 -0.000961 -0.699883
vn -0.671087 -0.002710 -0.741374
vn -0.677086 -0.002300 -0.735900
vn -0.718232 -0.001178 -0.695802
vn -0.760071 0.000827 -0.649839
vn -0.751725 0.000539 -0.659476
vn -0.714257 -0.000961 -0.699883
vn -0.713448 -0.002502 -0.700704
vn -0.710950 -0.001645 -0.703241
vn -0.678840 -0.002149 -0.734283
vn -0.679416 -0.002854 -0.733747
vn -0.102699 -0.012271 -0.994637
vn -0.074653 -0.008267 -0.997175
vn 0.003271 -0.011265 -0.999931
vn -0.012491 -0.014037 -0.999824
vn 0.871718 0.000535 -0.490008
vn 0.904361 -0.000285 -0.426768
vn 0.904968 0.001441 -0.425478
vn 0.883976 0.002923 -0.467524
vn 0.871718 0.000535 -0.490008
vn 0.869150 -0.000229 -0.494549
vn 0.906456 -0.001743 -0.422296
vn 0.904361 -0.000285 -0.426768
vn 0.871718 0.000535 -0.490008
vn 0.832380 0.001892 -0.554203
vn 0.832113 0.002092 -0.554602
vn 0.869150 -0.000229 -0.494549
vn 0.781309 0.000646 -0.624144
vn 0.773405 0.001533 -0.633911
vn 0.793867 0.001835 -0.608089
vn 0.799250 0.000993 -0.600998
vn 0.970197 0.000379 -0.242318
vn 0.938233 -0.000619 -0.346005
vn 0.939144 -0.000481 -0.343524
vn 0.965664 -0.000408 -0.259793
vn 0.970197 0.000379 -0.242318
vn 0.965664 -0.000408 -0.259793
vn 0.984683 -0.000327 -0.174353
vn 0.985656 0.001019 -0.168762
vn 0.970197 0.000379 -0.242318
vn 0.985656 0.001019 -0.168762
vn 0.988433 0.002060 -0.151642
vn 0.981909 0.001499 -0.189350
vn 0.999999 -0.001653 -0.000007
vn 0.997381 -0.001895 -0.072307
vn 0.997422 0.000048 -0.071754
vn 1.000000 -0.000349 -0.000008
vn -0.999999 -0.001223 0.000000
vn -0.997704 -0.000776 -0.067718
vn -0.996520 -0.003673 -0.083274
vn -0.999992 -0.004079 0.000000
vn -0.999999 -0.001223 0.000000
vn -1.000000 0.000444 0.000000
vn -0.997764 0.000994 -0.066830
vn -0.997704 -0.000776 -0.067718
vn -0.999985 -0.005477 0.000000
vn -0.999992 -0.004079 0.000000
vn -0.996520 -0.003673 -0.083274
vn -0.995456 -0.004475 -0.095123
vn -0.951572 0.000125 -0.307426
vn -0.959413 0.001462 -0.282000
vn -0.971341 0.001903 -0.237681
vn -0.966311 -0.000199 -0.257377
vn -0.951572 0.000125 -0.307426
vn -0.966311 -0.000199 -0.257377
vn -0.942174 0.000210 -0.335125
vn -0.935397 -0.000577 -0.353598
vn -0.935397 -0.000577 -0.353598
vn -0.942174 0.000210 -0.335125
vn -0.916170 0.001345 -0.400787
vn -0.911023 0.001059 -0.412354
vn -0.911023 0.001059 -0.412354
vn -0.916170 0.001345 -0.400787
vn -0.886888 0.001416 -0.461983
vn -0.884322 0.001487 -0.466875
vn -0.884322 0.001487 -0.466875
vn -0.886888 0.001416 -0.461983
vn -0.854844 0.001328 -0.518883
vn -0.854934 0.001399 -0.518735
vn -0.854934 0.001399 -0.518735
vn -0.854844 0.001328 -0.518883
vn -0.821253 0.001205 -0.570563
vn -0.824241 0.001356 -0.566237
vn -0.824241 0.001356 -0.566237
vn -0.821253 0.001205 -0.570563
vn -0.786753 0.000960 -0.617267
vn -0.792701 0.001190 -0.609609
vn -0.792701 0.001190 -0.609609
vn -0.786753 0.000960 -0.617267
vn -0.751725 0.000539 -0.659476
vn -0.760071 0.000827 -0.649839
vn -0.786753 0.000960 -0.617267
vn -0.821253 0.001205 -0.570563
vn -0.812497 0.001020 -0.582965
vn -0.772286 0.000703 -0.635274
vn -0.786753 0.000960 -0.617267
vn -0.772286 0.000703 -0.635274
vn -0.732452 0.000327 -0.680819
vn -0.751725 0.000539 -0.659476
vn -0.732452 0.000327 -0.680819
vn -0.772286 0.000703 -0.635274
vn -0.752546 0.000688 -0.658540
vn -0.707435 0.000417 -0.706778
vn -0.732452 0.000327 -0.680819
vn -0.707435 0.000417 -0.706778
vn -0.664889 0.000181 -0.746942
vn -0.693401 -0.000191 -0.720552
vn -0.732452 0.000327 -0.680819
vn -0.693401 -0.000191 -0.720552
vn -0.714257 -0.000961 -0.699883
vn -0.751725 0.000539 -0.659476
vn -0.693401 -0.000191 -0.720552
vn -0.664889 0.000181 -0.746942
vn -0.625580 0.000060 -0.780160
vn -0.655080 -0.001077 -0.755558
vn -0.693401 -0.000191 -0.720552
vn -0.655080 -0.001077 -0.755558
vn -0.671087 -0.002710 -0.741374
vn -0.714257 -0.000961 -0.699883
vn -0.664889 0.000181 -0.746942
vn -0.707435 0.000417 -0.706778
vn -0.675212 0.000430 -0.737623
vn -0.627638 0.000177 -0.778506
vn -0.664889 0.000181 -0.746942
vn -0.627638 0.000177 -0.778506
vn -0.584940 0.000064 -0.811076
vn -0.625580 0.000060 -0.780160
vn -0.584940 0.000064 -0.811076
vn -0.548104 -0.000138 -0.836410
vn -0.592667 -0.000968 -0.805447
vn -0.625580 0.000060 -0.780160
vn -0.584940 0.000064 -0.811076
vn -0.627638 0.000177 -0.778506
vn -0.579961 0.000258 -0.814644
vn -0.535435 0.000316 -0.844576
vn -0.584940 0.000064 -0.811076
vn -0.535435 0.000316 -0.844576
vn -0.497442 0.000237 -0.867497
vn -0.548104 -0.000138 -0.836410
vn -0.497442 0.000237 -0.867497
vn -0.465812 -0.000025 -0.884884
vn -0.519080 -0.000532 -0.854726
vn -0.548104 -0.000138 -0.836410
vn -0.497442 0.000237 -0.867497
vn -0.535435 0.000316 -0.844576
vn -0.473941 0.000845 -0.880556
vn -0.439241 0.000725 -0.898369
vn -0.497442 0.000237 -0.867497
vn -0.439241 0.000725 -0.898369
vn -0.410097 0.000491 -0.912042
vn -0.465812 -0.000025 -0.884884
vn -0.410097 0.000491 -0.912042
vn -0.383344 0.000213 -0.923606
vn -0.438720 -0.000273 -0.898624
vn -0.465812 -0.000025 -0.884884
vn -0.410097 0.000491 -0.912042
vn -0.439241 0.000725 -0.898369
vn -0.370853 0.001314 -0.928691
vn -0.348588 0.001022 -0.937276
vn -0.410097 0.000491 -0.912042
vn -0.348588 0.001022 -0.937276
vn -0.327318 0.000752 -0.944914
vn -0.383344 0.000213 -0.923606
vn -0.327318 0.000752 -0.944914
vn -0.300502 0.000497 -0.953781
vn -0.352516 0.000063 -0.935806
vn -0.383344 0.000213 -0.923606
vn -0.327318 0.000752 -0.944914
vn -0.348588 0.001022 -0.937276
vn -0.279916 0.001501 -0.960023
vn -0.267851 0.001312 -0.963460
vn -0.327318 0.000752 -0.944914
vn -0.267851 0.001312 -0.963460
vn -0.250524 0.001040 -0.968110
vn -0.300502 0.000497 -0.953781
vn -0.250524 0.001040 -0.968110
vn -0.239643 0.000868 -0.970861
vn -0.284522 0.000342 -0.958670
vn -0.300502 0.000497 -0.953781
vn -0.250524 0.001040 -0.968110
vn -0.267851 0.001312 -0.963460
vn -0.204125 0.001726 -0.978943
vn -0.199579 0.001709 -0.979880
vn -0.250524 0.001040 -0.968110
vn -0.199579 0.001709 -0.979880
vn -0.195794 0.001659 -0.980644
vn -0.239643 0.000868 -0.970861
vn -0.195794 0.001659 -0.980644
vn -0.199579 0.001709 -0.979880
vn -0.147442 0.001877 -0.989069
vn -0.151410 0.001913 -0.988469
vn -0.151410 0.001913 -0.988469
vn -0.147442 0.001877 -0.989069
vn -0.096513 0.001284 -0.995331
vn -0.108346 0.001238 -0.994112
vn -0.108346 0.001238 -0.994112
vn -0.096513 0.001284 -0.995331
vn -0.049413 0.000297 -0.998778
vn -0.068817 0.000016 -0.997629
vn -0.068817 0.000016 -0.997629
vn -0.049413 0.000297 -0.998778
vn -0.009453 -0.000763 -0.999955
vn -0.035255 -0.001413 -0.999377
vn -0.035255 -0.001413 -0.999377
vn -0.009453 -0.000763 -0.999955
vn 0.021248 -0.001751 -0.999773
vn -0.010564 -0.002747 -0.999941
vn -0.010564 -0.002747 -0.999941
vn 0.021248 -0.001751 -0.999773
vn 0.039868 -0.002646 -0.999201
vn 0.000891 -0.002383 -0.999997
vn 0.000891 -0.002383 -0.999997
vn 0.039868 -0.002646 -0.999201
vn 0.042308 -0.004262 -0.999096
vn -0.004846 -0.002974 -0.999984
vn -0.004846 -0.002974 -0.999984
vn 0.042308 -0.004262 -0.999096
vn 0.029109 -0.006983 -0.999552
vn -0.029385 -0.004388 -0.999559
vn -0.029385 -0.004388 -0.999559
vn 0.029109 -0.006983 -0.999552
vn 0.003271 -0.011265 -0.999931
vn -0.074653 -0.008267 -0.997175
vn 0.029109 -0.006983 -0.999552
vn 0.042308 -0.004262 -0.999096
vn 0.134725 -0.004187 -0.990874
vn 0.147450 -0.007133 -0.989044
vn 0.029109 -0.006983 -0.999552
vn 0.147450 -0.007133 -0.989044
vn 0.160636 -0.011096 -0.986951
vn 0.003271 -0.011265 -0.999931
vn 0.160636 -0.011096 -0.986951
vn 0.147450 -0.007133 -0.989044
vn 0.253502 -0.002830 -0.967331
vn 0.294862 -0.004539 -0.955529
vn 0.160636 -0.011096 -0.986951
vn 0.294862 -0.004539 -0.955529
vn 0.318293 -0.005773 -0.947975
vn 0.168099 -0.012940 -0.985685
vn 0.160636 -0.011096 -0.986951
vn 0.168099 -0.012940 -0.985685
vn -0.012491 -0.014037 -0.999824
vn 0.003271 -0.011265 -0.999931
vn 0.318293 -0.005773 -0.947975
vn 0.294862 -0.004539 -0.955529
vn 0.385401 -0.000512 -0.922749
vn 0.413093 -0.000623 -0.910689
vn 0.413093 -0.000623 -0.910689
vn 0.385401 -0.000512 -0.922749
vn 0.449691 0.000165 -0.893184
vn 0.474890 0.000245 -0.880045
vn 0.474890 0.000245 -0.880045
vn 0.449691 0.000165 -0.893184
vn 0.504905 0.000278 -0.863175
vn 0.526829 0.000357 -0.849971
vn 0.526829 0.000357 -0.849971
vn 0.504905 0.000278 -0.863175
vn 0.556754 0.000583 -0.830677
vn 0.574287 0.000823 -0.818654
vn 0.574287 0.000823 -0.818654
vn 0.556754 0.000583 -0.830677
vn 0.609018 0.000903 -0.793156
vn 0.622023 0.001347 -0.782998
vn 0.622023 0.001347 -0.782998
vn 0.609018 0.000903 -0.793156
vn 0.662870 0.000658 -0.748734
vn 0.672822 0.000861 -0.739804
vn 0.609018 0.000903 -0.793156
vn 0.556754 0.000583 -0.830677
vn 0.520937 0.000288 -0.853595
vn 0.580152 0.000357 -0.814508
vn 0.609018 0.000903 -0.793156
vn 0.580152 0.000357 -0.814508
vn 0.639218 0.000393 -0.769026
vn 0.662870 0.000658 -0.748734
vn 0.639218 0.000393 -0.769026
vn 0.580152 0.000357 -0.814508
vn 0.545443 0.000337 -0.838148
vn 0.609345 0.000416 -0.792905
vn 0.639218 0.000393 -0.769026
vn 0.609345 0.000416 -0.792905
vn 0.671210 0.000537 -0.741267
vn 0.696259 0.000385 -0.717791
vn 0.639218 0.000393 -0.769026
vn 0.696259 0.000385 -0.717791
vn 0.716450 0.000061 -0.697638
vn 0.662870 0.000658 -0.748734
vn 0.696259 0.000385 -0.717791
vn 0.671210 0.000537 -0.741267
vn 0.729366 0.000576 -0.684123
vn 0.750172 0.000138 -0.661243
vn 0.696259 0.000385 -0.717791
vn 0.750172 0.000138 -0.661243
vn 0.768307 -0.000244 -0.640081
vn 0.716450 0.000061 -0.697638
vn 0.750172 0.000138 -0.661243
vn 0.729366 0.000576 -0.684123
vn 0.783638 0.000396 -0.621217
vn 0.801325 -0.000142 -0.598229
vn 0.750172 0.000138 -0.661243
vn 0.801325 -0.000142 -0.598229
vn 0.817580 0.000140 -0.575815
vn 0.768307 -0.000244 -0.640081
vn 0.817580 0.000140 -0.575815
vn 0.801325 -0.000142 -0.598229
vn 0.849299 0.000394 -0.527912
vn 0.862839 0.000678 -0.505478
vn 0.817580 0.000140 -0.575815
vn 0.862839 0.000678 -0.505478
vn 0.870156 0.000732 -0.492776
vn 0.828286 0.001447 -0.560304
vn 0.817580 0.000140 -0.575815
vn 0.828286 0.001447 -0.560304
vn 0.782427 0.001112 -0.622741
vn 0.768307 -0.000244 -0.640081
vn 0.828286 0.001447 -0.560304
vn 0.870156 0.000732 -0.492776
vn 0.869150 -0.000229 -0.494549
vn 0.832113 0.002092 -0.554602
vn 0.828286 0.001447 -0.560304
vn 0.832113 0.002092 -0.554602
vn 0.793867 0.001835 -0.608089
vn 0.782427 0.001112 -0.622741
vn 0.870156 0.000732 -0.492776
vn 0.862839 0.000678 -0.505478
vn 0.902314 0.000948 -0.431078
vn 0.907118 -0.000149 -0.420876
vn 0.870156 0.000732 -0.492776
vn 0.907118 -0.000149 -0.420876
vn 0.906456 -0.001743 -0.422296
vn 0.869150 -0.000229 -0.494549
vn 0.907118 -0.000149 -0.420876
vn 0.902314 0.000948 -0.431078
vn 0.935730 0.000914 -0.352715
vn 0.938655 -0.000032 -0.344857
vn 0.907118 -0.000149 -0.420876
vn 0.938655 -0.000032 -0.344857
vn 0.939432 -0.000532 -0.342734
vn 0.906456 -0.001743 -0.422296
vn 0.939432 -0.000532 -0.342734
vn 0.938655 -0.000032 -0.344857
vn 0.964514 0.000210 -0.264030
vn 0.965266 -0.000005 -0.261269
vn 0.939432 -0.000532 -0.342734
vn 0.965266 -0.000005 -0.261269
vn 0.965598 0.000013 -0.260039
vn 0.939484 -0.000086 -0.342592
vn 0.939432 -0.000532 -0.342734
vn 0.939484 -0.000086 -0.342592
vn 0.904361 -0.000285 -0.426768
vn 0.906456 -0.001743 -0.422296
vn 0.939484 -0.000086 -0.342592
vn 0.965598 0.000013 -0.260039
vn 0.965797 0.000106 -0.259299
vn 0.939796 0.000090 -0.341737
vn 0.939484 -0.000086 -0.342592
vn 0.939796 0.000090 -0.341737
vn 0.904968 0.001441 -0.425478
vn 0.904361 -0.000285 -0.426768
vn 0.939796 0.000090 -0.341737
vn 0.965797 0.000106 -0.259299
vn 0.965664 -0.000408 -0.259793
vn 0.939144 -0.000481 -0.343524
vn 0.939796 0.000090 -0.341737
vn 0.939144 -0.000481 -0.343524
vn 0.905858 0.001508 -0.423580
vn 0.904968 0.001441 -0.425478
vn 0.965797 0.000106 -0.259299
vn 0.965598 0.000013 -0.260039
vn 0.984471 0.000050 -0.175548
vn 0.984564 -0.000017 -0.175023
vn 0.965797 0.000106 -0.259299
vn 0.984564 -0.000017 -0.175023
vn 0.984683 -0.000327 -0.174353
vn 0.965664 -0.000408 -0.259793
vn 0.984564 -0.000017 -0.175023
vn 0.984471 0.000050 -0.175548
vn 0.996078 0.000063 -0.088476
vn 0.996109 0.000028 -0.088131
vn 0.984564 -0.000017 -0.175023
vn 0.996109 0.000028 -0.088131
vn 0.996181 0.000193 -0.087307
vn 0.984683 -0.000327 -0.174353
vn 0.996181 0.000193 -0.087307
vn 0.996109 0.000028 -0.088131
vn 1.000000 0.000080 0.000000
vn 1.000000 0.000323 0.000000
vn 0.996181 0.000193 -0.087307
vn 1.000000 0.000323 0.000000
vn 1.000000 0.001050 0.000000
vn 0.996480 0.001125 -0.083827
vn 0.996181 0.000193 -0.087307
vn 0.996480 0.001125 -0.083827
vn 0.985656 0.001019 -0.168762
vn 0.984683 -0.000327 -0.174353
vn 0.996480 0.001125 -0.083827
vn 1.000000 0.001050 0.000000
vn 0.999999 0.001260 -0.000004
vn 0.997098 0.001939 -0.076109
vn 0.996480 0.001125 -0.083827
vn 0.997098 0.001939 -0.076109
vn 0.988433 0.002060 -0.151642
vn 0.985656 0.001019 -0.168762
vn 0.999999 0.001260 -0.000004
vn 1.000000 -0.000349 -0.000008
vn 0.997422 0.000048 -0.071754
vn 0.997098 0.001939 -0.076109
vn 1.000000 0.000080 0.000000
vn 0.996109 0.000028 -0.088131
vn 0.996078 0.000063 -0.088476
vn 1.000000 0.000072 0.000000
vn 1.000000 0.000072 0.000000
vn 0.996078 0.000063 -0.088476
vn 0.996027 0.000131 -0.089054
vn 1.000000 0.000137 0.000000
vn 1.000000 0.000137 0.000000
vn 0.996027 0.000131 -0.089054
vn 0.995934 0.000227 -0.090089
vn 1.000000 0.000226 0.000000
vn 1.000000 0.000226 0.000000
vn 0.995934 0.000227 -0.090089
vn 0.995789 0.000342 -0.091673
vn 1.000000 0.000320 0.000003
vn 1.000000 0.000320 0.000003
vn 0.995789 0.000342 -0.091673
vn 0.995595 0.000440 -0.093755
vn 1.000000 0.000410 0.000006
vn 1.000000 0.000410 0.000006
vn 0.995595 0.000440 -0.093755
vn 0.995366 0.000497 -0.096160
vn 1.000000 0.000469 0.000003
vn 1.000000 0.000469 0.000003
vn 0.995366 0.000497 -0.096160
vn 0.995118 0.000517 -0.098686
vn 1.000000 0.000500 0.000000
vn 1.000000 0.000500 0.000000
vn 0.995118 0.000517 -0.098686
vn 0.994870 0.000513 -0.101160
vn 1.000000 0.000509 0.000000
vn 1.000000 0.000509 0.000000
vn 0.994870 0.000513 -0.101160
vn 0.994632 0.000486 -0.103477
vn 1.000000 0.000484 -0.000003
vn 1.000000 0.000484 -0.000003
vn 0.994632 0.000486 -0.103477
vn 0.994409 0.000458 -0.105594
vn 1.000000 0.000462 -0.000006
vn 1.000000 0.000462 -0.000006
vn 0.994409 0.000458 -0.105594
vn 0.994207 0.000425 -0.107483
vn 1.000000 0.000436 0.000000
vn 1.000000 0.000436 0.000000
vn 0.994207 0.000425 -0.107483
vn 0.994027 0.000387 -0.109136
vn 1.000000 0.000394 0.000006
vn 1.000000 0.000394 0.000006
vn 0.994027 0.000387 -0.109136
vn 0.993942 0.000373 -0.109904
vn 1.000000 0.000376 0.000006
vn 0.787224 0.000177 -0.616668
vn 0.850896 0.000226 -0.525334
vn 0.852707 0.000270 -0.522390
vn 0.789685 0.000241 -0.613512
vn 0.787224 0.000177 -0.616668
vn 0.789685 0.000241 -0.613512
vn 0.716849 0.000180 -0.697229
vn 0.713725 0.000102 -0.700426
vn 0.716849 0.000180 -0.697229
vn 0.635100 0.000060 -0.772430
vn 0.631417 -0.000007 -0.775443
vn 0.713725 0.000102 -0.700426
vn 0.716849 0.000180 -0.697229
vn 0.789685 0.000241 -0.613512
vn 0.795115 0.000392 -0.606459
vn 0.723935 0.000382 -0.689869
vn 0.716849 0.000180 -0.697229
vn 0.723935 0.000382 -0.689869
vn 0.643758 0.000281 -0.765229
vn 0.635100 0.000060 -0.772430
vn 0.643758 0.000281 -0.765229
vn 0.555307 0.000028 -0.831645
vn 0.545610 -0.000104 -0.838039
vn 0.635100 0.000060 -0.772430
vn 0.643758 0.000281 -0.765229
vn 0.723935 0.000382 -0.689869
vn 0.732808 0.000666 -0.680436
vn 0.655382 0.000662 -0.755297
vn 0.643758 0.000281 -0.765229
vn 0.655382 0.000662 -0.755297
vn 0.569451 0.000503 -0.822025
vn 0.555307 0.000028 -0.831645
vn 0.569451 0.000503 -0.822025
vn 0.476616 0.000415 -0.879112
vn 0.460281 0.000038 -0.887773
vn 0.555307 0.000028 -0.831645
vn 0.569451 0.000503 -0.822025
vn 0.655382 0.000662 -0.755297
vn 0.670367 0.001076 -0.742029
vn 0.589498 0.001135 -0.807769
vn 0.569451 0.000503 -0.822025
vn 0.589498 0.001135 -0.807769
vn 0.502115 0.000910 -0.864800
vn 0.476616 0.000415 -0.879112
vn 0.502115 0.000910 -0.864800
vn 0.407075 0.000331 -0.913395
vn 0.378341 -0.000796 -0.925666
vn 0.476616 0.000415 -0.879112
vn 0.502115 0.000910 -0.864800
vn 0.589498 0.001135 -0.807769
vn 0.615122 0.001260 -0.788431
vn 0.536786 0.001107 -0.843718
vn 0.502115 0.000910 -0.864800
vn 0.536786 0.001107 -0.843718
vn 0.453082 0.001204 -0.891468
vn 0.407075 0.000331 -0.913395
vn 0.453082 0.001204 -0.891468
vn 0.373833 0.000907 -0.927496
vn 0.288384 0.000396 -0.957515
vn 0.407075 0.000331 -0.913395
vn 0.453082 0.001204 -0.891468
vn 0.536786 0.001107 -0.843718
vn 0.574628 0.000698 -0.818414
vn 0.503625 0.000565 -0.863922
vn 0.453082 0.001204 -0.891468
vn 0.503625 0.000565 -0.863922
vn 0.434424 0.000319 -0.900709
vn 0.373833 0.000907 -0.927496
vn 0.434424 0.000319 -0.900709
vn 0.370298 0.000060 -0.928913
vn 0.308593 0.000320 -0.951194
vn 0.373833 0.000907 -0.927496
vn 0.434424 0.000319 -0.900709
vn 0.503625 0.000565 -0.863922
vn 0.545443 0.000337 -0.838148
vn 0.481750 0.000242 -0.876309
vn 0.434424 0.000319 -0.900709
vn 0.481750 0.000242 -0.876309
vn 0.419742 0.000077 -0.907643
vn 0.370298 0.000060 -0.928913
vn 0.419742 0.000077 -0.907643
vn 0.358142 -0.000106 -0.933667
vn 0.309563 -0.000033 -0.950879
vn 0.370298 0.000060 -0.928913
vn 0.419742 0.000077 -0.907643
vn 0.481750 0.000242 -0.876309
vn 0.520937 0.000288 -0.853595
vn 0.462392 0.000165 -0.886676
vn 0.419742 0.000077 -0.907643
vn 0.462392 0.000165 -0.886676
vn 0.402438 -0.000008 -0.915447
vn 0.358142 -0.000106 -0.933667
vn 0.402438 -0.000008 -0.915447
vn 0.335696 -0.000529 -0.941970
vn 0.293141 -0.000559 -0.956069
vn 0.358142 -0.000106 -0.933667
vn 0.402438 -0.000008 -0.915447
vn 0.462392 0.000165 -0.886676
vn 0.504905 0.000278 -0.863175
vn 0.449691 0.000165 -0.893184
vn 0.402438 -0.000008 -0.915447
vn 0.449691 0.000165 -0.893184
vn 0.385401 -0.000512 -0.922749
vn 0.335696 -0.000529 -0.941970
vn 0.293141 -0.000559 -0.956069
vn 0.219583 -0.001869 -0.975592
vn 0.184181 -0.000962 -0.982892
vn 0.248729 -0.000291 -0.968573
vn 0.293141 -0.000559 -0.956069
vn 0.248729 -0.000291 -0.968573
vn 0.309563 -0.000033 -0.950879
vn 0.358142 -0.000106 -0.933667
vn 0.293141 -0.000559 -0.956069
vn 0.335696 -0.000529 -0.941970
vn 0.253502 -0.002830 -0.967331
vn 0.219583 -0.001869 -0.975592
vn 0.248729 -0.000291 -0.968573
vn 0.184181 -0.000962 -0.982892
vn 0.141243 -0.000257 -0.989975
vn 0.196533 0.000101 -0.980497
vn 0.248729 -0.000291 -0.968573
vn 0.196533 0.000101 -0.980497
vn 0.251349 0.000259 -0.967896
vn 0.309563 -0.000033 -0.950879
vn 0.251349 0.000259 -0.967896
vn 0.196533 0.000101 -0.980497
vn 0.134173 0.000581 -0.990958
vn 0.180459 0.000866 -0.983582
vn 0.251349 0.000259 -0.967896
vn 0.180459 0.000866 -0.983582
vn 0.229560 0.002087 -0.973292
vn 0.308593 0.000320 -0.951194
vn 0.251349 0.000259 -0.967896
vn 0.308593 0.000320 -0.951194
vn 0.370298 0.000060 -0.928913
vn 0.309563 -0.000033 -0.950879
vn 0.180459 0.000866 -0.983582
vn 0.134173 0.000581 -0.990958
vn 0.060525 0.001218 -0.998166
vn 0.095281 0.001705 -0.995449
vn 0.180459 0.000866 -0.983582
vn 0.095281 0.001705 -0.995449
vn 0.128819 0.002967 -0.991664
vn 0.229560 0.002087 -0.973292
vn 0.095281 0.001705 -0.995449
vn 0.060525 0.001218 -0.998166
vn -0.024234 0.001753 -0.999705
vn -0.002613 0.002198 -0.999994
vn 0.095281 0.001705 -0.995449
vn -0.002613 0.002198 -0.999994
vn 0.014683 0.002277 -0.999890
vn 0.128819 0.002967 -0.991664
vn 0.014683 0.002277 -0.999890
vn -0.002613 0.002198 -0.999994
vn -0.106238 0.002282 -0.994338
vn -0.101085 0.002266 -0.994875
vn 0.014683 0.002277 -0.999890
vn -0.101085 0.002266 -0.994875
vn -0.099255 0.001419 -0.995061
vn 0.024848 0.001394 -0.999690
vn 0.014683 0.002277 -0.999890
vn 0.024848 0.001394 -0.999690
vn 0.149585 0.001037 -0.988748
vn 0.128819 0.002967 -0.991664
vn 0.024848 0.001394 -0.999690
vn -0.099255 0.001419 -0.995061
vn -0.099437 0.000146 -0.995044
vn 0.027581 -0.000066 -0.999620
vn 0.024848 0.001394 -0.999690
vn 0.027581 -0.000066 -0.999620
vn 0.152194 -0.001444 -0.988350
vn 0.149585 0.001037 -0.988748
vn 0.027581 -0.000066 -0.999620
vn -0.099437 0.000146 -0.995044
vn -0.100401 -0.000738 -0.994947
vn 0.025002 -0.000984 -0.999687
vn 0.027581 -0.000066 -0.999620
vn 0.025002 -0.000984 -0.999687
vn 0.146240 -0.000921 -0.989249
vn 0.152194 -0.001444 -0.988350
vn 0.146240 -0.000921 -0.989249
vn 0.025002 -0.000984 -0.999687
vn 0.020230 -0.000951 -0.999795
vn 0.137988 -0.000596 -0.990434
vn 0.146240 -0.000921 -0.989249
vn 0.137988 -0.000596 -0.990434
vn 0.247899 0.000061 -0.968786
vn 0.258199 -0.000649 -0.966092
vn 0.146240 -0.000921 -0.989249
vn 0.258199 -0.000649 -0.966092
vn 0.270549 -0.002333 -0.962703
vn 0.152194 -0.001444 -0.988350
vn 0.258199 -0.000649 -0.966092
vn 0.247899 0.000061 -0.968786
vn 0.350898 0.000123 -0.936414
vn 0.361449 -0.000226 -0.932392
vn 0.258199 -0.000649 -0.966092
vn 0.361449 -0.000226 -0.932392
vn 0.378341 -0.000796 -0.925666
vn 0.270549 -0.002333 -0.962703
vn 0.361449 -0.000226 -0.932392
vn 0.350898 0.000123 -0.936414
vn 0.450145 -0.000159 -0.892956
vn 0.460281 0.000038 -0.887773
vn 0.361449 -0.000226 -0.932392
vn 0.460281 0.000038 -0.887773
vn 0.476616 0.000415 -0.879112
vn 0.378341 -0.000796 -0.925666
vn 0.450145 -0.000159 -0.892956
vn 0.350898 0.000123 -0.936414
vn 0.346745 0.000143 -0.937959
vn 0.446160 -0.000063 -0.894953
vn 0.450145 -0.000159 -0.892956
vn 0.446160 -0.000063 -0.894953
vn 0.541634 -0.000104 -0.840614
vn 0.545610 -0.000104 -0.838039
vn 0.450145 -0.000159 -0.892956
vn 0.545610 -0.000104 -0.838039
vn 0.555307 0.000028 -0.831645
vn 0.460281 0.000038 -0.887773
vn 0.541634 -0.000104 -0.840614
vn 0.631417 -0.000007 -0.775443
vn 0.635100 0.000060 -0.772430
vn 0.545610 -0.000104 -0.838039
vn -1.000000 0.000747 0.000000
vn -0.994398 0.000731 -0.105694
vn -0.994564 0.000762 -0.104127
vn -1.000000 0.000779 0.000000
vn -1.000000 0.000779 0.000000
vn -0.994564 0.000762 -0.104127
vn -0.994916 0.000822 -0.100703
vn -1.000000 0.000833 0.000000
vn -1.000000 0.000833 0.000000
vn -0.994916 0.000822 -0.100703
vn -0.995311 0.000847 -0.096719
vn -1.000000 0.000847 0.000000
vn -1.000000 0.000847 0.000000
vn -0.995311 0.000847 -0.096719
vn -0.995730 0.000824 -0.092309
vn -1.000000 0.000815 0.000001
vn -1.000000 0.000815 0.000001
vn -0.995730 0.000824 -0.092309
vn -0.996140 0.000745 -0.087777
vn -1.000000 0.000729 0.000000
vn -1.000000 0.000729 0.000000
vn -0.996140 0.000745 -0.087777
vn -0.996507 0.000606 -0.083511
vn -1.000000 0.000589 0.000000
vn -1.000000 0.000589 0.000000
vn -0.996507 0.000606 -0.083511
vn -0.996802 0.000453 -0.079904
vn -1.000000 0.000417 -0.000000
vn -1.000000 0.000417 -0.000000
vn -0.996802 0.000453 -0.079904
vn -0.997015 0.000336 -0.077209
vn -1.000000 0.000246 0.000000
vn -1.000000 0.000246 0.000000
vn -0.997015 0.000336 -0.077209
vn -0.997164 0.000265 -0.075257
vn -1.000000 0.000181 0.000000
vn -1.000000 0.000181 0.000000
vn -0.997164 0.000265 -0.075257
vn -0.997263 0.000029 -0.073940
vn -1.000000 0.000210 0.000000
vn -1.000000 0.000210 0.000000
vn -0.997263 0.000029 -0.073940
vn -0.997320 0.000012 -0.073161
vn -1.000000 0.000183 0.000000
vn -1.000000 0.000183 0.000000
vn -0.997320 0.000012 -0.073161
vn -0.997459 0.000434 -0.071247
vn -1.000000 0.000398 0.000000
vn -1.000000 0.000398 0.000000
vn -0.997459 0.000434 -0.071247
vn -0.997764 0.000994 -0.066830
vn -1.000000 0.000444 0.000000
vn -0.997459 0.000434 -0.071247
vn -0.997320 0.000012 -0.073161
vn -0.988460 0.001091 -0.151478
vn -0.989400 0.000760 -0.145214
vn -0.997459 0.000434 -0.071247
vn -0.989400 0.000760 -0.145214
vn -0.990936 0.001462 -0.134331
vn -0.997764 0.000994 -0.066830
vn -0.989400 0.000760 -0.145214
vn -0.988460 0.001091 -0.151478
vn -0.971341 0.001903 -0.237681
vn -0.974806 0.001125 -0.223051
vn -0.989400 0.000760 -0.145214
vn -0.974806 0.001125 -0.223051
vn -0.979527 0.001091 -0.201309
vn -0.990936 0.001462 -0.134331
vn -0.974806 0.001125 -0.223051
vn -0.971341 0.001903 -0.237681
vn -0.959413 0.001462 -0.282000
vn -0.964891 0.001200 -0.262649
vn -0.974806 0.001125 -0.223051
vn -0.964891 0.001200 -0.262649
vn -0.972236 0.000801 -0.234001
vn -0.979527 0.001091 -0.201309
vn -0.972236 0.000801 -0.234001
vn -0.984104 -0.001685 -0.177585
vn -0.987912 -0.001167 -0.155013
vn -0.979527 0.001091 -0.201309
vn -0.984104 -0.001685 -0.177585
vn -0.995456 -0.004475 -0.095123
vn -0.996520 -0.003673 -0.083274
vn -0.987912 -0.001167 -0.155013
vn -0.997320 0.000012 -0.073161
vn -0.997263 0.000029 -0.073940
vn -0.988187 -0.000413 -0.153256
vn -0.988460 0.001091 -0.151478
vn -0.997263 0.000029 -0.073940
vn -0.997164 0.000265 -0.075257
vn -0.988371 -0.000965 -0.152058
vn -0.988187 -0.000413 -0.153256
vn -0.997164 0.000265 -0.075257
vn -0.997015 0.000336 -0.077209
vn -0.988060 0.000416 -0.154068
vn -0.988371 -0.000965 -0.152058
vn -0.988060 0.000416 -0.154068
vn -0.997015 0.000336 -0.077209
vn -0.996802 0.000453 -0.079904
vn -0.987129 0.000504 -0.159926
vn -0.988060 0.000416 -0.154068
vn -0.987129 0.000504 -0.159926
vn -0.970616 0.000496 -0.240634
vn -0.972712 0.000164 -0.232017
vn -0.988060 0.000416 -0.154068
vn -0.972712 0.000164 -0.232017
vn -0.972596 -0.001242 -0.232500
vn -0.988371 -0.000965 -0.152058
vn -0.972712 0.000164 -0.232017
vn -0.970616 0.000496 -0.240634
vn -0.946663 0.000502 -0.322226
vn -0.950146 0.000097 -0.311806
vn -0.972712 0.000164 -0.232017
vn -0.950146 0.000097 -0.311806
vn -0.950028 0.000404 -0.312164
vn -0.972596 -0.001242 -0.232500
vn -0.950146 0.000097 -0.311806
vn -0.946663 0.000502 -0.322226
vn -0.914932 0.000641 -0.403607
vn -0.920358 0.000473 -0.391078
vn -0.950146 0.000097 -0.311806
vn -0.920358 0.000473 -0.391078
vn -0.921752 0.001026 -0.387779
vn -0.950028 0.000404 -0.312164
vn -0.921752 0.001026 -0.387779
vn -0.920358 0.000473 -0.391078
vn -0.884282 0.000831 -0.466953
vn -0.888505 0.001111 -0.458865
vn -0.921752 0.001026 -0.387779
vn -0.888505 0.001111 -0.458865
vn -0.886888 0.001416 -0.461983
vn -0.916170 0.001345 -0.400787
vn -0.921752 0.001026 -0.387779
vn -0.916170 0.001345 -0.400787
vn -0.942174 0.000210 -0.335125
vn -0.950028 0.000404 -0.312164
vn -0.888505 0.001111 -0.458865
vn -0.884282 0.000831 -0.466953
vn -0.843121 0.001040 -0.537722
vn -0.851659 0.001175 -0.524095
vn -0.888505 0.001111 -0.458865
vn -0.851659 0.001175 -0.524095
vn -0.854844 0.001328 -0.518883
vn -0.886888 0.001416 -0.461983
vn -0.851659 0.001175 -0.524095
vn -0.843121 0.001040 -0.537722
vn -0.798513 0.000959 -0.601977
vn -0.812497 0.001020 -0.582965
vn -0.851659 0.001175 -0.524095
vn -0.812497 0.001020 -0.582965
vn -0.821253 0.001205 -0.570563
vn -0.854844 0.001328 -0.518883
vn -0.798513 0.000959 -0.601977
vn -0.843121 0.001040 -0.537722
vn -0.829917 0.001041 -0.557885
vn -0.779270 0.001017 -0.626688
vn -0.798513 0.000959 -0.601977
vn -0.779270 0.001017 -0.626688
vn -0.726624 0.000767 -0.687035
vn -0.752546 0.000688 -0.658540
vn -0.798513 0.000959 -0.601977
vn -0.752546 0.000688 -0.658540
vn -0.772286 0.000703 -0.635274
vn -0.812497 0.001020 -0.582965
vn -0.726624 0.000767 -0.687035
vn -0.779270 0.001017 -0.626688
vn -0.753917 0.001351 -0.656969
vn -0.691754 0.001149 -0.722133
vn -0.726624 0.000767 -0.687035
vn -0.691754 0.001149 -0.722133
vn -0.632080 0.000559 -0.774903
vn -0.675212 0.000430 -0.737623
vn -0.726624 0.000767 -0.687035
vn -0.675212 0.000430 -0.737623
vn -0.707435 0.000417 -0.706778
vn -0.752546 0.000688 -0.658540
vn -0.632080 0.000559 -0.774903
vn -0.691754 0.001149 -0.722133
vn -0.645459 0.002112 -0.763792
vn -0.572379 0.001462 -0.819988
vn -0.632080 0.000559 -0.774903
vn -0.572379 0.001462 -0.819988
vn -0.516878 0.000788 -0.856059
vn -0.579961 0.000258 -0.814644
vn -0.632080 0.000559 -0.774903
vn -0.579961 0.000258 -0.814644
vn -0.627638 0.000177 -0.778506
vn -0.675212 0.000430 -0.737623
vn -0.516878 0.000788 -0.856059
vn -0.572379 0.001462 -0.819988
vn -0.483973 0.000387 -0.875083
vn -0.433701 0.002978 -0.901052
vn -0.516878 0.000788 -0.856059
vn -0.433701 0.002978 -0.901052
vn -0.397964 0.001656 -0.917400
vn -0.473941 0.000845 -0.880556
vn -0.516878 0.000788 -0.856059
vn -0.473941 0.000845 -0.880556
vn -0.535435 0.000316 -0.844576
vn -0.579961 0.000258 -0.814644
vn -0.397964 0.001656 -0.917400
vn -0.370853 0.001314 -0.928691
vn -0.439241 0.000725 -0.898369
vn -0.473941 0.000845 -0.880556
vn -0.397964 0.001656 -0.917400
vn -0.433701 0.002978 -0.901052
vn -0.329890 0.003676 -0.944012
vn -0.308378 0.002312 -0.951261
vn -0.397964 0.001656 -0.917400
vn -0.308378 0.002312 -0.951261
vn -0.292249 0.001795 -0.956341
vn -0.370853 0.001314 -0.928691
vn -0.292249 0.001795 -0.956341
vn -0.279916 0.001501 -0.960023
vn -0.348588 0.001022 -0.937276
vn -0.370853 0.001314 -0.928691
vn -0.292249 0.001795 -0.956341
vn -0.308378 0.002312 -0.951261
vn -0.209426 0.002402 -0.977822
vn -0.205781 0.002004 -0.978596
vn -0.292249 0.001795 -0.956341
vn -0.205781 0.002004 -0.978596
vn -0.204926 0.001771 -0.978776
vn -0.279916 0.001501 -0.960023
vn -0.204926 0.001771 -0.978776
vn -0.204125 0.001726 -0.978943
vn -0.267851 0.001312 -0.963460
vn -0.279916 0.001501 -0.960023
vn -0.204926 0.001771 -0.978776
vn -0.205781 0.002004 -0.978596
vn -0.115071 0.001978 -0.993355
vn -0.126217 0.001817 -0.992001
vn -0.204926 0.001771 -0.978776
vn -0.126217 0.001817 -0.992001
vn -0.137776 0.001808 -0.990462
vn -0.204125 0.001726 -0.978943
vn -0.137776 0.001808 -0.990462
vn -0.147442 0.001877 -0.989069
vn -0.199579 0.001709 -0.979880
vn -0.204125 0.001726 -0.978943
vn -0.137776 0.001808 -0.990462
vn -0.126217 0.001817 -0.992001
vn -0.047715 0.001595 -0.998860
vn -0.072232 0.001448 -0.997387
vn -0.137776 0.001808 -0.990462
vn -0.072232 0.001448 -0.997387
vn -0.096513 0.001284 -0.995331
vn -0.147442 0.001877 -0.989069
vn -0.072232 0.001448 -0.997387
vn -0.047715 0.001595 -0.998860
vn 0.024894 0.000944 -0.999690
vn -0.011612 0.000697 -0.999932
vn -0.072232 0.001448 -0.997387
vn -0.011612 0.000697 -0.999932
vn -0.049413 0.000297 -0.998778
vn -0.096513 0.001284 -0.995331
vn -0.011612 0.000697 -0.999932
vn 0.024894 0.000944 -0.999690
vn 0.088239 0.000266 -0.996099
vn 0.040794 -0.000012 -0.999168
vn -0.011612 0.000697 -0.999932
vn 0.040794 -0.000012 -0.999168
vn -0.009453 -0.000763 -0.999955
vn -0.049413 0.000297 -0.998778
vn 0.040794 -0.000012 -0.999168
vn 0.088239 0.000266 -0.996099
vn 0.141243 -0.000257 -0.989975
vn 0.083167 -0.000629 -0.996535
vn 0.040794 -0.000012 -0.999168
vn 0.083167 -0.000629 -0.996535
vn 0.021248 -0.001751 -0.999773
vn -0.009453 -0.000763 -0.999955
vn 0.083167 -0.000629 -0.996535
vn 0.141243 -0.000257 -0.989975
vn 0.184181 -0.000962 -0.982892
vn 0.114707 -0.002174 -0.993397
vn 0.083167 -0.000629 -0.996535
vn 0.114707 -0.002174 -0.993397
vn 0.039868 -0.002646 -0.999201
vn 0.021248 -0.001751 -0.999773
vn 0.114707 -0.002174 -0.993397
vn 0.184181 -0.000962 -0.982892
vn 0.219583 -0.001869 -0.975592
vn 0.134725 -0.004187 -0.990874
vn 0.114707 -0.002174 -0.993397
vn 0.134725 -0.004187 -0.990874
vn 0.042308 -0.004262 -0.999096
vn 0.039868 -0.002646 -0.999201
vn 0.088239 0.000266 -0.996099
vn 0.024894 0.000944 -0.999690
vn 0.060525 0.001218 -0.998166
vn 0.134173 0.000581 -0.990958
vn 0.088239 0.000266 -0.996099
vn 0.134173 0.000581 -0.990958
vn 0.196533 0.000101 -0.980497
vn 0.141243 -0.000257 -0.989975
vn 0.024894 0.000944 -0.999690
vn -0.047715 0.001595 -0.998860
vn -0.024234 0.001753 -0.999705
vn 0.060525 0.001218 -0.998166
vn -0.047715 0.001595 -0.998860
vn -0.126217 0.001817 -0.992001
vn -0.115071 0.001978 -0.993355
vn -0.024234 0.001753 -0.999705
vn -0.115071 0.001978 -0.993355
vn -0.205781 0.002004 -0.978596
vn -0.209426 0.002402 -0.977822
vn -0.106238 0.002282 -0.994338
vn -0.115071 0.001978 -0.993355
vn -0.106238 0.002282 -0.994338
vn -0.002613 0.002198 -0.999994
vn -0.024234 0.001753 -0.999705
vn -0.209426 0.002402 -0.977822
vn -0.308378 0.002312 -0.951261
vn -0.329890 0.003676 -0.944012
vn -0.216020 0.002450 -0.976386
vn -0.209426 0.002402 -0.977822
vn -0.216020 0.002450 -0.976386
vn -0.101085 0.002266 -0.994875
vn -0.106238 0.002282 -0.994338
vn -0.216020 0.002450 -0.976386
vn -0.329890 0.003676 -0.944012
vn -0.344937 0.000422 -0.938626
vn -0.222193 0.001297 -0.975002
vn -0.216020 0.002450 -0.976386
vn -0.222193 0.001297 -0.975002
vn -0.099255 0.001419 -0.995061
vn -0.101085 0.002266 -0.994875
vn -0.222193 0.001297 -0.975002
vn -0.344937 0.000422 -0.938626
vn -0.345633 -0.002543 -0.938366
vn -0.224892 -0.000236 -0.974384
vn -0.222193 0.001297 -0.975002
vn -0.224892 -0.000236 -0.974384
vn -0.099437 0.000146 -0.995044
vn -0.099255 0.001419 -0.995061
vn -0.224892 -0.000236 -0.974384
vn -0.345633 -0.002543 -0.938366
vn -0.340843 -0.000834 -0.940120
vn -0.224192 -0.000907 -0.974545
vn -0.224892 -0.000236 -0.974384
vn -0.224192 -0.000907 -0.974545
vn -0.100401 -0.000738 -0.994947
vn -0.099437 0.000146 -0.995044
vn -0.224192 -0.000907 -0.974545
vn -0.340843 -0.000834 -0.940120
vn -0.335698 -0.000406 -0.941970
vn -0.221823 -0.000893 -0.975087
vn -0.224192 -0.000907 -0.974545
vn -0.221823 -0.000893 -0.975087
vn -0.101482 -0.000951 -0.994837
vn -0.100401 -0.000738 -0.994947
vn -0.101482 -0.000951 -0.994837
vn -0.221823 -0.000893 -0.975087
vn -0.220447 -0.000783 -0.975399
vn -0.102005 -0.000907 -0.994784
vn -0.101482 -0.000951 -0.994837
vn -0.102005 -0.000907 -0.994784
vn 0.017685 -0.000814 -0.999843
vn 0.020230 -0.000951 -0.999795
vn -0.101482 -0.000951 -0.994837
vn 0.020230 -0.000951 -0.999795
vn 0.025002 -0.000984 -0.999687
vn -0.100401 -0.000738 -0.994947
vn 0.017685 -0.000814 -0.999843
vn 0.133817 -0.000424 -0.991006
vn 0.137988 -0.000596 -0.990434
vn 0.020230 -0.000951 -0.999795
vn 0.133817 -0.000424 -0.991006
vn 0.243323 0.000070 -0.969945
vn 0.247899 0.000061 -0.968786
vn 0.137988 -0.000596 -0.990434
vn 0.243323 0.000070 -0.969945
vn 0.346745 0.000143 -0.937959
vn 0.350898 0.000123 -0.936414
vn 0.247899 0.000061 -0.968786
vn -0.333089 -0.000347 -0.942895
vn -0.220447 -0.000783 -0.975399
vn -0.221823 -0.000893 -0.975087
vn -0.335698 -0.000406 -0.941970
vn -0.333089 -0.000347 -0.942895
vn -0.335698 -0.000406 -0.941970
vn -0.440914 -0.000121 -0.897549
vn -0.437941 -0.000027 -0.899004
vn -0.440914 -0.000121 -0.897549
vn -0.539985 -0.000641 -0.841674
vn -0.536514 -0.000323 -0.843891
vn -0.437941 -0.000027 -0.899004
vn -0.440914 -0.000121 -0.897549
vn -0.335698 -0.000406 -0.941970
vn -0.340843 -0.000834 -0.940120
vn -0.448510 -0.001443 -0.893777
vn -0.440914 -0.000121 -0.897549
vn -0.448510 -0.001443 -0.893777
vn -0.550068 -0.001398 -0.835118
vn -0.539985 -0.000641 -0.841674
vn -0.550068 -0.001398 -0.835118
vn -0.645648 -0.000350 -0.763635
vn -0.634167 -0.000773 -0.773196
vn -0.539985 -0.000641 -0.841674
vn -0.550068 -0.001398 -0.835118
vn -0.448510 -0.001443 -0.893777
vn -0.461143 -0.003724 -0.887318
vn -0.568804 -0.001401 -0.822472
vn -0.550068 -0.001398 -0.835118
vn -0.568804 -0.001401 -0.822472
vn -0.664399 0.000449 -0.747378
vn -0.645648 -0.000350 -0.763635
vn -0.664399 0.000449 -0.747378
vn -0.747554 0.000745 -0.664200
vn -0.731723 0.000038 -0.681603
vn -0.645648 -0.000350 -0.763635
vn -0.664399 0.000449 -0.747378
vn -0.568804 -0.001401 -0.822472
vn -0.600054 0.000897 -0.799959
vn -0.691120 0.001276 -0.722739
vn -0.664399 0.000449 -0.747378
vn -0.691120 0.001276 -0.722739
vn -0.768050 0.001337 -0.640389
vn -0.747554 0.000745 -0.664200
vn -0.768050 0.001337 -0.640389
vn -0.833046 0.001115 -0.553202
vn -0.818100 0.000799 -0.575075
vn -0.747554 0.000745 -0.664200
vn -0.768050 0.001337 -0.640389
vn -0.691120 0.001276 -0.722739
vn -0.722939 0.001758 -0.690910
vn -0.790808 0.001415 -0.612063
vn -0.768050 0.001337 -0.640389
vn -0.790808 0.001415 -0.612063
vn -0.848934 0.001167 -0.528497
vn -0.833046 0.001115 -0.553202
vn -0.848934 0.001167 -0.528497
vn -0.897168 0.000973 -0.441688
vn -0.886456 0.000967 -0.462811
vn -0.833046 0.001115 -0.553202
vn -0.848934 0.001167 -0.528497
vn -0.790808 0.001415 -0.612063
vn -0.812217 0.001207 -0.583355
vn -0.863658 0.001021 -0.504077
vn -0.848934 0.001167 -0.528497
vn -0.863658 0.001021 -0.504077
vn -0.906957 0.000849 -0.421222
vn -0.897168 0.000973 -0.441688
vn -0.906957 0.000849 -0.421222
vn -0.941667 0.000714 -0.336546
vn -0.935554 0.000857 -0.353182
vn -0.897168 0.000973 -0.441688
vn -0.906957 0.000849 -0.421222
vn -0.863658 0.001021 -0.504077
vn -0.875726 0.000863 -0.482808
vn -0.914932 0.000641 -0.403607
vn -0.906957 0.000849 -0.421222
vn -0.914932 0.000641 -0.403607
vn -0.946663 0.000502 -0.322226
vn -0.941667 0.000714 -0.336546
vn -0.875726 0.000863 -0.482808
vn -0.863658 0.001021 -0.504077
vn -0.812217 0.001207 -0.583355
vn -0.829917 0.001041 -0.557885
vn -0.875726 0.000863 -0.482808
vn -0.829917 0.001041 -0.557885
vn -0.843121 0.001040 -0.537722
vn -0.884282 0.000831 -0.466953
vn -0.875726 0.000863 -0.482808
vn -0.884282 0.000831 -0.466953
vn -0.920358 0.000473 -0.391078
vn -0.914932 0.000641 -0.403607
vn -0.935554 0.000857 -0.353182
vn -0.964437 0.000801 -0.264311
vn -0.960675 0.000873 -0.277673
vn -0.928801 0.000895 -0.370578
vn -0.935554 0.000857 -0.353182
vn -0.928801 0.000895 -0.370578
vn -0.886456 0.000967 -0.462811
vn -0.897168 0.000973 -0.441688
vn -0.935554 0.000857 -0.353182
vn -0.941667 0.000714 -0.336546
vn -0.967830 0.000661 -0.251604
vn -0.964437 0.000801 -0.264311
vn -0.967830 0.000661 -0.251604
vn -0.985912 0.000640 -0.167266
vn -0.984422 0.000772 -0.175818
vn -0.964437 0.000801 -0.264311
vn -0.967830 0.000661 -0.251604
vn -0.941667 0.000714 -0.336546
vn -0.946663 0.000502 -0.322226
vn -0.970616 0.000496 -0.240634
vn -0.967830 0.000661 -0.251604
vn -0.970616 0.000496 -0.240634
vn -0.987129 0.000504 -0.159926
vn -0.985912 0.000640 -0.167266
vn -0.984422 0.000772 -0.175818
vn -0.996140 0.000745 -0.087777
vn -0.995730 0.000824 -0.092309
vn -0.982769 0.000849 -0.184838
vn -0.984422 0.000772 -0.175818
vn -0.982769 0.000849 -0.184838
vn -0.960675 0.000873 -0.277673
vn -0.964437 0.000801 -0.264311
vn -0.984422 0.000772 -0.175818
vn -0.985912 0.000640 -0.167266
vn -0.996507 0.000606 -0.083511
vn -0.996140 0.000745 -0.087777
vn -0.982769 0.000849 -0.184838
vn -0.995730 0.000824 -0.092309
vn -0.995311 0.000847 -0.096719
vn -0.981093 0.000848 -0.193535
vn -0.982769 0.000849 -0.184838
vn -0.981093 0.000848 -0.193535
vn -0.956905 0.000844 -0.290400
vn -0.960675 0.000873 -0.277673
vn -0.956905 0.000844 -0.290400
vn -0.981093 0.000848 -0.193535
vn -0.979528 0.000792 -0.201305
vn -0.953448 0.000744 -0.301557
vn -0.956905 0.000844 -0.290400
vn -0.953448 0.000744 -0.301557
vn -0.916137 0.000675 -0.400864
vn -0.922122 0.000829 -0.386899
vn -0.956905 0.000844 -0.290400
vn -0.922122 0.000829 -0.386899
vn -0.928801 0.000895 -0.370578
vn -0.960675 0.000873 -0.277673
vn -0.922122 0.000829 -0.386899
vn -0.916137 0.000675 -0.400864
vn -0.867039 0.000565 -0.498240
vn -0.876072 0.000817 -0.482179
vn -0.922122 0.000829 -0.386899
vn -0.876072 0.000817 -0.482179
vn -0.886456 0.000967 -0.462811
vn -0.928801 0.000895 -0.370578
vn -0.876072 0.000817 -0.482179
vn -0.867039 0.000565 -0.498240
vn -0.805666 0.000391 -0.592370
vn -0.818100 0.000799 -0.575075
vn -0.876072 0.000817 -0.482179
vn -0.818100 0.000799 -0.575075
vn -0.833046 0.001115 -0.553202
vn -0.886456 0.000967 -0.462811
vn -0.805666 0.000391 -0.592370
vn -0.867039 0.000565 -0.498240
vn -0.859664 0.000316 -0.510860
vn -0.796054 0.000058 -0.605226
vn -0.805666 0.000391 -0.592370
vn -0.796054 0.000058 -0.605226
vn -0.720501 -0.000316 -0.693454
vn -0.731723 0.000038 -0.681603
vn -0.805666 0.000391 -0.592370
vn -0.731723 0.000038 -0.681603
vn -0.747554 0.000745 -0.664200
vn -0.818100 0.000799 -0.575075
vn -0.720501 -0.000316 -0.693454
vn -0.796054 0.000058 -0.605226
vn -0.791900 -0.000063 -0.610651
vn -0.715889 -0.000381 -0.698214
vn -0.720501 -0.000316 -0.693454
vn -0.715889 -0.000381 -0.698214
vn -0.629849 -0.000582 -0.776717
vn -0.634167 -0.000773 -0.773196
vn -0.720501 -0.000316 -0.693454
vn -0.634167 -0.000773 -0.773196
vn -0.645648 -0.000350 -0.763635
vn -0.731723 0.000038 -0.681603
vn -0.629849 -0.000582 -0.776717
vn -0.536514 -0.000323 -0.843891
vn -0.539985 -0.000641 -0.841674
vn -0.634167 -0.000773 -0.773196
vn -0.856371 0.000208 -0.516361
vn -0.791900 -0.000063 -0.610651
vn -0.796054 0.000058 -0.605226
vn -0.859664 0.000316 -0.510860
vn -0.856371 0.000208 -0.516361
vn -0.859664 0.000316 -0.510860
vn -0.911071 0.000492 -0.412250
vn -0.908758 0.000407 -0.417323
vn -0.911071 0.000492 -0.412250
vn -0.950446 0.000616 -0.310890
vn -0.949057 0.000560 -0.315105
vn -0.908758 0.000407 -0.417323
vn -0.911071 0.000492 -0.412250
vn -0.859664 0.000316 -0.510860
vn -0.867039 0.000565 -0.498240
vn -0.916137 0.000675 -0.400864
vn -0.911071 0.000492 -0.412250
vn -0.916137 0.000675 -0.400864
vn -0.953448 0.000744 -0.301557
vn -0.950446 0.000616 -0.310890
vn -0.949057 0.000560 -0.315105
vn -0.950446 0.000616 -0.310890
vn -0.978147 0.000707 -0.207914
vn -0.977502 0.000672 -0.210924
vn -0.978147 0.000707 -0.207914
vn -0.994564 0.000762 -0.104127
vn -0.994398 0.000731 -0.105694
vn -0.977502 0.000672 -0.210924
vn -0.978147 0.000707 -0.207914
vn -0.950446 0.000616 -0.310890
vn -0.953448 0.000744 -0.301557
vn -0.979528 0.000792 -0.201305
vn -0.978147 0.000707 -0.207914
vn -0.979528 0.000792 -0.201305
vn -0.994916 0.000822 -0.100703
vn -0.994564 0.000762 -0.104127
vn -0.979528 0.000792 -0.201305
vn -0.981093 0.000848 -0.193535
vn -0.995311 0.000847 -0.096719
vn -0.994916 0.000822 -0.100703
vn -0.985912 0.000640 -0.167266
vn -0.987129 0.000504 -0.159926
vn -0.996802 0.000453 -0.079904
vn -0.996507 0.000606 -0.083511
vn -0.812217 0.001207 -0.583355
vn -0.790808 0.001415 -0.612063
vn -0.722939 0.001758 -0.690910
vn -0.753917 0.001351 -0.656969
vn -0.812217 0.001207 -0.583355
vn -0.753917 0.001351 -0.656969
vn -0.779270 0.001017 -0.626688
vn -0.829917 0.001041 -0.557885
vn -0.722939 0.001758 -0.690910
vn -0.691120 0.001276 -0.722739
vn -0.600054 0.000897 -0.799959
vn -0.645459 0.002112 -0.763792
vn -0.722939 0.001758 -0.690910
vn -0.645459 0.002112 -0.763792
vn -0.691754 0.001149 -0.722133
vn -0.753917 0.001351 -0.656969
vn -0.448510 -0.001443 -0.893777
vn -0.340843 -0.000834 -0.940120
vn -0.345633 -0.002543 -0.938366
vn -0.461143 -0.003724 -0.887318
vn -0.572379 0.001462 -0.819988
vn -0.645459 0.002112 -0.763792
vn -0.600054 0.000897 -0.799959
vn -0.483973 0.000387 -0.875083
vn 0.219583 -0.001869 -0.975592
vn 0.253502 -0.002830 -0.967331
vn 0.147450 -0.007133 -0.989044
vn 0.134725 -0.004187 -0.990874
vn 0.335696 -0.000529 -0.941970
vn 0.385401 -0.000512 -0.922749
vn 0.294862 -0.004539 -0.955529
vn 0.253502 -0.002830 -0.967331
vn 0.462392 0.000165 -0.886676
vn 0.520937 0.000288 -0.853595
vn 0.556754 0.000583 -0.830677
vn 0.504905 0.000278 -0.863175
vn 0.481750 0.000242 -0.876309
vn 0.545443 0.000337 -0.838148
vn 0.580152 0.000357 -0.814508
vn 0.520937 0.000288 -0.853595
vn 0.308593 0.000320 -0.951194
vn 0.229560 0.002087 -0.973292
vn 0.288384 0.000396 -0.957515
vn 0.373833 0.000907 -0.927496
vn 0.503625 0.000565 -0.863922
vn 0.574628 0.000698 -0.818414
vn 0.609345 0.000416 -0.792905
vn 0.545443 0.000337 -0.838148
vn 0.574628 0.000698 -0.818414
vn 0.536786 0.001107 -0.843718
vn 0.615122 0.001260 -0.788431
vn 0.643433 0.000883 -0.765502
vn 0.574628 0.000698 -0.818414
vn 0.643433 0.000883 -0.765502
vn 0.671210 0.000537 -0.741267
vn 0.609345 0.000416 -0.792905
vn 0.643433 0.000883 -0.765502
vn 0.615122 0.001260 -0.788431
vn 0.688313 0.001242 -0.725412
vn 0.708257 0.001031 -0.705954
vn 0.643433 0.000883 -0.765502
vn 0.708257 0.001031 -0.705954
vn 0.729366 0.000576 -0.684123
vn 0.671210 0.000537 -0.741267
vn 0.708257 0.001031 -0.705954
vn 0.688313 0.001242 -0.725412
vn 0.755165 0.001253 -0.655534
vn 0.768149 0.001068 -0.640270
vn 0.708257 0.001031 -0.705954
vn 0.768149 0.001068 -0.640270
vn 0.783638 0.000396 -0.621217
vn 0.729366 0.000576 -0.684123
vn 0.768149 0.001068 -0.640270
vn 0.755165 0.001253 -0.655534
vn 0.816290 0.000774 -0.577642
vn 0.824276 0.000825 -0.566187
vn 0.768149 0.001068 -0.640270
vn 0.824276 0.000825 -0.566187
vn 0.835008 0.000706 -0.550238
vn 0.783638 0.000396 -0.621217
vn 0.835008 0.000706 -0.550238
vn 0.824276 0.000825 -0.566187
vn 0.876527 0.000398 -0.481353
vn 0.883464 0.001090 -0.468498
vn 0.835008 0.000706 -0.550238
vn 0.883464 0.001090 -0.468498
vn 0.893000 0.001407 -0.450054
vn 0.849299 0.000394 -0.527912
vn 0.835008 0.000706 -0.550238
vn 0.849299 0.000394 -0.527912
vn 0.801325 -0.000142 -0.598229
vn 0.783638 0.000396 -0.621217
vn 0.893000 0.001407 -0.450054
vn 0.883464 0.001090 -0.468498
vn 0.925658 0.000895 -0.378361
vn 0.930815 0.001428 -0.365487
vn 0.893000 0.001407 -0.450054
vn 0.930815 0.001428 -0.365487
vn 0.935730 0.000914 -0.352715
vn 0.902314 0.000948 -0.431078
vn 0.893000 0.001407 -0.450054
vn 0.902314 0.000948 -0.431078
vn 0.862839 0.000678 -0.505478
vn 0.849299 0.000394 -0.527912
vn 0.930815 0.001428 -0.365487
vn 0.925658 0.000895 -0.378361
vn 0.958381 0.000715 -0.285491
vn 0.960842 0.000821 -0.277094
vn 0.930815 0.001428 -0.365487
vn 0.960842 0.000821 -0.277094
vn 0.963027 0.000602 -0.269404
vn 0.935730 0.000914 -0.352715
vn 0.963027 0.000602 -0.269404
vn 0.960842 0.000821 -0.277094
vn 0.982470 0.000550 -0.186418
vn 0.983309 0.000419 -0.181942
vn 0.963027 0.000602 -0.269404
vn 0.983309 0.000419 -0.181942
vn 0.983917 0.000229 -0.178626
vn 0.964514 0.000210 -0.264030
vn 0.963027 0.000602 -0.269404
vn 0.964514 0.000210 -0.264030
vn 0.938655 -0.000032 -0.344857
vn 0.935730 0.000914 -0.352715
vn 0.983917 0.000229 -0.178626
vn 0.983309 0.000419 -0.181942
vn 0.995789 0.000342 -0.091673
vn 0.995934 0.000227 -0.090089
vn 0.983917 0.000229 -0.178626
vn 0.995934 0.000227 -0.090089
vn 0.996027 0.000131 -0.089054
vn 0.984282 0.000101 -0.176603
vn 0.983917 0.000229 -0.178626
vn 0.984282 0.000101 -0.176603
vn 0.965266 -0.000005 -0.261269
vn 0.964514 0.000210 -0.264030
vn 0.984282 0.000101 -0.176603
vn 0.996027 0.000131 -0.089054
vn 0.996078 0.000063 -0.088476
vn 0.984471 0.000050 -0.175548
vn 0.984282 0.000101 -0.176603
vn 0.984471 0.000050 -0.175548
vn 0.965598 0.000013 -0.260039
vn 0.965266 -0.000005 -0.261269
vn 0.983309 0.000419 -0.181942
vn 0.982470 0.000550 -0.186418
vn 0.995595 0.000440 -0.093755
vn 0.995789 0.000342 -0.091673
vn 0.982470 0.000550 -0.186418
vn 0.960842 0.000821 -0.277094
vn 0.958381 0.000715 -0.285491
vn 0.981492 0.000581 -0.191501
vn 0.982470 0.000550 -0.186418
vn 0.981492 0.000581 -0.191501
vn 0.995366 0.000497 -0.096160
vn 0.995595 0.000440 -0.093755
vn 0.981492 0.000581 -0.191501
vn 0.958381 0.000715 -0.285491
vn 0.955988 0.000545 -0.293405
vn 0.980472 0.000551 -0.196660
vn 0.981492 0.000581 -0.191501
vn 0.980472 0.000551 -0.196660
vn 0.995118 0.000517 -0.098686
vn 0.995366 0.000497 -0.096160
vn 0.980472 0.000551 -0.196660
vn 0.955988 0.000545 -0.293405
vn 0.953748 0.000462 -0.300608
vn 0.979471 0.000511 -0.201586
vn 0.980472 0.000551 -0.196660
vn 0.979471 0.000511 -0.201586
vn 0.994870 0.000513 -0.101160
vn 0.995118 0.000517 -0.098686
vn 0.979471 0.000511 -0.201586
vn 0.953748 0.000462 -0.300608
vn 0.951656 0.000436 -0.307167
vn 0.978522 0.000476 -0.206142
vn 0.979471 0.000511 -0.201586
vn 0.978522 0.000476 -0.206142
vn 0.994632 0.000486 -0.103477
vn 0.994870 0.000513 -0.101160
vn 0.978522 0.000476 -0.206142
vn 0.951656 0.000436 -0.307167
vn 0.949721 0.000419 -0.313097
vn 0.977641 0.000445 -0.210279
vn 0.978522 0.000476 -0.206142
vn 0.977641 0.000445 -0.210279
vn 0.994409 0.000458 -0.105594
vn 0.994632 0.000486 -0.103477
vn 0.977641 0.000445 -0.210279
vn 0.949721 0.000419 -0.313097
vn 0.947976 0.000384 -0.318343
vn 0.976843 0.000410 -0.213959
vn 0.977641 0.000445 -0.210279
vn 0.976843 0.000410 -0.213959
vn 0.994207 0.000425 -0.107483
vn 0.994409 0.000458 -0.105594
vn 0.976843 0.000410 -0.213959
vn 0.947976 0.000384 -0.318343
vn 0.946436 0.000335 -0.322892
vn 0.976135 0.000367 -0.217164
vn 0.976843 0.000410 -0.213959
vn 0.976135 0.000367 -0.217164
vn 0.994027 0.000387 -0.109136
vn 0.994207 0.000425 -0.107483
vn 0.976135 0.000367 -0.217164
vn 0.946436 0.000335 -0.322892
vn 0.945715 0.000317 -0.324997
vn 0.975804 0.000350 -0.218649
vn 0.976135 0.000367 -0.217164
vn 0.975804 0.000350 -0.218649
vn 0.993942 0.000373 -0.109904
vn 0.994027 0.000387 -0.109136
vn 0.945715 0.000317 -0.324997
vn 0.946436 0.000335 -0.322892
vn 0.905157 0.000299 -0.425077
vn 0.903935 0.000273 -0.427669
vn 0.905157 0.000299 -0.425077
vn 0.852707 0.000270 -0.522390
vn 0.850896 0.000226 -0.525334
vn 0.903935 0.000273 -0.427669
vn 0.905157 0.000299 -0.425077
vn 0.946436 0.000335 -0.322892
vn 0.947976 0.000384 -0.318343
vn 0.907782 0.000361 -0.419443
vn 0.905157 0.000299 -0.425077
vn 0.907782 0.000361 -0.419443
vn 0.856631 0.000367 -0.515930
vn 0.852707 0.000270 -0.522390
vn 0.856631 0.000367 -0.515930
vn 0.795115 0.000392 -0.606459
vn 0.789685 0.000241 -0.613512
vn 0.852707 0.000270 -0.522390
vn 0.856631 0.000367 -0.515930
vn 0.907782 0.000361 -0.419443
vn 0.910772 0.000391 -0.412909
vn 0.861153 0.000425 -0.508345
vn 0.856631 0.000367 -0.515930
vn 0.861153 0.000425 -0.508345
vn 0.801564 0.000550 -0.597909
vn 0.795115 0.000392 -0.606459
vn 0.801564 0.000550 -0.597909
vn 0.732808 0.000666 -0.680436
vn 0.723935 0.000382 -0.689869
vn 0.795115 0.000392 -0.606459
vn 0.801564 0.000550 -0.597909
vn 0.861153 0.000425 -0.508345
vn 0.866124 0.000400 -0.499829
vn 0.808820 0.000688 -0.588055
vn 0.801564 0.000550 -0.597909
vn 0.808820 0.000688 -0.588055
vn 0.743403 0.000975 -0.668843
vn 0.732808 0.000666 -0.680436
vn 0.743403 0.000975 -0.668843
vn 0.670367 0.001076 -0.742029
vn 0.655382 0.000662 -0.755297
vn 0.732808 0.000666 -0.680436
vn 0.743403 0.000975 -0.668843
vn 0.808820 0.000688 -0.588055
vn 0.816290 0.000774 -0.577642
vn 0.755165 0.001253 -0.655534
vn 0.743403 0.000975 -0.668843
vn 0.755165 0.001253 -0.655534
vn 0.688313 0.001242 -0.725412
vn 0.670367 0.001076 -0.742029
vn 0.808820 0.000688 -0.588055
vn 0.866124 0.000400 -0.499829
vn 0.871214 0.000225 -0.490904
vn 0.816290 0.000774 -0.577642
vn 0.871214 0.000225 -0.490904
vn 0.866124 0.000400 -0.499829
vn 0.914071 0.000362 -0.405555
vn 0.917579 0.000287 -0.397553
vn 0.871214 0.000225 -0.490904
vn 0.917579 0.000287 -0.397553
vn 0.921324 0.000346 -0.388796
vn 0.876527 0.000398 -0.481353
vn 0.871214 0.000225 -0.490904
vn 0.876527 0.000398 -0.481353
vn 0.824276 0.000825 -0.566187
vn 0.816290 0.000774 -0.577642
vn 0.921324 0.000346 -0.388796
vn 0.917579 0.000287 -0.397553
vn 0.953748 0.000462 -0.300608
vn 0.955988 0.000545 -0.293405
vn 0.921324 0.000346 -0.388796
vn 0.955988 0.000545 -0.293405
vn 0.958381 0.000715 -0.285491
vn 0.925658 0.000895 -0.378361
vn 0.921324 0.000346 -0.388796
vn 0.925658 0.000895 -0.378361
vn 0.883464 0.001090 -0.468498
vn 0.876527 0.000398 -0.481353
vn 0.917579 0.000287 -0.397553
vn 0.914071 0.000362 -0.405555
vn 0.951656 0.000436 -0.307167
vn 0.953748 0.000462 -0.300608
vn 0.914071 0.000362 -0.405555
vn 0.866124 0.000400 -0.499829
vn 0.861153 0.000425 -0.508345
vn 0.910772 0.000391 -0.412909
vn 0.914071 0.000362 -0.405555
vn 0.910772 0.000391 -0.412909
vn 0.949721 0.000419 -0.313097
vn 0.951656 0.000436 -0.307167
vn 0.910772 0.000391 -0.412909
vn 0.907782 0.000361 -0.419443
vn 0.947976 0.000384 -0.318343
vn 0.949721 0.000419 -0.313097
vn 0.688313 0.001242 -0.725412
vn 0.615122 0.001260 -0.788431
vn 0.589498 0.001135 -0.807769
vn 0.670367 0.001076 -0.742029
vn -0.284522 0.000342 -0.958670
vn -0.334857 0.000019 -0.942269
vn -0.352516 0.000063 -0.935806
vn -0.300502 0.000497 -0.953781
vn -0.334857 0.000019 -0.942269
vn -0.393537 -0.000385 -0.919309
vn -0.409695 -0.000369 -0.912222
vn -0.352516 0.000063 -0.935806
vn -0.409695 -0.000369 -0.912222
vn -0.393537 -0.000385 -0.919309
vn -0.459780 -0.001087 -0.888032
vn -0.472751 -0.000954 -0.881195
vn -0.409695 -0.000369 -0.912222
vn -0.472751 -0.000954 -0.881195
vn -0.496215 -0.000791 -0.868200
vn -0.438720 -0.000273 -0.898624
vn -0.409695 -0.000369 -0.912222
vn -0.438720 -0.000273 -0.898624
vn -0.383344 0.000213 -0.923606
vn -0.352516 0.000063 -0.935806
vn -0.496215 -0.000791 -0.868200
vn -0.472751 -0.000954 -0.881195
vn -0.540780 -0.001665 -0.841162
vn -0.556571 -0.001475 -0.830799
vn -0.496215 -0.000791 -0.868200
vn -0.556571 -0.001475 -0.830799
vn -0.571099 -0.001777 -0.820880
vn -0.519080 -0.000532 -0.854726
vn -0.496215 -0.000791 -0.868200
vn -0.519080 -0.000532 -0.854726
vn -0.465812 -0.000025 -0.884884
vn -0.438720 -0.000273 -0.898624
vn -0.556571 -0.001475 -0.830799
vn -0.540780 -0.001665 -0.841162
vn -0.610969 -0.002324 -0.791651
vn -0.617794 -0.002188 -0.786337
vn -0.556571 -0.001475 -0.830799
vn -0.617794 -0.002188 -0.786337
vn -0.622189 -0.002976 -0.782861
vn -0.571099 -0.001777 -0.820880
vn -0.617794 -0.002188 -0.786337
vn -0.610969 -0.002324 -0.791651
vn -0.678840 -0.002149 -0.734283
vn -0.677086 -0.002300 -0.735900
vn -0.617794 -0.002188 -0.786337
vn -0.677086 -0.002300 -0.735900
vn -0.671087 -0.002710 -0.741374
vn -0.622189 -0.002976 -0.782861
vn -0.610969 -0.002324 -0.791651
vn -0.607041 -0.002769 -0.794665
vn -0.679416 -0.002854 -0.733747
vn -0.678840 -0.002149 -0.734283
vn -0.610969 -0.002324 -0.791651
vn -0.540780 -0.001665 -0.841162
vn -0.531996 -0.001958 -0.846745
vn -0.607041 -0.002769 -0.794665
vn -0.531996 -0.001958 -0.846745
vn -0.540780 -0.001665 -0.841162
vn -0.472751 -0.000954 -0.881195
vn -0.459780 -0.001087 -0.888032
vn -0.519080 -0.000532 -0.854726
vn -0.571099 -0.001777 -0.820880
vn -0.592667 -0.000968 -0.805447
vn -0.548104 -0.000138 -0.836410
vn 0.939144 -0.000481 -0.343524
vn 0.938233 -0.000619 -0.346005
vn 0.905595 0.002205 -0.424138
vn 0.905858 0.001508 -0.423580
vn 0.799250 0.000993 -0.600998
vn 0.793867 0.001835 -0.608089
vn 0.832113 0.002092 -0.554602
vn 0.832380 0.001892 -0.554203
vn 0.883976 0.002923 -0.467524
vn 0.904968 0.001441 -0.425478
vn 0.905858 0.001508 -0.423580
vn 0.887100 0.003877 -0.461562
vn -0.991698 -0.000172 -0.128587
vn -0.990174 0.001284 -0.139838
vn -0.981971 -0.001251 -0.189029
vn -0.988458 -0.001961 -0.151483
vn -0.991698 -0.000172 -0.128587
vn -0.988458 -0.001961 -0.151483
vn -0.997096 -0.001965 -0.076135
vn -0.997420 -0.000023 -0.071785
vn -0.991698 -0.000172 -0.128587
vn -0.997420 -0.000023 -0.071785
vn -0.997385 0.001972 -0.072247
vn -0.990174 0.001284 -0.139838
vn 0.992752 -0.000494 -0.120179
vn 0.987942 0.001182 -0.154817
vn 0.996526 0.003678 -0.083207
vn 0.997693 0.000721 -0.067890
vn 0.992752 -0.000494 -0.120179
vn 0.997693 0.000721 -0.067890
vn 0.997760 -0.001012 -0.066887
vn 0.990943 -0.001535 -0.134271
vn 0.992752 -0.000494 -0.120179
vn 0.990943 -0.001535 -0.134271
vn 0.979580 -0.001036 -0.201052
vn 0.987942 0.001182 -0.154817
vn 0.624259 0.002378 -0.781214
vn 0.654978 0.001171 -0.755647
vn 0.625551 0.000053 -0.780183
vn 0.592709 0.001086 -0.805416
vn 0.624259 0.002378 -0.781214
vn 0.592709 0.001086 -0.805416
vn 0.571153 0.001830 -0.820842
vn 0.622133 0.003040 -0.782906
vn 0.624259 0.002378 -0.781214
vn 0.622133 0.003040 -0.782906
vn 0.670940 0.002735 -0.741507
vn 0.654978 0.001171 -0.755647
vn 0.484033 -0.000334 -0.875050
vn 0.600209 -0.000978 -0.799843
vn 0.569013 0.001338 -0.822328
vn 0.461266 0.003753 -0.887254
vn 0.484033 -0.000334 -0.875050
vn 0.461266 0.003753 -0.887254
vn 0.345582 0.002595 -0.938385
vn 0.344831 -0.000430 -0.938665
vn 0.484033 -0.000334 -0.875050
vn 0.344831 -0.000430 -0.938665
vn 0.329866 -0.003722 -0.944021
vn 0.433750 -0.002891 -0.901029
vn -0.288381 -0.000376 -0.957516
vn -0.149402 -0.001056 -0.988776
vn -0.152079 0.001478 -0.988367
vn -0.270603 0.002351 -0.962688
vn -0.288381 -0.000376 -0.957516
vn -0.229487 -0.002022 -0.973310
vn -0.128675 -0.002996 -0.991682
vn -0.149402 -0.001056 -0.988776
vn -0.288381 -0.000376 -0.957516
vn -0.270603 0.002351 -0.962688
vn -0.378534 0.000757 -0.925587
vn -0.407257 -0.000400 -0.913314
vn 0.966312 0.000285 -0.257375
vn 0.972519 0.001234 -0.232819
vn 0.949904 -0.000455 -0.312541
vn 0.942185 -0.000149 -0.335094
vn 0.966312 0.000285 -0.257375
vn 0.971358 -0.001801 -0.237613
vn 0.988463 -0.001121 -0.151457
vn 0.988177 0.000406 -0.153315
vn 0.966312 0.000285 -0.257375
vn 0.988177 0.000406 -0.153315
vn 0.988354 0.000991 -0.152170
vn 0.972519 0.001234 -0.232819
vn -0.738831 -0.000515 -0.673890
vn -0.782429 -0.001051 -0.622739
vn -0.793833 -0.001728 -0.608133
vn -0.773421 -0.001333 -0.633892
vn -0.738831 -0.000515 -0.673890
vn -0.716411 -0.000010 -0.697678
vn -0.768267 0.000251 -0.640129
vn -0.782429 -0.001051 -0.622739
vn -0.738831 -0.000515 -0.673890
vn -0.672621 -0.000708 -0.739987
vn -0.662713 -0.000557 -0.748873
vn -0.716411 -0.000010 -0.697678
vn -0.888104 -0.005083 -0.459614
vn -0.887078 -0.003819 -0.461604
vn -0.905844 -0.001480 -0.423608
vn -0.905605 -0.002191 -0.424116
vn 0.718013 0.001246 -0.696029
vn 0.676978 0.002294 -0.735999
vn 0.678813 0.002136 -0.734308
vn 0.710884 0.001615 -0.703307
vn 0.718013 0.001246 -0.696029
vn 0.714069 0.001030 -0.700075
vn 0.670940 0.002735 -0.741507
vn 0.676978 0.002294 -0.735999
vn 0.718013 0.001246 -0.696029
vn 0.759772 -0.000662 -0.650190
vn 0.751543 -0.000434 -0.659684
vn 0.714069 0.001030 -0.700075
vn 0.713393 0.002456 -0.700760
vn 0.710884 0.001615 -0.703307
vn 0.678813 0.002136 -0.734308
vn 0.679417 0.002833 -0.733747
vn 0.101728 0.011859 -0.994742
vn 0.073977 0.007608 -0.997231
vn -0.003638 0.010939 -0.999934
vn 0.011945 0.013869 -0.999833
vn -0.871889 -0.000454 -0.489704
vn -0.904421 0.000299 -0.426641
vn -0.904983 -0.001391 -0.425446
vn -0.884031 -0.002820 -0.467420
vn -0.871889 -0.000454 -0.489704
vn -0.869175 0.000255 -0.494505
vn -0.906442 0.001724 -0.422328
vn -0.904421 0.000299 -0.426641
vn -0.871889 -0.000454 -0.489704
vn -0.832488 -0.001793 -0.554040
vn -0.832112 -0.002040 -0.554603
vn -0.869175 0.000255 -0.494505
vn -0.781208 -0.000512 -0.624270
vn -0.773421 -0.001333 -0.633892
vn -0.793833 -0.001728 -0.608133
vn -0.799148 -0.000922 -0.601133
vn -0.970296 -0.000259 -0.241919
vn -0.938335 0.000734 -0.345726
vn -0.939176 0.000535 -0.343436
vn -0.965713 0.000437 -0.259613
vn -0.970296 -0.000259 -0.241919
vn -0.965713 0.000437 -0.259613
vn -0.984703 0.000299 -0.174240
vn -0.985699 -0.000996 -0.168515
vn -0.970296 -0.000259 -0.241919
vn -0.985699 -0.000996 -0.168515
vn -0.988458 -0.001961 -0.151483
vn -0.981971 -0.001251 -0.189029
vn -0.999999 0.001663 -0.000000
vn -0.997385 0.001972 -0.072247
vn -0.997420 -0.000023 -0.071785
vn -1.000000 0.000355 0.000000
vn 0.999999 0.001206 0.000000
vn 0.997693 0.000721 -0.067890
vn 0.996526 0.003678 -0.083207
vn 0.999992 0.004078 0.000000
vn 0.999999 0.001206 0.000000
vn 1.000000 -0.000447 0.000000
vn 0.997760 -0.001012 -0.066887
vn 0.997693 0.000721 -0.067890
vn 0.999985 0.005511 0.000000
vn 0.999992 0.004078 0.000000
vn 0.996526 0.003678 -0.083207
vn 0.995486 0.004569 -0.094803
vn 0.951692 0.000186 -0.307053
vn 0.959454 -0.001200 -0.281862
vn 0.971358 -0.001801 -0.237613
vn 0.966312 0.000285 -0.257375
vn 0.951692 0.000186 -0.307053
vn 0.966312 0.000285 -0.257375
vn 0.942185 -0.000149 -0.335094
vn 0.935592 0.000818 -0.353082
vn 0.935592 0.000818 -0.353082
vn 0.942185 -0.000149 -0.335094
vn 0.916180 -0.001306 -0.400765
vn 0.911191 -0.000940 -0.411983
vn 0.911191 -0.000940 -0.411983
vn 0.916180 -0.001306 -0.400765
vn 0.886870 -0.001402 -0.462017
vn 0.884405 -0.001452 -0.466718
vn 0.884405 -0.001452 -0.466718
vn 0.886870 -0.001402 -0.462017
vn 0.854791 -0.001319 -0.518971
vn 0.854932 -0.001393 -0.518739
vn 0.854932 -0.001393 -0.518739
vn 0.854791 -0.001319 -0.518971
vn 0.821154 -0.001188 -0.570705
vn 0.824137 -0.001344 -0.566389
vn 0.824137 -0.001344 -0.566389
vn 0.821154 -0.001188 -0.570705
vn 0.786616 -0.000916 -0.617442
vn 0.792497 -0.001139 -0.609875
vn 0.792497 -0.001139 -0.609875
vn 0.786616 -0.000916 -0.617442
vn 0.751543 -0.000434 -0.659684
vn 0.759772 -0.000662 -0.650190
vn 0.786616 -0.000916 -0.617442
vn 0.821154 -0.001188 -0.570705
vn 0.812413 -0.000989 -0.583082
vn 0.772222 -0.000660 -0.635352
vn 0.786616 -0.000916 -0.617442
vn 0.772222 -0.000660 -0.635352
vn 0.732388 -0.000275 -0.680887
vn 0.751543 -0.000434 -0.659684
vn 0.732388 -0.000275 -0.680887
vn 0.772222 -0.000660 -0.635352
vn 0.752477 -0.000629 -0.658618
vn 0.707372 -0.000346 -0.706841
vn 0.732388 -0.000275 -0.680887
vn 0.707372 -0.000346 -0.706841
vn 0.664830 -0.000095 -0.746995
vn 0.693317 0.000248 -0.720632
vn 0.732388 -0.000275 -0.680887
vn 0.693317 0.000248 -0.720632
vn 0.714069 0.001030 -0.700075
vn 0.751543 -0.000434 -0.659684
vn 0.693317 0.000248 -0.720632
vn 0.664830 -0.000095 -0.746995
vn 0.625551 0.000053 -0.780183
vn 0.654978 0.001171 -0.755647
vn 0.693317 0.000248 -0.720632
vn 0.654978 0.001171 -0.755647
vn 0.670940 0.002735 -0.741507
vn 0.714069 0.001030 -0.700075
vn 0.664830 -0.000095 -0.746995
vn 0.707372 -0.000346 -0.706841
vn 0.675133 -0.000318 -0.737696
vn 0.627601 -0.000075 -0.778535
vn 0.664830 -0.000095 -0.746995
vn 0.627601 -0.000075 -0.778535
vn 0.584950 0.000025 -0.811069
vn 0.625551 0.000053 -0.780183
vn 0.584950 0.000025 -0.811069
vn 0.548171 0.000212 -0.836366
vn 0.592709 0.001086 -0.805416
vn 0.625551 0.000053 -0.780183
vn 0.584950 0.000025 -0.811069
vn 0.627601 -0.000075 -0.778535
vn 0.579932 -0.000112 -0.814665
vn 0.535451 -0.000217 -0.844566
vn 0.584950 0.000025 -0.811069
vn 0.535451 -0.000217 -0.844566
vn 0.497496 -0.000171 -0.867466
vn 0.548171 0.000212 -0.836366
vn 0.497496 -0.000171 -0.867466
vn 0.465878 0.000052 -0.884849
vn 0.519164 0.000564 -0.854674
vn 0.548171 0.000212 -0.836366
vn 0.497496 -0.000171 -0.867466
vn 0.535451 -0.000217 -0.844566
vn 0.473993 -0.000738 -0.880528
vn 0.439289 -0.000664 -0.898346
vn 0.497496 -0.000171 -0.867466
vn 0.439289 -0.000664 -0.898346
vn 0.410126 -0.000466 -0.912029
vn 0.465878 0.000052 -0.884849
vn 0.410126 -0.000466 -0.912029
vn 0.383298 -0.000231 -0.923625
vn 0.438728 0.000250 -0.898620
vn 0.465878 0.000052 -0.884849
vn 0.410126 -0.000466 -0.912029
vn 0.439289 -0.000664 -0.898346
vn 0.370909 -0.001273 -0.928668
vn 0.348593 -0.001005 -0.937274
vn 0.410126 -0.000466 -0.912029
vn 0.348593 -0.001005 -0.937274
vn 0.327233 -0.000760 -0.944943
vn 0.383298 -0.000231 -0.923625
vn 0.327233 -0.000760 -0.944943
vn 0.300636 -0.000432 -0.953739
vn 0.352686 0.000003 -0.935742
vn 0.383298 -0.000231 -0.923625
vn 0.327233 -0.000760 -0.944943
vn 0.348593 -0.001005 -0.937274
vn 0.279924 -0.001491 -0.960021
vn 0.267774 -0.001314 -0.963481
vn 0.327233 -0.000760 -0.944943
vn 0.267774 -0.001314 -0.963481
vn 0.250626 -0.000995 -0.968084
vn 0.300636 -0.000432 -0.953739
vn 0.250626 -0.000995 -0.968084
vn 0.239972 -0.000766 -0.970780
vn 0.284940 -0.000186 -0.958545
vn 0.300636 -0.000432 -0.953739
vn 0.250626 -0.000995 -0.968084
vn 0.267774 -0.001314 -0.963481
vn 0.204068 -0.001726 -0.978955
vn 0.199583 -0.001692 -0.979879
vn 0.250626 -0.000995 -0.968084
vn 0.199583 -0.001692 -0.979879
vn 0.195894 -0.001622 -0.980624
vn 0.239972 -0.000766 -0.970780
vn 0.195894 -0.001622 -0.980624
vn 0.199583 -0.001692 -0.979879
vn 0.147337 -0.001857 -0.989085
vn 0.151260 -0.001890 -0.988492
vn 0.151260 -0.001890 -0.988492
vn 0.147337 -0.001857 -0.989085
vn 0.096342 -0.001221 -0.995348
vn 0.108006 -0.001143 -0.994150
vn 0.108006 -0.001143 -0.994150
vn 0.096342 -0.001221 -0.995348
vn 0.049208 -0.000155 -0.998789
vn 0.068354 0.000226 -0.997661
vn 0.068354 0.000226 -0.997661
vn 0.049208 -0.000155 -0.998789
vn 0.009311 0.000957 -0.999956
vn 0.034884 0.001756 -0.999390
vn 0.034884 0.001756 -0.999390
vn 0.009311 0.000957 -0.999956
vn -0.021218 0.001911 -0.999773
vn 0.010470 0.003031 -0.999941
vn 0.010470 0.003031 -0.999941
vn -0.021218 0.001911 -0.999773
vn -0.039676 0.002671 -0.999209
vn -0.000767 0.002416 -0.999997
vn -0.000767 0.002416 -0.999997
vn -0.039676 0.002671 -0.999209
vn -0.042122 0.004090 -0.999104
vn 0.004975 0.002639 -0.999984
vn 0.004975 0.002639 -0.999984
vn -0.042122 0.004090 -0.999104
vn -0.029142 0.006607 -0.999554
vn 0.029231 0.003674 -0.999566
vn 0.029231 0.003674 -0.999566
vn -0.029142 0.006607 -0.999554
vn -0.003638 0.010939 -0.999934
vn 0.073977 0.007608 -0.997231
vn -0.029142 0.006607 -0.999554
vn -0.042122 0.004090 -0.999104
vn -0.134585 0.004163 -0.990893
vn -0.147428 0.007057 -0.989048
vn -0.029142 0.006607 -0.999554
vn -0.147428 0.007057 -0.989048
vn -0.160537 0.011079 -0.986968
vn -0.003638 0.010939 -0.999934
vn -0.160537 0.011079 -0.986968
vn -0.147428 0.007057 -0.989048
vn -0.253531 0.002700 -0.967324
vn -0.294576 0.004522 -0.955617
vn -0.160537 0.011079 -0.986968
vn -0.294576 0.004522 -0.955617
vn -0.317682 0.005930 -0.948179
vn -0.167880 0.013020 -0.985721
vn -0.160537 0.011079 -0.986968
vn -0.167880 0.013020 -0.985721
vn 0.011945 0.013869 -0.999833
vn -0.003638 0.010939 -0.999934
vn -0.317682 0.005930 -0.948179
vn -0.294576 0.004522 -0.955617
vn -0.385139 0.000569 -0.922859
vn -0.412544 0.000899 -0.910937
vn -0.412544 0.000899 -0.910937
vn -0.385139 0.000569 -0.922859
vn -0.449496 -0.000043 -0.893282
vn -0.474479 0.000076 -0.880267
vn -0.474479 0.000076 -0.880267
vn -0.449496 -0.000043 -0.893282
vn -0.504719 -0.000138 -0.863284
vn -0.526430 -0.000053 -0.850219
vn -0.526430 -0.000053 -0.850219
vn -0.504719 -0.000138 -0.863284
vn -0.556562 -0.000451 -0.830806
vn -0.573894 -0.000579 -0.818929
vn -0.573894 -0.000579 -0.818929
vn -0.556562 -0.000451 -0.830806
vn -0.608792 -0.000802 -0.793330
vn -0.621634 -0.001190 -0.783307
vn -0.621634 -0.001190 -0.783307
vn -0.608792 -0.000802 -0.793330
vn -0.662713 -0.000557 -0.748873
vn -0.672621 -0.000708 -0.739987
vn -0.608792 -0.000802 -0.793330
vn -0.556562 -0.000451 -0.830806
vn -0.520917 -0.000257 -0.853607
vn -0.580093 -0.000313 -0.814550
vn -0.608792 -0.000802 -0.793330
vn -0.580093 -0.000313 -0.814550
vn -0.639131 -0.000354 -0.769098
vn -0.662713 -0.000557 -0.748873
vn -0.639131 -0.000354 -0.769098
vn -0.580093 -0.000313 -0.814550
vn -0.545377 -0.000289 -0.838191
vn -0.609293 -0.000388 -0.792945
vn -0.639131 -0.000354 -0.769098
vn -0.609293 -0.000388 -0.792945
vn -0.671173 -0.000525 -0.741301
vn -0.696187 -0.000357 -0.717860
vn -0.639131 -0.000354 -0.769098
vn -0.696187 -0.000357 -0.717860
vn -0.716411 -0.000010 -0.697678
vn -0.662713 -0.000557 -0.748873
vn -0.696187 -0.000357 -0.717860
vn -0.671173 -0.000525 -0.741301
vn -0.729369 -0.000572 -0.684120
vn -0.750142 -0.000116 -0.661276
vn -0.696187 -0.000357 -0.717860
vn -0.750142 -0.000116 -0.661276
vn -0.768267 0.000251 -0.640129
vn -0.716411 -0.000010 -0.697678
vn -0.750142 -0.000116 -0.661276
vn -0.729369 -0.000572 -0.684120
vn -0.783695 -0.000391 -0.621145
vn -0.801324 0.000158 -0.598231
vn -0.750142 -0.000116 -0.661276
vn -0.801324 0.000158 -0.598231
vn -0.817507 -0.000112 -0.575919
vn -0.768267 0.000251 -0.640129
vn -0.817507 -0.000112 -0.575919
vn -0.801324 0.000158 -0.598231
vn -0.849301 -0.000379 -0.527910
vn -0.862747 -0.000651 -0.505636
vn -0.817507 -0.000112 -0.575919
vn -0.862747 -0.000651 -0.505636
vn -0.870022 -0.000725 -0.493013
vn -0.828179 -0.001429 -0.560462
vn -0.817507 -0.000112 -0.575919
vn -0.828179 -0.001429 -0.560462
vn -0.782429 -0.001051 -0.622739
vn -0.768267 0.000251 -0.640129
vn -0.828179 -0.001429 -0.560462
vn -0.870022 -0.000725 -0.493013
vn -0.869175 0.000255 -0.494505
vn -0.832112 -0.002040 -0.554603
vn -0.828179 -0.001429 -0.560462
vn -0.832112 -0.002040 -0.554603
vn -0.793833 -0.001728 -0.608133
vn -0.782429 -0.001051 -0.622739
vn -0.870022 -0.000725 -0.493013
vn -0.862747 -0.000651 -0.505636
vn -0.902240 -0.000926 -0.431234
vn -0.907025 0.000155 -0.421076
vn -0.870022 -0.000725 -0.493013
vn -0.907025 0.000155 -0.421076
vn -0.906442 0.001724 -0.422328
vn -0.869175 0.000255 -0.494505
vn -0.907025 0.000155 -0.421076
vn -0.902240 -0.000926 -0.431234
vn -0.935695 -0.000900 -0.352808
vn -0.938615 0.000039 -0.344966
vn -0.907025 0.000155 -0.421076
vn -0.938615 0.000039 -0.344966
vn -0.939416 0.000533 -0.342780
vn -0.906442 0.001724 -0.422328
vn -0.939416 0.000533 -0.342780
vn -0.938615 0.000039 -0.344966
vn -0.964500 -0.000208 -0.264083
vn -0.965256 0.000005 -0.261305
vn -0.939416 0.000533 -0.342780
vn -0.965256 0.000005 -0.261305
vn -0.965594 -0.000005 -0.260053
vn -0.939486 0.000089 -0.342588
vn -0.939416 0.000533 -0.342780
vn -0.939486 0.000089 -0.342588
vn -0.904421 0.000299 -0.426641
vn -0.906442 0.001724 -0.422328
vn -0.939486 0.000089 -0.342588
vn -0.965594 -0.000005 -0.260053
vn -0.965792 -0.000103 -0.259316
vn -0.939779 -0.000090 -0.341782
vn -0.939486 0.000089 -0.342588
vn -0.939779 -0.000090 -0.341782
vn -0.904983 -0.001391 -0.425446
vn -0.904421 0.000299 -0.426641
vn -0.939779 -0.000090 -0.341782
vn -0.965792 -0.000103 -0.259316
vn -0.965713 0.000437 -0.259613
vn -0.939176 0.000535 -0.343436
vn -0.939779 -0.000090 -0.341782
vn -0.939176 0.000535 -0.343436
vn -0.905844 -0.001480 -0.423608
vn -0.904983 -0.001391 -0.425446
vn -0.965792 -0.000103 -0.259316
vn -0.965594 -0.000005 -0.260053
vn -0.984471 -0.000042 -0.175548
vn -0.984565 0.000019 -0.175018
vn -0.965792 -0.000103 -0.259316
vn -0.984565 0.000019 -0.175018
vn -0.984703 0.000299 -0.174240
vn -0.965713 0.000437 -0.259613
vn -0.984565 0.000019 -0.175018
vn -0.984471 -0.000042 -0.175548
vn -0.996077 -0.000059 -0.088486
vn -0.996109 -0.000030 -0.088132
vn -0.984565 0.000019 -0.175018
vn -0.996109 -0.000030 -0.088132
vn -0.996185 -0.000197 -0.087271
vn -0.984703 0.000299 -0.174240
vn -0.996185 -0.000197 -0.087271
vn -0.996109 -0.000030 -0.088132
vn -1.000000 -0.000082 -0.000006
vn -1.000000 -0.000324 -0.000003
vn -0.996185 -0.000197 -0.087271
vn -1.000000 -0.000324 -0.000003
vn -0.999999 -0.001051 0.000000
vn -0.996485 -0.001137 -0.083760
vn -0.996185 -0.000197 -0.087271
vn -0.996485 -0.001137 -0.083760
vn -0.985699 -0.000996 -0.168515
vn -0.984703 0.000299 -0.174240
vn -0.996485 -0.001137 -0.083760
vn -0.999999 -0.001051 0.000000
vn -0.999999 -0.001261 0.000000
vn -0.997096 -0.001965 -0.076135
vn -0.996485 -0.001137 -0.083760
vn -0.997096 -0.001965 -0.076135
vn -0.988458 -0.001961 -0.151483
vn -0.985699 -0.000996 -0.168515
vn -0.999999 -0.001261 0.000000
vn -1.000000 0.000355 0.000000
vn -0.997420 -0.000023 -0.071785
vn -0.997096 -0.001965 -0.076135
vn -1.000000 -0.000082 -0.000006
vn -0.996109 -0.000030 -0.088132
vn -0.996077 -0.000059 -0.088486
vn -1.000000 -0.000073 -0.000003
vn -1.000000 -0.000073 -0.000003
vn -0.996077 -0.000059 -0.088486
vn -0.996026 -0.000129 -0.089062
vn -1.000000 -0.000137 0.000000
vn -1.000000 -0.000137 0.000000
vn -0.996026 -0.000129 -0.089062
vn -0.995933 -0.000228 -0.090099
vn -1.000000 -0.000225 0.000000
vn -1.000000 -0.000225 0.000000
vn -0.995933 -0.000228 -0.090099
vn -0.995788 -0.000343 -0.091685
vn -1.000000 -0.000318 0.000000
vn -1.000000 -0.000318 0.000000
vn -0.995788 -0.000343 -0.091685
vn -0.995594 -0.000443 -0.093769
vn -1.000000 -0.000410 0.000000
vn -1.000000 -0.000410 0.000000
vn -0.995594 -0.000443 -0.093769
vn -0.995365 -0.000497 -0.096172
vn -1.000000 -0.000473 0.000000
vn -1.000000 -0.000473 0.000000
vn -0.995365 -0.000497 -0.096172
vn -0.995118 -0.000514 -0.098689
vn -1.000000 -0.000501 0.000000
vn -1.000000 -0.000501 0.000000
vn -0.995118 -0.000514 -0.098689
vn -0.994870 -0.000510 -0.101158
vn -1.000000 -0.000505 0.000000
vn -1.000000 -0.000505 0.000000
vn -0.994870 -0.000510 -0.101158
vn -0.994632 -0.000485 -0.103477
vn -1.000000 -0.000484 0.000000
vn -1.000000 -0.000484 0.000000
vn -0.994632 -0.000485 -0.103477
vn -0.994409 -0.000458 -0.105594
vn -1.000000 -0.000462 0.000000
vn -1.000000 -0.000462 0.000000
vn -0.994409 -0.000458 -0.105594
vn -0.994207 -0.000428 -0.107481
vn -1.000000 -0.000434 0.000000
vn -1.000000 -0.000434 0.000000
vn -0.994207 -0.000428 -0.107481
vn -0.994028 -0.000392 -0.109125
vn -1.000000 -0.000396 0.000000
vn -1.000000 -0.000396 0.000000
vn -0.994028 -0.000392 -0.109125
vn -0.993944 -0.000376 -0.109884
vn -1.000000 -0.000379 0.000000
vn -0.787305 -0.000191 -0.616564
vn -0.850957 -0.000236 -0.525236
vn -0.852743 -0.000273 -0.522331
vn -0.789734 -0.000249 -0.613449
vn -0.787305 -0.000191 -0.616564
vn -0.789734 -0.000249 -0.613449
vn -0.716919 -0.000192 -0.697156
vn -0.713833 -0.000119 -0.700316
vn -0.716919 -0.000192 -0.697156
vn -0.635189 -0.000074 -0.772357
vn -0.631547 -0.000014 -0.775338
vn -0.713833 -0.000119 -0.700316
vn -0.716919 -0.000192 -0.697156
vn -0.789734 -0.000249 -0.613449
vn -0.795134 -0.000392 -0.606434
vn -0.723971 -0.000390 -0.689830
vn -0.716919 -0.000192 -0.697156
vn -0.723971 -0.000390 -0.689830
vn -0.643813 -0.000292 -0.765183
vn -0.635189 -0.000074 -0.772357
vn -0.643813 -0.000292 -0.765183
vn -0.555383 -0.000040 -0.831595
vn -0.545710 0.000094 -0.837974
vn -0.635189 -0.000074 -0.772357
vn -0.643813 -0.000292 -0.765183
vn -0.723971 -0.000390 -0.689830
vn -0.732844 -0.000673 -0.680397
vn -0.655445 -0.000678 -0.755243
vn -0.643813 -0.000292 -0.765183
vn -0.655445 -0.000678 -0.755243
vn -0.569556 -0.000530 -0.821953
vn -0.555383 -0.000040 -0.831595
vn -0.569556 -0.000530 -0.821953
vn -0.476774 -0.000452 -0.879026
vn -0.460392 -0.000050 -0.887716
vn -0.555383 -0.000040 -0.831595
vn -0.569556 -0.000530 -0.821953
vn -0.655445 -0.000678 -0.755243
vn -0.670425 -0.001093 -0.741976
vn -0.589603 -0.001163 -0.807692
vn -0.569556 -0.000530 -0.821953
vn -0.589603 -0.001163 -0.807692
vn -0.502272 -0.000966 -0.864709
vn -0.476774 -0.000452 -0.879026
vn -0.502272 -0.000966 -0.864709
vn -0.407257 -0.000400 -0.913314
vn -0.378534 0.000757 -0.925587
vn -0.476774 -0.000452 -0.879026
vn -0.502272 -0.000966 -0.864709
vn -0.589603 -0.001163 -0.807692
vn -0.615184 -0.001270 -0.788383
vn -0.536856 -0.001130 -0.843673
vn -0.502272 -0.000966 -0.864709
vn -0.536856 -0.001130 -0.843673
vn -0.453106 -0.001209 -0.891456
vn -0.407257 -0.000400 -0.913314
vn -0.453106 -0.001209 -0.891456
vn -0.373788 -0.000802 -0.927514
vn -0.288381 -0.000376 -0.957516
vn -0.407257 -0.000400 -0.913314
vn -0.453106 -0.001209 -0.891456
vn -0.536856 -0.001130 -0.843673
vn -0.574609 -0.000674 -0.818428
vn -0.503550 -0.000498 -0.863966
vn -0.453106 -0.001209 -0.891456
vn -0.503550 -0.000498 -0.863966
vn -0.434317 -0.000221 -0.900760
vn -0.373788 -0.000802 -0.927514
vn -0.434317 -0.000221 -0.900760
vn -0.370213 0.000019 -0.928947
vn -0.308534 -0.000185 -0.951213
vn -0.373788 -0.000802 -0.927514
vn -0.434317 -0.000221 -0.900760
vn -0.503550 -0.000498 -0.863966
vn -0.545377 -0.000289 -0.838191
vn -0.481675 -0.000182 -0.876350
vn -0.434317 -0.000221 -0.900760
vn -0.481675 -0.000182 -0.876350
vn -0.419681 -0.000037 -0.907672
vn -0.370213 0.000019 -0.928947
vn -0.419681 -0.000037 -0.907672
vn -0.358098 0.000110 -0.933684
vn -0.309490 0.000076 -0.950903
vn -0.370213 0.000019 -0.928947
vn -0.419681 -0.000037 -0.907672
vn -0.481675 -0.000182 -0.876350
vn -0.520917 -0.000257 -0.853607
vn -0.462389 -0.000167 -0.886677
vn -0.419681 -0.000037 -0.907672
vn -0.462389 -0.000167 -0.886677
vn -0.402440 -0.000039 -0.915446
vn -0.358098 0.000110 -0.933684
vn -0.402440 -0.000039 -0.915446
vn -0.335706 0.000423 -0.941967
vn -0.293091 0.000531 -0.956084
vn -0.358098 0.000110 -0.933684
vn -0.402440 -0.000039 -0.915446
vn -0.462389 -0.000167 -0.886677
vn -0.504719 -0.000138 -0.863284
vn -0.449496 -0.000043 -0.893282
vn -0.402440 -0.000039 -0.915446
vn -0.449496 -0.000043 -0.893282
vn -0.385139 0.000569 -0.922859
vn -0.335706 0.000423 -0.941967
vn -0.293091 0.000531 -0.956084
vn -0.219536 0.001827 -0.975603
vn -0.184078 0.000970 -0.982911
vn -0.248645 0.000306 -0.968595
vn -0.293091 0.000531 -0.956084
vn -0.248645 0.000306 -0.968595
vn -0.309490 0.000076 -0.950903
vn -0.358098 0.000110 -0.933684
vn -0.293091 0.000531 -0.956084
vn -0.335706 0.000423 -0.941967
vn -0.253531 0.002700 -0.967324
vn -0.219536 0.001827 -0.975603
vn -0.248645 0.000306 -0.968595
vn -0.184078 0.000970 -0.982911
vn -0.141131 0.000290 -0.989991
vn -0.196466 -0.000058 -0.980511
vn -0.248645 0.000306 -0.968595
vn -0.196466 -0.000058 -0.980511
vn -0.251295 -0.000191 -0.967911
vn -0.309490 0.000076 -0.950903
vn -0.251295 -0.000191 -0.967911
vn -0.196466 -0.000058 -0.980511
vn -0.134120 -0.000532 -0.990965
vn -0.180430 -0.000799 -0.983588
vn -0.251295 -0.000191 -0.967911
vn -0.180430 -0.000799 -0.983588
vn -0.229487 -0.002022 -0.973310
vn -0.308534 -0.000185 -0.951213
vn -0.251295 -0.000191 -0.967911
vn -0.308534 -0.000185 -0.951213
vn -0.370213 0.000019 -0.928947
vn -0.309490 0.000076 -0.950903
vn -0.180430 -0.000799 -0.983588
vn -0.134120 -0.000532 -0.990965
vn -0.060477 -0.001178 -0.998169
vn -0.095224 -0.001668 -0.995454
vn -0.180430 -0.000799 -0.983588
vn -0.095224 -0.001668 -0.995454
vn -0.128675 -0.002996 -0.991682
vn -0.229487 -0.002022 -0.973310
vn -0.095224 -0.001668 -0.995454
vn -0.060477 -0.001178 -0.998169
vn 0.024281 -0.001739 -0.999704
vn 0.002700 -0.002197 -0.999994
vn -0.095224 -0.001668 -0.995454
vn 0.002700 -0.002197 -0.999994
vn -0.014547 -0.002286 -0.999892
vn -0.128675 -0.002996 -0.991682
vn -0.014547 -0.002286 -0.999892
vn 0.002700 -0.002197 -0.999994
vn 0.106298 -0.002290 -0.994332
vn 0.101140 -0.002270 -0.994870
vn -0.014547 -0.002286 -0.999892
vn 0.101140 -0.002270 -0.994870
vn 0.099289 -0.001421 -0.995058
vn -0.024708 -0.001405 -0.999694
vn -0.014547 -0.002286 -0.999892
vn -0.024708 -0.001405 -0.999694
vn -0.149402 -0.001056 -0.988776
vn -0.128675 -0.002996 -0.991682
vn -0.024708 -0.001405 -0.999694
vn 0.099289 -0.001421 -0.995058
vn 0.099450 -0.000148 -0.995043
vn -0.027482 0.000065 -0.999622
vn -0.024708 -0.001405 -0.999694
vn -0.027482 0.000065 -0.999622
vn -0.152079 0.001478 -0.988367
vn -0.149402 -0.001056 -0.988776
vn -0.027482 0.000065 -0.999622
vn 0.099450 -0.000148 -0.995043
vn 0.100403 0.000739 -0.994947
vn -0.024957 0.000983 -0.999688
vn -0.027482 0.000065 -0.999622
vn -0.024957 0.000983 -0.999688
vn -0.146199 0.000918 -0.989255
vn -0.152079 0.001478 -0.988367
vn -0.146199 0.000918 -0.989255
vn -0.024957 0.000983 -0.999688
vn -0.020263 0.000950 -0.999794
vn -0.138057 0.000585 -0.990424
vn -0.146199 0.000918 -0.989255
vn -0.138057 0.000585 -0.990424
vn -0.248003 -0.000072 -0.968759
vn -0.258242 0.000639 -0.966080
vn -0.146199 0.000918 -0.989255
vn -0.258242 0.000639 -0.966080
vn -0.270603 0.002351 -0.962688
vn -0.152079 0.001478 -0.988367
vn -0.258242 0.000639 -0.966080
vn -0.248003 -0.000072 -0.968759
vn -0.351015 -0.000126 -0.936370
vn -0.361566 0.000213 -0.932347
vn -0.258242 0.000639 -0.966080
vn -0.361566 0.000213 -0.932347
vn -0.378534 0.000757 -0.925587
vn -0.270603 0.002351 -0.962688
vn -0.361566 0.000213 -0.932347
vn -0.351015 -0.000126 -0.936370
vn -0.450258 0.000155 -0.892899
vn -0.460392 -0.000050 -0.887716
vn -0.361566 0.000213 -0.932347
vn -0.460392 -0.000050 -0.887716
vn -0.476774 -0.000452 -0.879026
vn -0.378534 0.000757 -0.925587
vn -0.450258 0.000155 -0.892899
vn -0.351015 -0.000126 -0.936370
vn -0.346893 -0.000150 -0.937905
vn -0.446306 0.000052 -0.894880
vn -0.450258 0.000155 -0.892899
vn -0.446306 0.000052 -0.894880
vn -0.541773 0.000085 -0.840525
vn -0.545710 0.000094 -0.837974
vn -0.450258 0.000155 -0.892899
vn -0.545710 0.000094 -0.837974
vn -0.555383 -0.000040 -0.831595
vn -0.460392 -0.000050 -0.887716
vn -0.541773 0.000085 -0.840525
vn -0.631547 -0.000014 -0.775338
vn -0.635189 -0.000074 -0.772357
vn -0.545710 0.000094 -0.837974
vn 1.000000 -0.000744 0.000000
vn 0.994404 -0.000728 -0.105640
vn 0.994567 -0.000758 -0.104093
vn 1.000000 -0.000773 0.000000
vn 1.000000 -0.000773 0.000000
vn 0.994567 -0.000758 -0.104093
vn 0.994918 -0.000827 -0.100690
vn 1.000000 -0.000835 0.000000
vn 1.000000 -0.000835 0.000000
vn 0.994918 -0.000827 -0.100690
vn 0.995313 -0.000856 -0.096707
vn 1.000000 -0.000855 0.000000
vn 1.000000 -0.000855 0.000000
vn 0.995313 -0.000856 -0.096707
vn 0.995730 -0.000821 -0.092306
vn 1.000000 -0.000813 0.000000
vn 1.000000 -0.000813 0.000000
vn 0.995730 -0.000821 -0.092306
vn 0.996139 -0.000742 -0.087784
vn 1.000000 -0.000726 0.000000
vn 1.000000 -0.000726 0.000000
vn 0.996139 -0.000742 -0.087784
vn 0.996506 -0.000607 -0.083521
vn 1.000000 -0.000588 0.000000
vn 1.000000 -0.000588 0.000000
vn 0.996506 -0.000607 -0.083521
vn 0.996801 -0.000450 -0.079919
vn 1.000000 -0.000417 0.000000
vn 1.000000 -0.000417 0.000000
vn 0.996801 -0.000450 -0.079919
vn 0.997014 -0.000336 -0.077225
vn 1.000000 -0.000245 0.000000
vn 1.000000 -0.000245 0.000000
vn 0.997014 -0.000336 -0.077225
vn 0.997163 -0.000266 -0.075267
vn 1.000000 -0.000179 0.000000
vn 1.000000 -0.000179 0.000000
vn 0.997163 -0.000266 -0.075267
vn 0.997262 -0.000033 -0.073944
vn 1.000000 -0.000213 0.000000
vn 1.000000 -0.000213 0.000000
vn 0.997262 -0.000033 -0.073944
vn 0.997322 -0.000013 -0.073137
vn 1.000000 -0.000184 0.000000
vn 1.000000 -0.000184 0.000000
vn 0.997322 -0.000013 -0.073137
vn 0.997462 -0.000437 -0.071202
vn 1.000000 -0.000398 0.000000
vn 1.000000 -0.000398 0.000000
vn 0.997462 -0.000437 -0.071202
vn 0.997760 -0.001012 -0.066887
vn 1.000000 -0.000447 0.000000
vn 0.997462 -0.000437 -0.071202
vn 0.997322 -0.000013 -0.073137
vn 0.988463 -0.001121 -0.151457
vn 0.989412 -0.000772 -0.145135
vn 0.997462 -0.000437 -0.071202
vn 0.989412 -0.000772 -0.145135
vn 0.990943 -0.001535 -0.134271
vn 0.997760 -0.001012 -0.066887
vn 0.989412 -0.000772 -0.145135
vn 0.988463 -0.001121 -0.151457
vn 0.971358 -0.001801 -0.237613
vn 0.974833 -0.001030 -0.222932
vn 0.989412 -0.000772 -0.145135
vn 0.974833 -0.001030 -0.222932
vn 0.979580 -0.001036 -0.201052
vn 0.990943 -0.001535 -0.134271
vn 0.974833 -0.001030 -0.222932
vn 0.971358 -0.001801 -0.237613
vn 0.959454 -0.001200 -0.281862
vn 0.964934 -0.000991 -0.262493
vn 0.974833 -0.001030 -0.222932
vn 0.964934 -0.000991 -0.262493
vn 0.972316 -0.000580 -0.233671
vn 0.979580 -0.001036 -0.201052
vn 0.972316 -0.000580 -0.233671
vn 0.984178 0.001876 -0.177173
vn 0.987942 0.001182 -0.154817
vn 0.979580 -0.001036 -0.201052
vn 0.984178 0.001876 -0.177173
vn 0.995486 0.004569 -0.094803
vn 0.996526 0.003678 -0.083207
vn 0.987942 0.001182 -0.154817
vn 0.997322 -0.000013 -0.073137
vn 0.997262 -0.000033 -0.073944
vn 0.988177 0.000406 -0.153315
vn 0.988463 -0.001121 -0.151457
vn 0.997262 -0.000033 -0.073944
vn 0.997163 -0.000266 -0.075267
vn 0.988354 0.000991 -0.152170
vn 0.988177 0.000406 -0.153315
vn 0.997163 -0.000266 -0.075267
vn 0.997014 -0.000336 -0.077225
vn 0.988049 -0.000412 -0.154137
vn 0.988354 0.000991 -0.152170
vn 0.988049 -0.000412 -0.154137
vn 0.997014 -0.000336 -0.077225
vn 0.996801 -0.000450 -0.079919
vn 0.987125 -0.000501 -0.159952
vn 0.988049 -0.000412 -0.154137
vn 0.987125 -0.000501 -0.159952
vn 0.970607 -0.000495 -0.240671
vn 0.972674 -0.000153 -0.232176
vn 0.988049 -0.000412 -0.154137
vn 0.972674 -0.000153 -0.232176
vn 0.972519 0.001234 -0.232819
vn 0.988354 0.000991 -0.152170
vn 0.972674 -0.000153 -0.232176
vn 0.970607 -0.000495 -0.240671
vn 0.946638 -0.000495 -0.322298
vn 0.950082 -0.000082 -0.312001
vn 0.972674 -0.000153 -0.232176
vn 0.950082 -0.000082 -0.312001
vn 0.949904 -0.000455 -0.312541
vn 0.972519 0.001234 -0.232819
vn 0.950082 -0.000082 -0.312001
vn 0.946638 -0.000495 -0.322298
vn 0.914890 -0.000622 -0.403703
vn 0.920288 -0.000460 -0.391242
vn 0.950082 -0.000082 -0.312001
vn 0.920288 -0.000460 -0.391242
vn 0.921638 -0.001046 -0.388049
vn 0.949904 -0.000455 -0.312541
vn 0.921638 -0.001046 -0.388049
vn 0.920288 -0.000460 -0.391242
vn 0.884211 -0.000815 -0.467086
vn 0.888407 -0.001108 -0.459055
vn 0.921638 -0.001046 -0.388049
vn 0.888407 -0.001108 -0.459055
vn 0.886870 -0.001402 -0.462017
vn 0.916180 -0.001306 -0.400765
vn 0.921638 -0.001046 -0.388049
vn 0.916180 -0.001306 -0.400765
vn 0.942185 -0.000149 -0.335094
vn 0.949904 -0.000455 -0.312541
vn 0.888407 -0.001108 -0.459055
vn 0.884211 -0.000815 -0.467086
vn 0.843047 -0.001010 -0.537838
vn 0.851566 -0.001156 -0.524246
vn 0.888407 -0.001108 -0.459055
vn 0.851566 -0.001156 -0.524246
vn 0.854791 -0.001319 -0.518971
vn 0.886870 -0.001402 -0.462017
vn 0.851566 -0.001156 -0.524246
vn 0.843047 -0.001010 -0.537838
vn 0.798437 -0.000910 -0.602077
vn 0.812413 -0.000989 -0.583082
vn 0.851566 -0.001156 -0.524246
vn 0.812413 -0.000989 -0.583082
vn 0.821154 -0.001188 -0.570705
vn 0.854791 -0.001319 -0.518971
vn 0.798437 -0.000910 -0.602077
vn 0.843047 -0.001010 -0.537838
vn 0.829855 -0.001007 -0.557978
vn 0.779189 -0.000956 -0.626788
vn 0.798437 -0.000910 -0.602077
vn 0.779189 -0.000956 -0.626788
vn 0.726528 -0.000673 -0.687137
vn 0.752477 -0.000629 -0.658618
vn 0.798437 -0.000910 -0.602077
vn 0.752477 -0.000629 -0.658618
vn 0.772222 -0.000660 -0.635352
vn 0.812413 -0.000989 -0.583082
vn 0.726528 -0.000673 -0.687137
vn 0.779189 -0.000956 -0.626788
vn 0.753855 -0.001297 -0.657040
vn 0.691657 -0.001004 -0.722225
vn 0.726528 -0.000673 -0.687137
vn 0.691657 -0.001004 -0.722225
vn 0.631990 -0.000368 -0.774976
vn 0.675133 -0.000318 -0.737696
vn 0.726528 -0.000673 -0.687137
vn 0.675133 -0.000318 -0.737696
vn 0.707372 -0.000346 -0.706841
vn 0.752477 -0.000629 -0.658618
vn 0.631990 -0.000368 -0.774976
vn 0.691657 -0.001004 -0.722225
vn 0.645462 -0.002065 -0.763790
vn 0.572377 -0.001255 -0.819990
vn 0.631990 -0.000368 -0.774976
vn 0.572377 -0.001255 -0.819990
vn 0.516917 -0.000576 -0.856036
vn 0.579932 -0.000112 -0.814665
vn 0.631990 -0.000368 -0.774976
vn 0.579932 -0.000112 -0.814665
vn 0.627601 -0.000075 -0.778535
vn 0.675133 -0.000318 -0.737696
vn 0.516917 -0.000576 -0.856036
vn 0.572377 -0.001255 -0.819990
vn 0.484033 -0.000334 -0.875050
vn 0.433750 -0.002891 -0.901029
vn 0.516917 -0.000576 -0.856036
vn 0.433750 -0.002891 -0.901029
vn 0.398057 -0.001573 -0.917359
vn 0.473993 -0.000738 -0.880528
vn 0.516917 -0.000576 -0.856036
vn 0.473993 -0.000738 -0.880528
vn 0.535451 -0.000217 -0.844566
vn 0.579932 -0.000112 -0.814665
vn 0.398057 -0.001573 -0.917359
vn 0.370909 -0.001273 -0.928668
vn 0.439289 -0.000664 -0.898346
vn 0.473993 -0.000738 -0.880528
vn 0.398057 -0.001573 -0.917359
vn 0.433750 -0.002891 -0.901029
vn 0.329866 -0.003722 -0.944021
vn 0.308459 -0.002275 -0.951235
vn 0.398057 -0.001573 -0.917359
vn 0.308459 -0.002275 -0.951235
vn 0.292317 -0.001774 -0.956320
vn 0.370909 -0.001273 -0.928668
vn 0.292317 -0.001774 -0.956320
vn 0.279924 -0.001491 -0.960021
vn 0.348593 -0.001005 -0.937274
vn 0.370909 -0.001273 -0.928668
vn 0.292317 -0.001774 -0.956320
vn 0.308459 -0.002275 -0.951235
vn 0.209467 -0.002400 -0.977813
vn 0.205826 -0.002001 -0.978587
vn 0.292317 -0.001774 -0.956320
vn 0.205826 -0.002001 -0.978587
vn 0.204929 -0.001767 -0.978775
vn 0.279924 -0.001491 -0.960021
vn 0.204929 -0.001767 -0.978775
vn 0.204068 -0.001726 -0.978955
vn 0.267774 -0.001314 -0.963481
vn 0.279924 -0.001491 -0.960021
vn 0.204929 -0.001767 -0.978775
vn 0.205826 -0.002001 -0.978587
vn 0.115106 -0.001980 -0.993351
vn 0.126221 -0.001816 -0.992000
vn 0.204929 -0.001767 -0.978775
vn 0.126221 -0.001816 -0.992000
vn 0.137744 -0.001800 -0.990466
vn 0.204068 -0.001726 -0.978955
vn 0.137744 -0.001800 -0.990466
vn 0.147337 -0.001857 -0.989085
vn 0.199583 -0.001692 -0.979879
vn 0.204068 -0.001726 -0.978955
vn 0.137744 -0.001800 -0.990466
vn 0.126221 -0.001816 -0.992000
vn 0.047743 -0.001581 -0.998858
vn 0.072240 -0.001430 -0.997386
vn 0.137744 -0.001800 -0.990466
vn 0.072240 -0.001430 -0.997386
vn 0.096342 -0.001221 -0.995348
vn 0.147337 -0.001857 -0.989085
vn 0.072240 -0.001430 -0.997386
vn 0.047743 -0.001581 -0.998858
vn -0.024855 -0.000909 -0.999691
vn 0.011648 -0.000665 -0.999932
vn 0.072240 -0.001430 -0.997386
vn 0.011648 -0.000665 -0.999932
vn 0.049208 -0.000155 -0.998789
vn 0.096342 -0.001221 -0.995348
vn 0.011648 -0.000665 -0.999932
vn -0.024855 -0.000909 -0.999691
vn -0.088158 -0.000226 -0.996107
vn -0.040705 0.000049 -0.999171
vn 0.011648 -0.000665 -0.999932
vn -0.040705 0.000049 -0.999171
vn 0.009311 0.000957 -0.999956
vn 0.049208 -0.000155 -0.998789
vn -0.040705 0.000049 -0.999171
vn -0.088158 -0.000226 -0.996107
vn -0.141131 0.000290 -0.989991
vn -0.083019 0.000661 -0.996548
vn -0.040705 0.000049 -0.999171
vn -0.083019 0.000661 -0.996548
vn -0.021218 0.001911 -0.999773
vn 0.009311 0.000957 -0.999956
vn -0.083019 0.000661 -0.996548
vn -0.141131 0.000290 -0.989991
vn -0.184078 0.000970 -0.982911
vn -0.114521 0.002187 -0.993418
vn -0.083019 0.000661 -0.996548
vn -0.114521 0.002187 -0.993418
vn -0.039676 0.002671 -0.999209
vn -0.021218 0.001911 -0.999773
vn -0.114521 0.002187 -0.993418
vn -0.184078 0.000970 -0.982911
vn -0.219536 0.001827 -0.975603
vn -0.134585 0.004163 -0.990893
vn -0.114521 0.002187 -0.993418
vn -0.134585 0.004163 -0.990893
vn -0.042122 0.004090 -0.999104
vn -0.039676 0.002671 -0.999209
vn -0.088158 -0.000226 -0.996107
vn -0.024855 -0.000909 -0.999691
vn -0.060477 -0.001178 -0.998169
vn -0.134120 -0.000532 -0.990965
vn -0.088158 -0.000226 -0.996107
vn -0.134120 -0.000532 -0.990965
vn -0.196466 -0.000058 -0.980511
vn -0.141131 0.000290 -0.989991
vn -0.024855 -0.000909 -0.999691
vn 0.047743 -0.001581 -0.998858
vn 0.024281 -0.001739 -0.999704
vn -0.060477 -0.001178 -0.998169
vn 0.047743 -0.001581 -0.998858
vn 0.126221 -0.001816 -0.992000
vn 0.115106 -0.001980 -0.993351
vn 0.024281 -0.001739 -0.999704
vn 0.115106 -0.001980 -0.993351
vn 0.205826 -0.002001 -0.978587
vn 0.209467 -0.002400 -0.977813
vn 0.106298 -0.002290 -0.994332
vn 0.115106 -0.001980 -0.993351
vn 0.106298 -0.002290 -0.994332
vn 0.002700 -0.002197 -0.999994
vn 0.024281 -0.001739 -0.999704
vn 0.209467 -0.002400 -0.977813
vn 0.308459 -0.002275 -0.951235
vn 0.329866 -0.003722 -0.944021
vn 0.216000 -0.002457 -0.976390
vn 0.209467 -0.002400 -0.977813
vn 0.216000 -0.002457 -0.976390
vn 0.101140 -0.002270 -0.994870
vn 0.106298 -0.002290 -0.994332
vn 0.216000 -0.002457 -0.976390
vn 0.329866 -0.003722 -0.944021
vn 0.344831 -0.000430 -0.938665
vn 0.222121 -0.001304 -0.975018
vn 0.216000 -0.002457 -0.976390
vn 0.222121 -0.001304 -0.975018
vn 0.099289 -0.001421 -0.995058
vn 0.101140 -0.002270 -0.994870
vn 0.222121 -0.001304 -0.975018
vn 0.344831 -0.000430 -0.938665
vn 0.345582 0.002595 -0.938385
vn 0.224823 0.000231 -0.974400
vn 0.222121 -0.001304 -0.975018
vn 0.224823 0.000231 -0.974400
vn 0.099450 -0.000148 -0.995043
vn 0.099289 -0.001421 -0.995058
vn 0.224823 0.000231 -0.974400
vn 0.345582 0.002595 -0.938385
vn 0.340840 0.000829 -0.940121
vn 0.224156 0.000907 -0.974553
vn 0.224823 0.000231 -0.974400
vn 0.224156 0.000907 -0.974553
vn 0.100403 0.000739 -0.994947
vn 0.099450 -0.000148 -0.995043
vn 0.224156 0.000907 -0.974553
vn 0.340840 0.000829 -0.940121
vn 0.335745 0.000398 -0.941953
vn 0.221837 0.000891 -0.975083
vn 0.224156 0.000907 -0.974553
vn 0.221837 0.000891 -0.975083
vn 0.101472 0.000953 -0.994838
vn 0.100403 0.000739 -0.994947
vn 0.101472 0.000953 -0.994838
vn 0.221837 0.000891 -0.975083
vn 0.220493 0.000767 -0.975388
vn 0.101988 0.000909 -0.994785
vn 0.101472 0.000953 -0.994838
vn 0.101988 0.000909 -0.994785
vn -0.017769 0.000820 -0.999842
vn -0.020263 0.000950 -0.999794
vn 0.101472 0.000953 -0.994838
vn -0.020263 0.000950 -0.999794
vn -0.024957 0.000983 -0.999688
vn 0.100403 0.000739 -0.994947
vn -0.017769 0.000820 -0.999842
vn -0.133961 0.000415 -0.990987
vn -0.138057 0.000585 -0.990424
vn -0.020263 0.000950 -0.999794
vn -0.133961 0.000415 -0.990987
vn -0.243482 -0.000083 -0.969905
vn -0.248003 -0.000072 -0.968759
vn -0.138057 0.000585 -0.990424
vn -0.243482 -0.000083 -0.969905
vn -0.346893 -0.000150 -0.937905
vn -0.351015 -0.000126 -0.936370
vn -0.248003 -0.000072 -0.968759
vn 0.333184 0.000324 -0.942862
vn 0.220493 0.000767 -0.975388
vn 0.221837 0.000891 -0.975083
vn 0.335745 0.000398 -0.941953
vn 0.333184 0.000324 -0.942862
vn 0.335745 0.000398 -0.941953
vn 0.441001 0.000112 -0.897507
vn 0.438050 0.000011 -0.898951
vn 0.441001 0.000112 -0.897507
vn 0.540100 0.000632 -0.841600
vn 0.536633 0.000316 -0.843816
vn 0.438050 0.000011 -0.898951
vn 0.441001 0.000112 -0.897507
vn 0.335745 0.000398 -0.941953
vn 0.340840 0.000829 -0.940121
vn 0.448603 0.001430 -0.893730
vn 0.441001 0.000112 -0.897507
vn 0.448603 0.001430 -0.893730
vn 0.550220 0.001372 -0.835019
vn 0.540100 0.000632 -0.841600
vn 0.550220 0.001372 -0.835019
vn 0.645780 0.000319 -0.763523
vn 0.634292 0.000760 -0.773093
vn 0.540100 0.000632 -0.841600
vn 0.550220 0.001372 -0.835019
vn 0.448603 0.001430 -0.893730
vn 0.461266 0.003753 -0.887254
vn 0.569013 0.001338 -0.822328
vn 0.550220 0.001372 -0.835019
vn 0.569013 0.001338 -0.822328
vn 0.664546 -0.000512 -0.747247
vn 0.645780 0.000319 -0.763523
vn 0.664546 -0.000512 -0.747247
vn 0.747644 -0.000789 -0.664099
vn 0.731809 -0.000065 -0.681510
vn 0.645780 0.000319 -0.763523
vn 0.664546 -0.000512 -0.747247
vn 0.569013 0.001338 -0.822328
vn 0.600209 -0.000978 -0.799843
vn 0.691223 -0.001356 -0.722640
vn 0.664546 -0.000512 -0.747247
vn 0.691223 -0.001356 -0.722640
vn 0.768102 -0.001375 -0.640326
vn 0.747644 -0.000789 -0.664099
vn 0.768102 -0.001375 -0.640326
vn 0.833072 -0.001140 -0.553164
vn 0.818151 -0.000830 -0.575002
vn 0.747644 -0.000789 -0.664099
vn 0.768102 -0.001375 -0.640326
vn 0.691223 -0.001356 -0.722640
vn 0.722954 -0.001779 -0.690894
vn 0.790800 -0.001425 -0.612073
vn 0.768102 -0.001375 -0.640326
vn 0.790800 -0.001425 -0.612073
vn 0.848923 -0.001177 -0.528515
vn 0.833072 -0.001140 -0.553164
vn 0.848923 -0.001177 -0.528515
vn 0.897163 -0.000985 -0.441698
vn 0.886472 -0.000985 -0.462782
vn 0.833072 -0.001140 -0.553164
vn 0.848923 -0.001177 -0.528515
vn 0.790800 -0.001425 -0.612073
vn 0.812169 -0.001183 -0.583420
vn 0.863619 -0.001005 -0.504143
vn 0.848923 -0.001177 -0.528515
vn 0.863619 -0.001005 -0.504143
vn 0.906934 -0.000845 -0.421273
vn 0.897163 -0.000985 -0.441698
vn 0.906934 -0.000845 -0.421273
vn 0.941653 -0.000716 -0.336584
vn 0.935549 -0.000865 -0.353196
vn 0.897163 -0.000985 -0.441698
vn 0.906934 -0.000845 -0.421273
vn 0.863619 -0.001005 -0.504143
vn 0.875672 -0.000838 -0.482906
vn 0.914890 -0.000622 -0.403703
vn 0.906934 -0.000845 -0.421273
vn 0.914890 -0.000622 -0.403703
vn 0.946638 -0.000495 -0.322298
vn 0.941653 -0.000716 -0.336584
vn 0.875672 -0.000838 -0.482906
vn 0.863619 -0.001005 -0.504143
vn 0.812169 -0.001183 -0.583420
vn 0.829855 -0.001007 -0.557978
vn 0.875672 -0.000838 -0.482906
vn 0.829855 -0.001007 -0.557978
vn 0.843047 -0.001010 -0.537838
vn 0.884211 -0.000815 -0.467086
vn 0.875672 -0.000838 -0.482906
vn 0.884211 -0.000815 -0.467086
vn 0.920288 -0.000460 -0.391242
vn 0.914890 -0.000622 -0.403703
vn 0.935549 -0.000865 -0.353196
vn 0.964434 -0.000805 -0.264322
vn 0.960677 -0.000879 -0.277667
vn 0.928808 -0.000907 -0.370561
vn 0.935549 -0.000865 -0.353196
vn 0.928808 -0.000907 -0.370561
vn 0.886472 -0.000985 -0.462782
vn 0.897163 -0.000985 -0.441698
vn 0.935549 -0.000865 -0.353196
vn 0.941653 -0.000716 -0.336584
vn 0.967823 -0.000662 -0.251632
vn 0.964434 -0.000805 -0.264322
vn 0.967823 -0.000662 -0.251632
vn 0.985909 -0.000641 -0.167284
vn 0.984421 -0.000773 -0.175823
vn 0.964434 -0.000805 -0.264322
vn 0.967823 -0.000662 -0.251632
vn 0.941653 -0.000716 -0.336584
vn 0.946638 -0.000495 -0.322298
vn 0.970607 -0.000495 -0.240671
vn 0.967823 -0.000662 -0.251632
vn 0.970607 -0.000495 -0.240671
vn 0.987125 -0.000501 -0.159952
vn 0.985909 -0.000641 -0.167284
vn 0.984421 -0.000773 -0.175823
vn 0.996139 -0.000742 -0.087784
vn 0.995730 -0.000821 -0.092306
vn 0.982769 -0.000847 -0.184835
vn 0.984421 -0.000773 -0.175823
vn 0.982769 -0.000847 -0.184835
vn 0.960677 -0.000879 -0.277667
vn 0.964434 -0.000805 -0.264322
vn 0.984421 -0.000773 -0.175823
vn 0.985909 -0.000641 -0.167284
vn 0.996506 -0.000607 -0.083521
vn 0.996139 -0.000742 -0.087784
vn 0.982769 -0.000847 -0.184835
vn 0.995730 -0.000821 -0.092306
vn 0.995313 -0.000856 -0.096707
vn 0.981096 -0.000857 -0.193521
vn 0.982769 -0.000847 -0.184835
vn 0.981096 -0.000857 -0.193521
vn 0.956912 -0.000853 -0.290378
vn 0.960677 -0.000879 -0.277667
vn 0.956912 -0.000853 -0.290378
vn 0.981096 -0.000857 -0.193521
vn 0.979533 -0.000799 -0.201283
vn 0.953458 -0.000751 -0.301524
vn 0.956912 -0.000853 -0.290378
vn 0.953458 -0.000751 -0.301524
vn 0.916157 -0.000687 -0.400819
vn 0.922139 -0.000843 -0.386858
vn 0.956912 -0.000853 -0.290378
vn 0.922139 -0.000843 -0.386858
vn 0.928808 -0.000907 -0.370561
vn 0.960677 -0.000879 -0.277667
vn 0.922139 -0.000843 -0.386858
vn 0.916157 -0.000687 -0.400819
vn 0.867073 -0.000585 -0.498180
vn 0.876103 -0.000838 -0.482123
vn 0.922139 -0.000843 -0.386858
vn 0.876103 -0.000838 -0.482123
vn 0.886472 -0.000985 -0.462782
vn 0.928808 -0.000907 -0.370561
vn 0.876103 -0.000838 -0.482123
vn 0.867073 -0.000585 -0.498180
vn 0.805723 -0.000416 -0.592293
vn 0.818151 -0.000830 -0.575002
vn 0.876103 -0.000838 -0.482123
vn 0.818151 -0.000830 -0.575002
vn 0.833072 -0.001140 -0.553164
vn 0.886472 -0.000985 -0.462782
vn 0.805723 -0.000416 -0.592293
vn 0.867073 -0.000585 -0.498180
vn 0.859737 -0.000335 -0.510737
vn 0.796156 -0.000083 -0.605092
vn 0.805723 -0.000416 -0.592293
vn 0.796156 -0.000083 -0.605092
vn 0.720620 0.000295 -0.693330
vn 0.731809 -0.000065 -0.681510
vn 0.805723 -0.000416 -0.592293
vn 0.731809 -0.000065 -0.681510
vn 0.747644 -0.000789 -0.664099
vn 0.818151 -0.000830 -0.575002
vn 0.720620 0.000295 -0.693330
vn 0.796156 -0.000083 -0.605092
vn 0.792049 0.000029 -0.610457
vn 0.716052 0.000347 -0.698046
vn 0.720620 0.000295 -0.693330
vn 0.716052 0.000347 -0.698046
vn 0.629996 0.000567 -0.776598
vn 0.634292 0.000760 -0.773093
vn 0.720620 0.000295 -0.693330
vn 0.634292 0.000760 -0.773093
vn 0.645780 0.000319 -0.763523
vn 0.731809 -0.000065 -0.681510
vn 0.629996 0.000567 -0.776598
vn 0.536633 0.000316 -0.843816
vn 0.540100 0.000632 -0.841600
vn 0.634292 0.000760 -0.773093
vn 0.856484 -0.000229 -0.516174
vn 0.792049 0.000029 -0.610457
vn 0.796156 -0.000083 -0.605092
vn 0.859737 -0.000335 -0.510737
vn 0.856484 -0.000229 -0.516174
vn 0.859737 -0.000335 -0.510737
vn 0.911120 -0.000503 -0.412141
vn 0.908838 -0.000423 -0.417149
vn 0.911120 -0.000503 -0.412141
vn 0.950477 -0.000622 -0.310795
vn 0.949107 -0.000568 -0.314953
vn 0.908838 -0.000423 -0.417149
vn 0.911120 -0.000503 -0.412141
vn 0.859737 -0.000335 -0.510737
vn 0.867073 -0.000585 -0.498180
vn 0.916157 -0.000687 -0.400819
vn 0.911120 -0.000503 -0.412141
vn 0.916157 -0.000687 -0.400819
vn 0.953458 -0.000751 -0.301524
vn 0.950477 -0.000622 -0.310795
vn 0.949107 -0.000568 -0.314953
vn 0.950477 -0.000622 -0.310795
vn 0.978161 -0.000708 -0.207850
vn 0.977525 -0.000672 -0.210819
vn 0.978161 -0.000708 -0.207850
vn 0.994567 -0.000758 -0.104093
vn 0.994404 -0.000728 -0.105640
vn 0.977525 -0.000672 -0.210819
vn 0.978161 -0.000708 -0.207850
vn 0.950477 -0.000622 -0.310795
vn 0.953458 -0.000751 -0.301524
vn 0.979533 -0.000799 -0.201283
vn 0.978161 -0.000708 -0.207850
vn 0.979533 -0.000799 -0.201283
vn 0.994918 -0.000827 -0.100690
vn 0.994567 -0.000758 -0.104093
vn 0.979533 -0.000799 -0.201283
vn 0.981096 -0.000857 -0.193521
vn 0.995313 -0.000856 -0.096707
vn 0.994918 -0.000827 -0.100690
vn 0.985909 -0.000641 -0.167284
vn 0.987125 -0.000501 -0.159952
vn 0.996801 -0.000450 -0.079919
vn 0.996506 -0.000607 -0.083521
vn 0.812169 -0.001183 -0.583420
vn 0.790800 -0.001425 -0.612073
vn 0.722954 -0.001779 -0.690894
vn 0.753855 -0.001297 -0.657040
vn 0.812169 -0.001183 -0.583420
vn 0.753855 -0.001297 -0.657040
vn 0.779189 -0.000956 -0.626788
vn 0.829855 -0.001007 -0.557978
vn 0.722954 -0.001779 -0.690894
vn 0.691223 -0.001356 -0.722640
vn 0.600209 -0.000978 -0.799843
vn 0.645462 -0.002065 -0.763790
vn 0.722954 -0.001779 -0.690894
vn 0.645462 -0.002065 -0.763790
vn 0.691657 -0.001004 -0.722225
vn 0.753855 -0.001297 -0.657040
vn 0.448603 0.001430 -0.893730
vn 0.340840 0.000829 -0.940121
vn 0.345582 0.002595 -0.938385
vn 0.461266 0.003753 -0.887254
vn 0.572377 -0.001255 -0.819990
vn 0.645462 -0.002065 -0.763790
vn 0.600209 -0.000978 -0.799843
vn 0.484033 -0.000334 -0.875050
vn -0.219536 0.001827 -0.975603
vn -0.253531 0.002700 -0.967324
vn -0.147428 0.007057 -0.989048
vn -0.134585 0.004163 -0.990893
vn -0.335706 0.000423 -0.941967
vn -0.385139 0.000569 -0.922859
vn -0.294576 0.004522 -0.955617
vn -0.253531 0.002700 -0.967324
vn -0.462389 -0.000167 -0.886677
vn -0.520917 -0.000257 -0.853607
vn -0.556562 -0.000451 -0.830806
vn -0.504719 -0.000138 -0.863284
vn -0.481675 -0.000182 -0.876350
vn -0.545377 -0.000289 -0.838191
vn -0.580093 -0.000313 -0.814550
vn -0.520917 -0.000257 -0.853607
vn -0.308534 -0.000185 -0.951213
vn -0.229487 -0.002022 -0.973310
vn -0.288381 -0.000376 -0.957516
vn -0.373788 -0.000802 -0.927514
vn -0.503550 -0.000498 -0.863966
vn -0.574609 -0.000674 -0.818428
vn -0.609293 -0.000388 -0.792945
vn -0.545377 -0.000289 -0.838191
vn -0.574609 -0.000674 -0.818428
vn -0.536856 -0.001130 -0.843673
vn -0.615184 -0.001270 -0.788383
vn -0.643439 -0.000875 -0.765497
vn -0.574609 -0.000674 -0.818428
vn -0.643439 -0.000875 -0.765497
vn -0.671173 -0.000525 -0.741301
vn -0.609293 -0.000388 -0.792945
vn -0.643439 -0.000875 -0.765497
vn -0.615184 -0.001270 -0.788383
vn -0.688353 -0.001253 -0.725375
vn -0.708279 -0.001033 -0.705931
vn -0.643439 -0.000875 -0.765497
vn -0.708279 -0.001033 -0.705931
vn -0.729369 -0.000572 -0.684120
vn -0.671173 -0.000525 -0.741301
vn -0.708279 -0.001033 -0.705931
vn -0.688353 -0.001253 -0.725375
vn -0.755191 -0.001259 -0.655504
vn -0.768203 -0.001067 -0.640205
vn -0.708279 -0.001033 -0.705931
vn -0.768203 -0.001067 -0.640205
vn -0.783695 -0.000391 -0.621145
vn -0.729369 -0.000572 -0.684120
vn -0.768203 -0.001067 -0.640205
vn -0.755191 -0.001259 -0.655504
vn -0.816305 -0.000775 -0.577620
vn -0.824333 -0.000818 -0.566104
vn -0.768203 -0.001067 -0.640205
vn -0.824333 -0.000818 -0.566104
vn -0.835080 -0.000698 -0.550129
vn -0.783695 -0.000391 -0.621145
vn -0.835080 -0.000698 -0.550129
vn -0.824333 -0.000818 -0.566104
vn -0.876558 -0.000395 -0.481297
vn -0.883512 -0.001087 -0.468407
vn -0.835080 -0.000698 -0.550129
vn -0.883512 -0.001087 -0.468407
vn -0.893001 -0.001397 -0.450052
vn -0.849301 -0.000379 -0.527910
vn -0.835080 -0.000698 -0.550129
vn -0.849301 -0.000379 -0.527910
vn -0.801324 0.000158 -0.598231
vn -0.783695 -0.000391 -0.621145
vn -0.893001 -0.001397 -0.450052
vn -0.883512 -0.001087 -0.468407
vn -0.925673 -0.000899 -0.378323
vn -0.930812 -0.001426 -0.365496
vn -0.893001 -0.001397 -0.450052
vn -0.930812 -0.001426 -0.365496
vn -0.935695 -0.000900 -0.352808
vn -0.902240 -0.000926 -0.431234
vn -0.893001 -0.001397 -0.450052
vn -0.902240 -0.000926 -0.431234
vn -0.862747 -0.000651 -0.505636
vn -0.849301 -0.000379 -0.527910
vn -0.930812 -0.001426 -0.365496
vn -0.925673 -0.000899 -0.378323
vn -0.958385 -0.000716 -0.285478
vn -0.960839 -0.000824 -0.277105
vn -0.930812 -0.001426 -0.365496
vn -0.960839 -0.000824 -0.277105
vn -0.963015 -0.000595 -0.269447
vn -0.935695 -0.000900 -0.352808
vn -0.963015 -0.000595 -0.269447
vn -0.960839 -0.000824 -0.277105
vn -0.982470 -0.000555 -0.186421
vn -0.983307 -0.000419 -0.181954
vn -0.963015 -0.000595 -0.269447
vn -0.983307 -0.000419 -0.181954
vn -0.983914 -0.000231 -0.178642
vn -0.964500 -0.000208 -0.264083
vn -0.963015 -0.000595 -0.269447
vn -0.964500 -0.000208 -0.264083
vn -0.938615 0.000039 -0.344966
vn -0.935695 -0.000900 -0.352808
vn -0.983914 -0.000231 -0.178642
vn -0.983307 -0.000419 -0.181954
vn -0.995788 -0.000343 -0.091685
vn -0.995933 -0.000228 -0.090099
vn -0.983914 -0.000231 -0.178642
vn -0.995933 -0.000228 -0.090099
vn -0.996026 -0.000129 -0.089062
vn -0.984281 -0.000099 -0.176611
vn -0.983914 -0.000231 -0.178642
vn -0.984281 -0.000099 -0.176611
vn -0.965256 0.000005 -0.261305
vn -0.964500 -0.000208 -0.264083
vn -0.984281 -0.000099 -0.176611
vn -0.996026 -0.000129 -0.089062
vn -0.996077 -0.000059 -0.088486
vn -0.984471 -0.000042 -0.175548
vn -0.984281 -0.000099 -0.176611
vn -0.984471 -0.000042 -0.175548
vn -0.965594 -0.000005 -0.260053
vn -0.965256 0.000005 -0.261305
vn -0.983307 -0.000419 -0.181954
vn -0.982470 -0.000555 -0.186421
vn -0.995594 -0.000443 -0.093769
vn -0.995788 -0.000343 -0.091685
vn -0.982470 -0.000555 -0.186421
vn -0.960839 -0.000824 -0.277105
vn -0.958385 -0.000716 -0.285478
vn -0.981494 -0.000580 -0.191494
vn -0.982470 -0.000555 -0.186421
vn -0.981494 -0.000580 -0.191494
vn -0.995365 -0.000497 -0.096172
vn -0.995594 -0.000443 -0.093769
vn -0.981494 -0.000580 -0.191494
vn -0.958385 -0.000716 -0.285478
vn -0.955993 -0.000548 -0.293390
vn -0.980474 -0.000549 -0.196649
vn -0.981494 -0.000580 -0.191494
vn -0.980474 -0.000549 -0.196649
vn -0.995118 -0.000514 -0.098689
vn -0.995365 -0.000497 -0.096172
vn -0.980474 -0.000549 -0.196649
vn -0.955993 -0.000548 -0.293390
vn -0.953751 -0.000469 -0.300597
vn -0.979472 -0.000512 -0.201579
vn -0.980474 -0.000549 -0.196649
vn -0.979472 -0.000512 -0.201579
vn -0.994870 -0.000510 -0.101158
vn -0.995118 -0.000514 -0.098689
vn -0.979472 -0.000512 -0.201579
vn -0.953751 -0.000469 -0.300597
vn -0.951658 -0.000441 -0.307159
vn -0.978523 -0.000478 -0.206139
vn -0.979472 -0.000512 -0.201579
vn -0.978523 -0.000478 -0.206139
vn -0.994632 -0.000485 -0.103477
vn -0.994870 -0.000510 -0.101158
vn -0.978523 -0.000478 -0.206139
vn -0.951658 -0.000441 -0.307159
vn -0.949723 -0.000415 -0.313090
vn -0.977642 -0.000442 -0.210275
vn -0.978523 -0.000478 -0.206139
vn -0.977642 -0.000442 -0.210275
vn -0.994409 -0.000458 -0.105594
vn -0.994632 -0.000485 -0.103477
vn -0.977642 -0.000442 -0.210275
vn -0.949723 -0.000415 -0.313090
vn -0.947978 -0.000380 -0.318335
vn -0.976845 -0.000410 -0.213948
vn -0.977642 -0.000442 -0.210275
vn -0.976845 -0.000410 -0.213948
vn -0.994207 -0.000428 -0.107481
vn -0.994409 -0.000458 -0.105594
vn -0.976845 -0.000410 -0.213948
vn -0.947978 -0.000380 -0.318335
vn -0.946451 -0.000340 -0.322847
vn -0.976143 -0.000376 -0.217128
vn -0.976845 -0.000410 -0.213948
vn -0.976143 -0.000376 -0.217128
vn -0.994028 -0.000392 -0.109125
vn -0.994207 -0.000428 -0.107481
vn -0.976143 -0.000376 -0.217128
vn -0.946451 -0.000340 -0.322847
vn -0.945743 -0.000321 -0.324916
vn -0.975816 -0.000358 -0.218591
vn -0.976143 -0.000376 -0.217128
vn -0.975816 -0.000358 -0.218591
vn -0.993944 -0.000376 -0.109884
vn -0.994028 -0.000392 -0.109125
vn -0.945743 -0.000321 -0.324916
vn -0.946451 -0.000340 -0.322847
vn -0.905183 -0.000299 -0.425021
vn -0.903979 -0.000275 -0.427576
vn -0.905183 -0.000299 -0.425021
vn -0.852743 -0.000273 -0.522331
vn -0.850957 -0.000236 -0.525236
vn -0.903979 -0.000275 -0.427576
vn -0.905183 -0.000299 -0.425021
vn -0.946451 -0.000340 -0.322847
vn -0.947978 -0.000380 -0.318335
vn -0.907789 -0.000354 -0.419427
vn -0.905183 -0.000299 -0.425021
vn -0.907789 -0.000354 -0.419427
vn -0.856643 -0.000360 -0.515910
vn -0.852743 -0.000273 -0.522331
vn -0.856643 -0.000360 -0.515910
vn -0.795134 -0.000392 -0.606434
vn -0.789734 -0.000249 -0.613449
vn -0.852743 -0.000273 -0.522331
vn -0.856643 -0.000360 -0.515910
vn -0.907789 -0.000354 -0.419427
vn -0.910778 -0.000390 -0.412897
vn -0.861164 -0.000427 -0.508327
vn -0.856643 -0.000360 -0.515910
vn -0.861164 -0.000427 -0.508327
vn -0.801582 -0.000554 -0.597885
vn -0.795134 -0.000392 -0.606434
vn -0.801582 -0.000554 -0.597885
vn -0.732844 -0.000673 -0.680397
vn -0.723971 -0.000390 -0.689830
vn -0.795134 -0.000392 -0.606434
vn -0.801582 -0.000554 -0.597885
vn -0.861164 -0.000427 -0.508327
vn -0.866129 -0.000408 -0.499820
vn -0.808829 -0.000694 -0.588044
vn -0.801582 -0.000554 -0.597885
vn -0.808829 -0.000694 -0.588044
vn -0.743428 -0.000984 -0.668815
vn -0.732844 -0.000673 -0.680397
vn -0.743428 -0.000984 -0.668815
vn -0.670425 -0.001093 -0.741976
vn -0.655445 -0.000678 -0.755243
vn -0.732844 -0.000673 -0.680397
vn -0.743428 -0.000984 -0.668815
vn -0.808829 -0.000694 -0.588044
vn -0.816305 -0.000775 -0.577620
vn -0.755191 -0.001259 -0.655504
vn -0.743428 -0.000984 -0.668815
vn -0.755191 -0.001259 -0.655504
vn -0.688353 -0.001253 -0.725375
vn -0.670425 -0.001093 -0.741976
vn -0.808829 -0.000694 -0.588044
vn -0.866129 -0.000408 -0.499820
vn -0.871220 -0.000227 -0.490892
vn -0.816305 -0.000775 -0.577620
vn -0.871220 -0.000227 -0.490892
vn -0.866129 -0.000408 -0.499820
vn -0.914077 -0.000371 -0.405541
vn -0.917587 -0.000295 -0.397534
vn -0.871220 -0.000227 -0.490892
vn -0.917587 -0.000295 -0.397534
vn -0.921337 -0.000349 -0.388765
vn -0.876558 -0.000395 -0.481297
vn -0.871220 -0.000227 -0.490892
vn -0.876558 -0.000395 -0.481297
vn -0.824333 -0.000818 -0.566104
vn -0.816305 -0.000775 -0.577620
vn -0.921337 -0.000349 -0.388765
vn -0.917587 -0.000295 -0.397534
vn -0.953751 -0.000469 -0.300597
vn -0.955993 -0.000548 -0.293390
vn -0.921337 -0.000349 -0.388765
vn -0.955993 -0.000548 -0.293390
vn -0.958385 -0.000716 -0.285478
vn -0.925673 -0.000899 -0.378323
vn -0.921337 -0.000349 -0.388765
vn -0.925673 -0.000899 -0.378323
vn -0.883512 -0.001087 -0.468407
vn -0.876558 -0.000395 -0.481297
vn -0.917587 -0.000295 -0.397534
vn -0.914077 -0.000371 -0.405541
vn -0.951658 -0.000441 -0.307159
vn -0.953751 -0.000469 -0.300597
vn -0.914077 -0.000371 -0.405541
vn -0.866129 -0.000408 -0.499820
vn -0.861164 -0.000427 -0.508327
vn -0.910778 -0.000390 -0.412897
vn -0.914077 -0.000371 -0.405541
vn -0.910778 -0.000390 -0.412897
vn -0.949723 -0.000415 -0.313090
vn -0.951658 -0.000441 -0.307159
vn -0.910778 -0.000390 -0.412897
vn -0.907789 -0.000354 -0.419427
vn -0.947978 -0.000380 -0.318335
vn -0.949723 -0.000415 -0.313090
vn -0.688353 -0.001253 -0.725375
vn -0.615184 -0.001270 -0.788383
vn -0.589603 -0.001163 -0.807692
vn -0.670425 -0.001093 -0.741976
vn 0.284940 -0.000186 -0.958545
vn 0.335307 0.000156 -0.942109
vn 0.352686 0.000003 -0.935742
vn 0.300636 -0.000432 -0.953739
vn 0.335307 0.000156 -0.942109
vn 0.393983 0.000546 -0.919118
vn 0.409895 0.000425 -0.912133
vn 0.352686 0.000003 -0.935742
vn 0.409895 0.000425 -0.912133
vn 0.393983 0.000546 -0.919118
vn 0.460174 0.001204 -0.887828
vn 0.472929 0.000990 -0.881100
vn 0.409895 0.000425 -0.912133
vn 0.472929 0.000990 -0.881100
vn 0.496230 0.000769 -0.868191
vn 0.438728 0.000250 -0.898620
vn 0.409895 0.000425 -0.912133
vn 0.438728 0.000250 -0.898620
vn 0.383298 -0.000231 -0.923625
vn 0.352686 0.000003 -0.935742
vn 0.496230 0.000769 -0.868191
vn 0.472929 0.000990 -0.881100
vn 0.540902 0.001682 -0.841084
vn 0.556563 0.001460 -0.830804
vn 0.496230 0.000769 -0.868191
vn 0.556563 0.001460 -0.830804
vn 0.571153 0.001830 -0.820842
vn 0.519164 0.000564 -0.854674
vn 0.496230 0.000769 -0.868191
vn 0.519164 0.000564 -0.854674
vn 0.465878 0.000052 -0.884849
vn 0.438728 0.000250 -0.898620
vn 0.556563 0.001460 -0.830804
vn 0.540902 0.001682 -0.841084
vn 0.611020 0.002330 -0.791612
vn 0.617748 0.002190 -0.786373
vn 0.556563 0.001460 -0.830804
vn 0.617748 0.002190 -0.786373
vn 0.622133 0.003040 -0.782906
vn 0.571153 0.001830 -0.820842
vn 0.617748 0.002190 -0.786373
vn 0.611020 0.002330 -0.791612
vn 0.678813 0.002136 -0.734308
vn 0.676978 0.002294 -0.735999
vn 0.617748 0.002190 -0.786373
vn 0.676978 0.002294 -0.735999
vn 0.670940 0.002735 -0.741507
vn 0.622133 0.003040 -0.782906
vn 0.611020 0.002330 -0.791612
vn 0.607173 0.002791 -0.794565
vn 0.679417 0.002833 -0.733747
vn 0.678813 0.002136 -0.734308
vn 0.611020 0.002330 -0.791612
vn 0.540902 0.001682 -0.841084
vn 0.532276 0.002024 -0.846568
vn 0.607173 0.002791 -0.794565
vn 0.532276 0.002024 -0.846568
vn 0.540902 0.001682 -0.841084
vn 0.472929 0.000990 -0.881100
vn 0.460174 0.001204 -0.887828
vn 0.519164 0.000564 -0.854674
vn 0.571153 0.001830 -0.820842
vn 0.592709 0.001086 -0.805416
vn 0.548171 0.000212 -0.836366
vn -0.939176 0.000535 -0.343436
vn -0.938335 0.000734 -0.345726
vn -0.905605 -0.002191 -0.424116
vn -0.905844 -0.001480 -0.423608
vn -0.799148 -0.000922 -0.601133
vn -0.793833 -0.001728 -0.608133
vn -0.832112 -0.002040 -0.554603
vn -0.832488 -0.001793 -0.554040
vn -0.884031 -0.002820 -0.467420
vn -0.904983 -0.001391 -0.425446
vn -0.905844 -0.001480 -0.423608
vn -0.887078 -0.003819 -0.461604
vn -0.991698 -0.000180 0.128591
vn -0.988458 -0.001962 0.151485
vn -0.981973 -0.001256 0.189017
vn -0.990174 0.001276 0.139835
vn -0.991698 -0.000180 0.128591
vn -0.997420 -0.000026 0.071790
vn -0.997095 -0.001964 0.076143
vn -0.988458 -0.001962 0.151485
vn -0.991698 -0.000180 0.128591
vn -0.990174 0.001276 0.139835
vn -0.997385 0.001972 0.072247
vn -0.997420 -0.000026 0.071790
vn 0.992752 -0.000495 0.120177
vn 0.997693 0.000720 0.067889
vn 0.996526 0.003678 0.083207
vn 0.987942 0.001183 0.154817
vn 0.992752 -0.000495 0.120177
vn 0.990944 -0.001536 0.134269
vn 0.997760 -0.001013 0.066887
vn 0.997693 0.000720 0.067889
vn 0.992752 -0.000495 0.120177
vn 0.987942 0.001183 0.154817
vn 0.979580 -0.001037 0.201052
vn 0.990944 -0.001536 0.134269
vn 0.624256 0.002380 0.781216
vn 0.592708 0.001081 0.805416
vn 0.625540 0.000052 0.780192
vn 0.654967 0.001177 0.755656
vn 0.624256 0.002380 0.781216
vn 0.622137 0.003039 0.782903
vn 0.571153 0.001826 0.820842
vn 0.592708 0.001081 0.805416
vn 0.624256 0.002380 0.781216
vn 0.654967 0.001177 0.755656
vn 0.670935 0.002740 0.741511
vn 0.622137 0.003039 0.782903
vn 0.484032 -0.000336 0.875050
vn 0.461265 0.003754 0.887255
vn 0.569011 0.001339 0.822329
vn 0.600208 -0.000979 0.799843
vn 0.484032 -0.000336 0.875050
vn 0.344832 -0.000433 0.938664
vn 0.345582 0.002595 0.938385
vn 0.461265 0.003754 0.887255
vn 0.484032 -0.000336 0.875050
vn 0.433750 -0.002891 0.901029
vn 0.329866 -0.003722 0.944021
vn 0.344832 -0.000433 0.938664
vn -0.288382 -0.000374 0.957515
vn -0.270605 0.002348 0.962688
vn -0.152079 0.001472 0.988367
vn -0.149402 -0.001051 0.988776
vn -0.288382 -0.000374 0.957515
vn -0.149402 -0.001051 0.988776
vn -0.128677 -0.002996 0.991682
vn -0.229487 -0.002022 0.973310
vn -0.288382 -0.000374 0.957515
vn -0.407259 -0.000403 0.913313
vn -0.378537 0.000757 0.925586
vn -0.270605 0.002348 0.962688
vn 0.966311 0.000289 0.257376
vn 0.942183 -0.000149 0.335098
vn 0.949902 -0.000455 0.312549
vn 0.972519 0.001233 0.232821
vn 0.966311 0.000289 0.257376
vn 0.988178 0.000408 0.153312
vn 0.988463 -0.001121 0.151457
vn 0.971358 -0.001802 0.237614
vn 0.966311 0.000289 0.257376
vn 0.972519 0.001233 0.232821
vn 0.988355 0.000991 0.152162
vn 0.988178 0.000408 0.153312
vn -0.738835 -0.000517 0.673886
vn -0.773422 -0.001338 0.633890
vn -0.793832 -0.001732 0.608135
vn -0.782429 -0.001052 0.622739
vn -0.738835 -0.000517 0.673886
vn -0.782429 -0.001052 0.622739
vn -0.768268 0.000252 0.640128
vn -0.716415 -0.000010 0.697675
vn -0.738835 -0.000517 0.673886
vn -0.716415 -0.000010 0.697675
vn -0.662713 -0.000557 0.748873
vn -0.672621 -0.000708 0.739987
vn -0.888104 -0.005083 0.459614
vn -0.905605 -0.002191 0.424116
vn -0.905843 -0.001478 0.423611
vn -0.887078 -0.003819 0.461604
vn 0.718014 0.001245 0.696028
vn 0.710890 0.001614 0.703301
vn 0.678813 0.002135 0.734309
vn 0.676977 0.002293 0.736001
vn 0.718014 0.001245 0.696028
vn 0.676977 0.002293 0.736001
vn 0.670935 0.002740 0.741511
vn 0.714074 0.001027 0.700070
vn 0.718014 0.001245 0.696028
vn 0.714074 0.001027 0.700070
vn 0.751551 -0.000438 0.659675
vn 0.759786 -0.000664 0.650173
vn 0.713405 0.002454 0.700748
vn 0.679416 0.002832 0.733748
vn 0.678813 0.002135 0.734309
vn 0.710890 0.001614 0.703301
vn 0.101719 0.011866 0.994742
vn 0.011942 0.013867 0.999833
vn -0.003641 0.010939 0.999934
vn 0.073964 0.007608 0.997232
vn -0.871889 -0.000454 0.489704
vn -0.884031 -0.002820 0.467420
vn -0.904979 -0.001388 0.425454
vn -0.904416 0.000299 0.426652
vn -0.871889 -0.000454 0.489704
vn -0.904416 0.000299 0.426652
vn -0.906436 0.001727 0.422339
vn -0.869173 0.000256 0.494507
vn -0.871889 -0.000454 0.489704
vn -0.869173 0.000256 0.494507
vn -0.832111 -0.002042 0.554606
vn -0.832488 -0.001793 0.554040
vn -0.781208 -0.000512 0.624270
vn -0.799148 -0.000922 0.601133
vn -0.793832 -0.001732 0.608135
vn -0.773422 -0.001338 0.633890
vn -0.970298 -0.000257 0.241914
vn -0.965713 0.000441 0.259612
vn -0.939176 0.000539 0.343436
vn -0.938335 0.000734 0.345726
vn -0.970298 -0.000257 0.241914
vn -0.985699 -0.000992 0.168514
vn -0.984703 0.000305 0.174242
vn -0.965713 0.000441 0.259612
vn -0.970298 -0.000257 0.241914
vn -0.981973 -0.001256 0.189017
vn -0.988458 -0.001962 0.151485
vn -0.985699 -0.000992 0.168514
vn -0.999999 0.001663 -0.000000
vn -1.000000 0.000355 0.000000
vn -0.997420 -0.000026 0.071790
vn -0.997385 0.001972 0.072247
vn 0.999999 0.001206 0.000000
vn 0.999992 0.004078 0.000000
vn 0.996526 0.003678 0.083207
vn 0.997693 0.000720 0.067889
vn 0.999999 0.001206 0.000000
vn 0.997693 0.000720 0.067889
vn 0.997760 -0.001013 0.066887
vn 1.000000 -0.000447 0.000000
vn 0.999985 0.005511 0.000000
vn 0.995486 0.004570 0.094804
vn 0.996526 0.003678 0.083207
vn 0.999992 0.004078 0.000000
vn 0.951693 0.000186 0.307051
vn 0.966311 0.000289 0.257376
vn 0.971358 -0.001802 0.237614
vn 0.959454 -0.001201 0.281864
vn 0.951693 0.000186 0.307051
vn 0.935592 0.000816 0.353082
vn 0.942183 -0.000149 0.335098
vn 0.966311 0.000289 0.257376
vn 0.935592 0.000816 0.353082
vn 0.911194 -0.000941 0.411977
vn 0.916182 -0.001308 0.400761
vn 0.942183 -0.000149 0.335098
vn 0.911194 -0.000941 0.411977
vn 0.884404 -0.001451 0.466720
vn 0.886869 -0.001403 0.462018
vn 0.916182 -0.001308 0.400761
vn 0.884404 -0.001451 0.466720
vn 0.854930 -0.001397 0.518742
vn 0.854789 -0.001322 0.518975
vn 0.886869 -0.001403 0.462018
vn 0.854930 -0.001397 0.518742
vn 0.824132 -0.001344 0.566396
vn 0.821153 -0.001187 0.570706
vn 0.854789 -0.001322 0.518975
vn 0.824132 -0.001344 0.566396
vn 0.792494 -0.001134 0.609879
vn 0.786612 -0.000911 0.617446
vn 0.821153 -0.001187 0.570706
vn 0.792494 -0.001134 0.609879
vn 0.759786 -0.000664 0.650173
vn 0.751551 -0.000438 0.659675
vn 0.786612 -0.000911 0.617446
vn 0.786612 -0.000911 0.617446
vn 0.772218 -0.000658 0.635358
vn 0.812416 -0.000990 0.583078
vn 0.821153 -0.001187 0.570706
vn 0.786612 -0.000911 0.617446
vn 0.751551 -0.000438 0.659675
vn 0.732392 -0.000278 0.680883
vn 0.772218 -0.000658 0.635358
vn 0.732392 -0.000278 0.680883
vn 0.707376 -0.000349 0.706838
vn 0.752475 -0.000629 0.658621
vn 0.772218 -0.000658 0.635358
vn 0.732392 -0.000278 0.680883
vn 0.693326 0.000245 0.720624
vn 0.664831 -0.000100 0.746993
vn 0.707376 -0.000349 0.706838
vn 0.732392 -0.000278 0.680883
vn 0.751551 -0.000438 0.659675
vn 0.714074 0.001027 0.700070
vn 0.693326 0.000245 0.720624
vn 0.693326 0.000245 0.720624
vn 0.654967 0.001177 0.755656
vn 0.625540 0.000052 0.780192
vn 0.664831 -0.000100 0.746993
vn 0.693326 0.000245 0.720624
vn 0.714074 0.001027 0.700070
vn 0.670935 0.002740 0.741511
vn 0.654967 0.001177 0.755656
vn 0.664831 -0.000100 0.746993
vn 0.627598 -0.000078 0.778537
vn 0.675133 -0.000321 0.737696
vn 0.707376 -0.000349 0.706838
vn 0.664831 -0.000100 0.746993
vn 0.625540 0.000052 0.780192
vn 0.584947 0.000025 0.811072
vn 0.627598 -0.000078 0.778537
vn 0.584947 0.000025 0.811072
vn 0.625540 0.000052 0.780192
vn 0.592708 0.001081 0.805416
vn 0.548170 0.000209 0.836367
vn 0.584947 0.000025 0.811072
vn 0.535451 -0.000217 0.844566
vn 0.579932 -0.000112 0.814665
vn 0.627598 -0.000078 0.778537
vn 0.584947 0.000025 0.811072
vn 0.548170 0.000209 0.836367
vn 0.497496 -0.000171 0.867466
vn 0.535451 -0.000217 0.844566
vn 0.497496 -0.000171 0.867466
vn 0.548170 0.000209 0.836367
vn 0.519159 0.000562 0.854677
vn 0.465878 0.000052 0.884849
vn 0.497496 -0.000171 0.867466
vn 0.439287 -0.000664 0.898347
vn 0.473993 -0.000738 0.880528
vn 0.535451 -0.000217 0.844566
vn 0.497496 -0.000171 0.867466
vn 0.465878 0.000052 0.884849
vn 0.410123 -0.000467 0.912030
vn 0.439287 -0.000664 0.898347
vn 0.410123 -0.000467 0.912030
vn 0.465878 0.000052 0.884849
vn 0.438726 0.000250 0.898621
vn 0.383296 -0.000231 0.923626
vn 0.410123 -0.000467 0.912030
vn 0.348599 -0.001005 0.937271
vn 0.370910 -0.001273 0.928668
vn 0.439287 -0.000664 0.898347
vn 0.410123 -0.000467 0.912030
vn 0.383296 -0.000231 0.923626
vn 0.327237 -0.000758 0.944942
vn 0.348599 -0.001005 0.937271
vn 0.327237 -0.000758 0.944942
vn 0.383296 -0.000231 0.923626
vn 0.352686 0.000003 0.935742
vn 0.300639 -0.000431 0.953738
vn 0.327237 -0.000758 0.944942
vn 0.267780 -0.001309 0.963479
vn 0.279930 -0.001493 0.960019
vn 0.348599 -0.001005 0.937271
vn 0.327237 -0.000758 0.944942
vn 0.300639 -0.000431 0.953738
vn 0.250629 -0.000993 0.968083
vn 0.267780 -0.001309 0.963479
vn 0.250629 -0.000993 0.968083
vn 0.300639 -0.000431 0.953738
vn 0.284944 -0.000186 0.958544
vn 0.239972 -0.000766 0.970780
vn 0.250629 -0.000993 0.968083
vn 0.199586 -0.001690 0.979879
vn 0.204061 -0.001722 0.978957
vn 0.267780 -0.001309 0.963479
vn 0.250629 -0.000993 0.968083
vn 0.239972 -0.000766 0.970780
vn 0.195906 -0.001628 0.980621
vn 0.199586 -0.001690 0.979879
vn 0.195906 -0.001628 0.980621
vn 0.151257 -0.001901 0.988493
vn 0.147330 -0.001859 0.989086
vn 0.199586 -0.001690 0.979879
vn 0.151257 -0.001901 0.988493
vn 0.107981 -0.001138 0.994152
vn 0.096329 -0.001219 0.995349
vn 0.147330 -0.001859 0.989086
vn 0.107981 -0.001138 0.994152
vn 0.068374 0.000232 0.997660
vn 0.049220 -0.000156 0.998788
vn 0.096329 -0.001219 0.995349
vn 0.068374 0.000232 0.997660
vn 0.034914 0.001763 0.999389
vn 0.009321 0.000957 0.999956
vn 0.049220 -0.000156 0.998788
vn 0.034914 0.001763 0.999389
vn 0.010466 0.003033 0.999941
vn -0.021226 0.001912 0.999773
vn 0.009321 0.000957 0.999956
vn 0.010466 0.003033 0.999941
vn -0.000778 0.002415 0.999997
vn -0.039682 0.002670 0.999209
vn -0.021226 0.001912 0.999773
vn -0.000778 0.002415 0.999997
vn 0.004967 0.002649 0.999984
vn -0.042124 0.004093 0.999104
vn -0.039682 0.002670 0.999209
vn 0.004967 0.002649 0.999984
vn 0.029224 0.003671 0.999566
vn -0.029140 0.006606 0.999554
vn -0.042124 0.004093 0.999104
vn 0.029224 0.003671 0.999566
vn 0.073964 0.007608 0.997232
vn -0.003641 0.010939 0.999934
vn -0.029140 0.006606 0.999554
vn -0.029140 0.006606 0.999554
vn -0.147427 0.007055 0.989048
vn -0.134585 0.004159 0.990893
vn -0.042124 0.004093 0.999104
vn -0.029140 0.006606 0.999554
vn -0.003641 0.010939 0.999934
vn -0.160535 0.011075 0.986968
vn -0.147427 0.007055 0.989048
vn -0.160535 0.011075 0.986968
vn -0.294577 0.004517 0.955617
vn -0.253535 0.002698 0.967323
vn -0.147427 0.007055 0.989048
vn -0.160535 0.011075 0.986968
vn -0.167874 0.013006 0.985723
vn -0.317678 0.005917 0.948180
vn -0.294577 0.004517 0.955617
vn -0.160535 0.011075 0.986968
vn -0.003641 0.010939 0.999934
vn 0.011942 0.013867 0.999833
vn -0.167874 0.013006 0.985723
vn -0.317678 0.005917 0.948180
vn -0.412543 0.000894 0.910938
vn -0.385138 0.000567 0.922859
vn -0.294577 0.004517 0.955617
vn -0.412543 0.000894 0.910938
vn -0.474475 0.000070 0.880269
vn -0.449497 -0.000045 0.893282
vn -0.385138 0.000567 0.922859
vn -0.474475 0.000070 0.880269
vn -0.526419 -0.000066 0.850225
vn -0.504718 -0.000141 0.863284
vn -0.449497 -0.000045 0.893282
vn -0.526419 -0.000066 0.850225
vn -0.573886 -0.000585 0.818935
vn -0.556558 -0.000451 0.830809
vn -0.504718 -0.000141 0.863284
vn -0.573886 -0.000585 0.818935
vn -0.621632 -0.001190 0.783308
vn -0.608791 -0.000801 0.793331
vn -0.556558 -0.000451 0.830809
vn -0.621632 -0.001190 0.783308
vn -0.672621 -0.000708 0.739987
vn -0.662713 -0.000557 0.748873
vn -0.608791 -0.000801 0.793331
vn -0.608791 -0.000801 0.793331
vn -0.580093 -0.000312 0.814550
vn -0.520922 -0.000253 0.853604
vn -0.556558 -0.000451 0.830809
vn -0.608791 -0.000801 0.793331
vn -0.662713 -0.000557 0.748873
vn -0.639133 -0.000356 0.769096
vn -0.580093 -0.000312 0.814550
vn -0.639133 -0.000356 0.769096
vn -0.609297 -0.000389 0.792942
vn -0.545377 -0.000289 0.838191
vn -0.580093 -0.000312 0.814550
vn -0.639133 -0.000356 0.769096
vn -0.696192 -0.000363 0.717856
vn -0.671179 -0.000525 0.741296
vn -0.609297 -0.000389 0.792942
vn -0.639133 -0.000356 0.769096
vn -0.662713 -0.000557 0.748873
vn -0.716415 -0.000010 0.697675
vn -0.696192 -0.000363 0.717856
vn -0.696192 -0.000363 0.717856
vn -0.750140 -0.000119 0.661279
vn -0.729368 -0.000570 0.684122
vn -0.671179 -0.000525 0.741296
vn -0.696192 -0.000363 0.717856
vn -0.716415 -0.000010 0.697675
vn -0.768268 0.000252 0.640128
vn -0.750140 -0.000119 0.661279
vn -0.750140 -0.000119 0.661279
vn -0.801317 0.000160 0.598240
vn -0.783688 -0.000390 0.621154
vn -0.729368 -0.000570 0.684122
vn -0.750140 -0.000119 0.661279
vn -0.768268 0.000252 0.640128
vn -0.817502 -0.000110 0.575925
vn -0.801317 0.000160 0.598240
vn -0.817502 -0.000110 0.575925
vn -0.862746 -0.000652 0.505637
vn -0.849301 -0.000380 0.527908
vn -0.801317 0.000160 0.598240
vn -0.817502 -0.000110 0.575925
vn -0.828175 -0.001426 0.560467
vn -0.870019 -0.000721 0.493017
vn -0.862746 -0.000652 0.505637
vn -0.817502 -0.000110 0.575925
vn -0.768268 0.000252 0.640128
vn -0.782429 -0.001052 0.622739
vn -0.828175 -0.001426 0.560467
vn -0.828175 -0.001426 0.560467
vn -0.832111 -0.002042 0.554606
vn -0.869173 0.000256 0.494507
vn -0.870019 -0.000721 0.493017
vn -0.828175 -0.001426 0.560467
vn -0.782429 -0.001052 0.622739
vn -0.793832 -0.001732 0.608135
vn -0.832111 -0.002042 0.554606
vn -0.870019 -0.000721 0.493017
vn -0.907023 0.000155 0.421082
vn -0.902240 -0.000932 0.431233
vn -0.862746 -0.000652 0.505637
vn -0.870019 -0.000721 0.493017
vn -0.869173 0.000256 0.494507
vn -0.906436 0.001727 0.422339
vn -0.907023 0.000155 0.421082
vn -0.907023 0.000155 0.421082
vn -0.938617 0.000037 0.344962
vn -0.935695 -0.000907 0.352809
vn -0.902240 -0.000932 0.431233
vn -0.907023 0.000155 0.421082
vn -0.906436 0.001727 0.422339
vn -0.939418 0.000536 0.342773
vn -0.938617 0.000037 0.344962
vn -0.939418 0.000536 0.342773
vn -0.965260 0.000009 0.261292
vn -0.964503 -0.000206 0.264073
vn -0.938617 0.000037 0.344962
vn -0.939418 0.000536 0.342773
vn -0.939487 0.000087 0.342584
vn -0.965597 -0.000012 0.260044
vn -0.965260 0.000009 0.261292
vn -0.939418 0.000536 0.342773
vn -0.906436 0.001727 0.422339
vn -0.904416 0.000299 0.426652
vn -0.939487 0.000087 0.342584
vn -0.939487 0.000087 0.342584
vn -0.939780 -0.000086 0.341781
vn -0.965794 -0.000101 0.259312
vn -0.965597 -0.000012 0.260044
vn -0.939487 0.000087 0.342584
vn -0.904416 0.000299 0.426652
vn -0.904979 -0.001388 0.425454
vn -0.939780 -0.000086 0.341781
vn -0.939780 -0.000086 0.341781
vn -0.939176 0.000539 0.343436
vn -0.965713 0.000441 0.259612
vn -0.965794 -0.000101 0.259312
vn -0.939780 -0.000086 0.341781
vn -0.904979 -0.001388 0.425454
vn -0.905843 -0.001478 0.423611
vn -0.939176 0.000539 0.343436
vn -0.965794 -0.000101 0.259312
vn -0.984564 0.000019 0.175024
vn -0.984470 -0.000050 0.175555
vn -0.965597 -0.000012 0.260044
vn -0.965794 -0.000101 0.259312
vn -0.965713 0.000441 0.259612
vn -0.984703 0.000305 0.174242
vn -0.984564 0.000019 0.175024
vn -0.984564 0.000019 0.175024
vn -0.996109 -0.000030 0.088126
vn -0.996078 -0.000065 0.088483
vn -0.984470 -0.000050 0.175555
vn -0.984564 0.000019 0.175024
vn -0.984703 0.000305 0.174242
vn -0.996185 -0.000191 0.087267
vn -0.996109 -0.000030 0.088126
vn -0.996185 -0.000191 0.087267
vn -1.000000 -0.000324 -0.000003
vn -1.000000 -0.000082 -0.000006
vn -0.996109 -0.000030 0.088126
vn -0.996185 -0.000191 0.087267
vn -0.996485 -0.001134 0.083763
vn -0.999999 -0.001051 0.000000
vn -1.000000 -0.000324 -0.000003
vn -0.996185 -0.000191 0.087267
vn -0.984703 0.000305 0.174242
vn -0.985699 -0.000992 0.168514
vn -0.996485 -0.001134 0.083763
vn -0.996485 -0.001134 0.083763
vn -0.997095 -0.001964 0.076143
vn -0.999999 -0.001261 0.000000
vn -0.999999 -0.001051 0.000000
vn -0.996485 -0.001134 0.083763
vn -0.985699 -0.000992 0.168514
vn -0.988458 -0.001962 0.151485
vn -0.997095 -0.001964 0.076143
vn -0.999999 -0.001261 0.000000
vn -0.997095 -0.001964 0.076143
vn -0.997420 -0.000026 0.071790
vn -1.000000 0.000355 0.000000
vn -1.000000 -0.000082 -0.000006
vn -1.000000 -0.000073 -0.000003
vn -0.996078 -0.000065 0.088483
vn -0.996109 -0.000030 0.088126
vn -1.000000 -0.000073 -0.000003
vn -1.000000 -0.000137 0.000000
vn -0.996026 -0.000129 0.089062
vn -0.996078 -0.000065 0.088483
vn -1.000000 -0.000137 0.000000
vn -1.000000 -0.000225 0.000000
vn -0.995933 -0.000228 0.090099
vn -0.996026 -0.000129 0.089062
vn -1.000000 -0.000225 0.000000
vn -1.000000 -0.000318 0.000000
vn -0.995788 -0.000343 0.091685
vn -0.995933 -0.000228 0.090099
vn -1.000000 -0.000318 0.000000
vn -1.000000 -0.000410 0.000000
vn -0.995594 -0.000442 0.093769
vn -0.995788 -0.000343 0.091685
vn -1.000000 -0.000410 0.000000
vn -1.000000 -0.000473 0.000000
vn -0.995365 -0.000497 0.096173
vn -0.995594 -0.000442 0.093769
vn -1.000000 -0.000473 0.000000
vn -1.000000 -0.000501 0.000000
vn -0.995118 -0.000514 0.098690
vn -0.995365 -0.000497 0.096173
vn -1.000000 -0.000501 0.000000
vn -1.000000 -0.000505 0.000000
vn -0.994870 -0.000510 0.101158
vn -0.995118 -0.000514 0.098690
vn -1.000000 -0.000505 0.000000
vn -1.000000 -0.000484 0.000000
vn -0.994632 -0.000486 0.103477
vn -0.994870 -0.000510 0.101158
vn -1.000000 -0.000484 0.000000
vn -1.000000 -0.000462 0.000000
vn -0.994409 -0.000457 0.105594
vn -0.994632 -0.000486 0.103477
vn -1.000000 -0.000462 0.000000
vn -1.000000 -0.000434 0.000000
vn -0.994207 -0.000428 0.107482
vn -0.994409 -0.000457 0.105594
vn -1.000000 -0.000434 0.000000
vn -1.000000 -0.000396 0.000000
vn -0.994028 -0.000390 0.109123
vn -0.994207 -0.000428 0.107482
vn -1.000000 -0.000396 0.000000
vn -1.000000 -0.000379 0.000000
vn -0.993945 -0.000370 0.109880
vn -0.994028 -0.000390 0.109123
vn -0.787305 -0.000192 0.616564
vn -0.789733 -0.000251 0.613451
vn -0.852743 -0.000281 0.522331
vn -0.850958 -0.000239 0.525234
vn -0.787305 -0.000192 0.616564
vn -0.713834 -0.000119 0.700315
vn -0.716920 -0.000192 0.697155
vn -0.789733 -0.000251 0.613451
vn -0.716920 -0.000192 0.697155
vn -0.713834 -0.000119 0.700315
vn -0.631547 -0.000014 0.775338
vn -0.635189 -0.000074 0.772357
vn -0.716920 -0.000192 0.697155
vn -0.723971 -0.000390 0.689830
vn -0.795131 -0.000391 0.606438
vn -0.789733 -0.000251 0.613451
vn -0.716920 -0.000192 0.697155
vn -0.635189 -0.000074 0.772357
vn -0.643811 -0.000290 0.765184
vn -0.723971 -0.000390 0.689830
vn -0.643811 -0.000290 0.765184
vn -0.635189 -0.000074 0.772357
vn -0.545711 0.000093 0.837974
vn -0.555384 -0.000034 0.831594
vn -0.643811 -0.000290 0.765184
vn -0.655442 -0.000677 0.755246
vn -0.732844 -0.000673 0.680397
vn -0.723971 -0.000390 0.689830
vn -0.643811 -0.000290 0.765184
vn -0.555384 -0.000034 0.831594
vn -0.569553 -0.000528 0.821954
vn -0.655442 -0.000677 0.755246
vn -0.569553 -0.000528 0.821954
vn -0.555384 -0.000034 0.831594
vn -0.460395 -0.000044 0.887714
vn -0.476779 -0.000450 0.879023
vn -0.569553 -0.000528 0.821954
vn -0.589601 -0.001168 0.807694
vn -0.670425 -0.001093 0.741976
vn -0.655442 -0.000677 0.755246
vn -0.569553 -0.000528 0.821954
vn -0.476779 -0.000450 0.879023
vn -0.502274 -0.000972 0.864708
vn -0.589601 -0.001168 0.807694
vn -0.502274 -0.000972 0.864708
vn -0.476779 -0.000450 0.879023
vn -0.378537 0.000757 0.925586
vn -0.407259 -0.000403 0.913313
vn -0.502274 -0.000972 0.864708
vn -0.536856 -0.001130 0.843673
vn -0.615184 -0.001270 0.788383
vn -0.589601 -0.001168 0.807694
vn -0.502274 -0.000972 0.864708
vn -0.407259 -0.000403 0.913313
vn -0.453106 -0.001209 0.891456
vn -0.536856 -0.001130 0.843673
vn -0.453106 -0.001209 0.891456
vn -0.407259 -0.000403 0.913313
vn -0.288382 -0.000374 0.957515
vn -0.373787 -0.000802 0.927514
vn -0.453106 -0.001209 0.891456
vn -0.503550 -0.000498 0.863966
vn -0.574612 -0.000673 0.818426
vn -0.536856 -0.001130 0.843673
vn -0.453106 -0.001209 0.891456
vn -0.373787 -0.000802 0.927514
vn -0.434318 -0.000223 0.900760
vn -0.503550 -0.000498 0.863966
vn -0.434318 -0.000223 0.900760
vn -0.373787 -0.000802 0.927514
vn -0.308533 -0.000185 0.951214
vn -0.370209 0.000016 0.928948
vn -0.434318 -0.000223 0.900760
vn -0.481680 -0.000184 0.876347
vn -0.545377 -0.000289 0.838191
vn -0.503550 -0.000498 0.863966
vn -0.434318 -0.000223 0.900760
vn -0.370209 0.000016 0.928948
vn -0.419681 -0.000036 0.907672
vn -0.481680 -0.000184 0.876347
vn -0.419681 -0.000036 0.907672
vn -0.370209 0.000016 0.928948
vn -0.309487 0.000076 0.950904
vn -0.358093 0.000112 0.933686
vn -0.419681 -0.000036 0.907672
vn -0.462397 -0.000161 0.886673
vn -0.520922 -0.000253 0.853604
vn -0.481680 -0.000184 0.876347
vn -0.419681 -0.000036 0.907672
vn -0.358093 0.000112 0.933686
vn -0.402444 -0.000036 0.915445
vn -0.462397 -0.000161 0.886673
vn -0.402444 -0.000036 0.915445
vn -0.358093 0.000112 0.933686
vn -0.293091 0.000531 0.956084
vn -0.335706 0.000423 0.941967
vn -0.402444 -0.000036 0.915445
vn -0.449497 -0.000045 0.893282
vn -0.504718 -0.000141 0.863284
vn -0.462397 -0.000161 0.886673
vn -0.402444 -0.000036 0.915445
vn -0.335706 0.000423 0.941967
vn -0.385138 0.000567 0.922859
vn -0.449497 -0.000045 0.893282
vn -0.293091 0.000531 0.956084
vn -0.248647 0.000306 0.968594
vn -0.184080 0.000971 0.982911
vn -0.219538 0.001825 0.975602
vn -0.293091 0.000531 0.956084
vn -0.358093 0.000112 0.933686
vn -0.309487 0.000076 0.950904
vn -0.248647 0.000306 0.968594
vn -0.293091 0.000531 0.956084
vn -0.219538 0.001825 0.975602
vn -0.253535 0.002698 0.967323
vn -0.335706 0.000423 0.941967
vn -0.248647 0.000306 0.968594
vn -0.196467 -0.000058 0.980510
vn -0.141131 0.000291 0.989991
vn -0.184080 0.000971 0.982911
vn -0.248647 0.000306 0.968594
vn -0.309487 0.000076 0.950904
vn -0.251296 -0.000192 0.967910
vn -0.196467 -0.000058 0.980510
vn -0.251296 -0.000192 0.967910
vn -0.180426 -0.000799 0.983588
vn -0.134113 -0.000534 0.990966
vn -0.196467 -0.000058 0.980510
vn -0.251296 -0.000192 0.967910
vn -0.308533 -0.000185 0.951214
vn -0.229487 -0.002022 0.973310
vn -0.180426 -0.000799 0.983588
vn -0.251296 -0.000192 0.967910
vn -0.309487 0.000076 0.950904
vn -0.370209 0.000016 0.928948
vn -0.308533 -0.000185 0.951214
vn -0.180426 -0.000799 0.983588
vn -0.095223 -0.001665 0.995455
vn -0.060477 -0.001179 0.998169
vn -0.134113 -0.000534 0.990966
vn -0.180426 -0.000799 0.983588
vn -0.229487 -0.002022 0.973310
vn -0.128677 -0.002996 0.991682
vn -0.095223 -0.001665 0.995455
vn -0.095223 -0.001665 0.995455
vn 0.002693 -0.002194 0.999994
vn 0.024271 -0.001735 0.999704
vn -0.060477 -0.001179 0.998169
vn -0.095223 -0.001665 0.995455
vn -0.128677 -0.002996 0.991682
vn -0.014551 -0.002288 0.999892
vn 0.002693 -0.002194 0.999994
vn -0.014551 -0.002288 0.999892
vn 0.101139 -0.002274 0.994870
vn 0.106297 -0.002290 0.994332
vn 0.002693 -0.002194 0.999994
vn -0.014551 -0.002288 0.999892
vn -0.024709 -0.001401 0.999694
vn 0.099289 -0.001416 0.995058
vn 0.101139 -0.002274 0.994870
vn -0.014551 -0.002288 0.999892
vn -0.128677 -0.002996 0.991682
vn -0.149402 -0.001051 0.988776
vn -0.024709 -0.001401 0.999694
vn -0.024709 -0.001401 0.999694
vn -0.027484 0.000062 0.999622
vn 0.099451 -0.000148 0.995043
vn 0.099289 -0.001416 0.995058
vn -0.024709 -0.001401 0.999694
vn -0.149402 -0.001051 0.988776
vn -0.152079 0.001472 0.988367
vn -0.027484 0.000062 0.999622
vn -0.027484 0.000062 0.999622
vn -0.024964 0.000975 0.999688
vn 0.100405 0.000732 0.994946
vn 0.099451 -0.000148 0.995043
vn -0.027484 0.000062 0.999622
vn -0.152079 0.001472 0.988367
vn -0.146199 0.000908 0.989255
vn -0.024964 0.000975 0.999688
vn -0.146199 0.000908 0.989255
vn -0.138055 0.000588 0.990425
vn -0.020271 0.000947 0.999794
vn -0.024964 0.000975 0.999688
vn -0.146199 0.000908 0.989255
vn -0.258238 0.000635 0.966081
vn -0.247998 -0.000072 0.968761
vn -0.138055 0.000588 0.990425
vn -0.146199 0.000908 0.989255
vn -0.152079 0.001472 0.988367
vn -0.270605 0.002348 0.962688
vn -0.258238 0.000635 0.966081
vn -0.258238 0.000635 0.966081
vn -0.361567 0.000215 0.932346
vn -0.351014 -0.000131 0.936370
vn -0.247998 -0.000072 0.968761
vn -0.258238 0.000635 0.966081
vn -0.270605 0.002348 0.962688
vn -0.378537 0.000757 0.925586
vn -0.361567 0.000215 0.932346
vn -0.361567 0.000215 0.932346
vn -0.460395 -0.000044 0.887714
vn -0.450256 0.000151 0.892900
vn -0.351014 -0.000131 0.936370
vn -0.361567 0.000215 0.932346
vn -0.378537 0.000757 0.925586
vn -0.476779 -0.000450 0.879023
vn -0.460395 -0.000044 0.887714
vn -0.450256 0.000151 0.892900
vn -0.446302 0.000048 0.894883
vn -0.346893 -0.000158 0.937905
vn -0.351014 -0.000131 0.936370
vn -0.450256 0.000151 0.892900
vn -0.545711 0.000093 0.837974
vn -0.541773 0.000085 0.840525
vn -0.446302 0.000048 0.894883
vn -0.450256 0.000151 0.892900
vn -0.460395 -0.000044 0.887714
vn -0.555384 -0.000034 0.831594
vn -0.545711 0.000093 0.837974
vn -0.541773 0.000085 0.840525
vn -0.545711 0.000093 0.837974
vn -0.635189 -0.000074 0.772357
vn -0.631547 -0.000014 0.775338
vn 1.000000 -0.000744 0.000000
vn 1.000000 -0.000773 0.000000
vn 0.994567 -0.000757 0.104093
vn 0.994404 -0.000728 0.105639
vn 1.000000 -0.000773 0.000000
vn 1.000000 -0.000835 0.000000
vn 0.994918 -0.000827 0.100690
vn 0.994567 -0.000757 0.104093
vn 1.000000 -0.000835 0.000000
vn 1.000000 -0.000855 0.000000
vn 0.995313 -0.000856 0.096707
vn 0.994918 -0.000827 0.100690
vn 1.000000 -0.000855 0.000000
vn 1.000000 -0.000813 0.000000
vn 0.995730 -0.000820 0.092306
vn 0.995313 -0.000856 0.096707
vn 1.000000 -0.000813 0.000000
vn 1.000000 -0.000726 0.000000
vn 0.996139 -0.000742 0.087784
vn 0.995730 -0.000820 0.092306
vn 1.000000 -0.000726 0.000000
vn 1.000000 -0.000588 0.000000
vn 0.996506 -0.000607 0.083520
vn 0.996139 -0.000742 0.087784
vn 1.000000 -0.000588 0.000000
vn 1.000000 -0.000417 0.000000
vn 0.996801 -0.000451 0.079919
vn 0.996506 -0.000607 0.083520
vn 1.000000 -0.000417 0.000000
vn 1.000000 -0.000245 0.000000
vn 0.997014 -0.000336 0.077225
vn 0.996801 -0.000451 0.079919
vn 1.000000 -0.000245 0.000000
vn 1.000000 -0.000179 0.000000
vn 0.997164 -0.000266 0.075266
vn 0.997014 -0.000336 0.077225
vn 1.000000 -0.000179 0.000000
vn 1.000000 -0.000213 0.000000
vn 0.997263 -0.000033 0.073943
vn 0.997164 -0.000266 0.075266
vn 1.000000 -0.000213 0.000000
vn 1.000000 -0.000184 0.000000
vn 0.997322 -0.000013 0.073136
vn 0.997263 -0.000033 0.073943
vn 1.000000 -0.000184 0.000000
vn 1.000000 -0.000398 0.000000
vn 0.997462 -0.000437 0.071202
vn 0.997322 -0.000013 0.073136
vn 1.000000 -0.000398 0.000000
vn 1.000000 -0.000447 0.000000
vn 0.997760 -0.001013 0.066887
vn 0.997462 -0.000437 0.071202
vn 0.997462 -0.000437 0.071202
vn 0.989412 -0.000773 0.145133
vn 0.988463 -0.001121 0.151457
vn 0.997322 -0.000013 0.073136
vn 0.997462 -0.000437 0.071202
vn 0.997760 -0.001013 0.066887
vn 0.990944 -0.001536 0.134269
vn 0.989412 -0.000773 0.145133
vn 0.989412 -0.000773 0.145133
vn 0.974833 -0.001031 0.222932
vn 0.971358 -0.001802 0.237614
vn 0.988463 -0.001121 0.151457
vn 0.989412 -0.000773 0.145133
vn 0.990944 -0.001536 0.134269
vn 0.979580 -0.001037 0.201052
vn 0.974833 -0.001031 0.222932
vn 0.974833 -0.001031 0.222932
vn 0.964932 -0.000993 0.262497
vn 0.959454 -0.001201 0.281864
vn 0.971358 -0.001802 0.237614
vn 0.974833 -0.001031 0.222932
vn 0.979580 -0.001037 0.201052
vn 0.972315 -0.000579 0.233674
vn 0.964932 -0.000993 0.262497
vn 0.972315 -0.000579 0.233674
vn 0.979580 -0.001037 0.201052
vn 0.987942 0.001183 0.154817
vn 0.984178 0.001879 0.177175
vn 0.984178 0.001879 0.177175
vn 0.987942 0.001183 0.154817
vn 0.996526 0.003678 0.083207
vn 0.995486 0.004570 0.094804
vn 0.997322 -0.000013 0.073136
vn 0.988463 -0.001121 0.151457
vn 0.988178 0.000408 0.153312
vn 0.997263 -0.000033 0.073943
vn 0.997263 -0.000033 0.073943
vn 0.988178 0.000408 0.153312
vn 0.988355 0.000991 0.152162
vn 0.997164 -0.000266 0.075266
vn 0.997164 -0.000266 0.075266
vn 0.988355 0.000991 0.152162
vn 0.988050 -0.000415 0.154132
vn 0.997014 -0.000336 0.077225
vn 0.988050 -0.000415 0.154132
vn 0.987125 -0.000501 0.159952
vn 0.996801 -0.000451 0.079919
vn 0.997014 -0.000336 0.077225
vn 0.988050 -0.000415 0.154132
vn 0.972674 -0.000157 0.232177
vn 0.970607 -0.000495 0.240671
vn 0.987125 -0.000501 0.159952
vn 0.988050 -0.000415 0.154132
vn 0.988355 0.000991 0.152162
vn 0.972519 0.001233 0.232821
vn 0.972674 -0.000157 0.232177
vn 0.972674 -0.000157 0.232177
vn 0.950080 -0.000086 0.312007
vn 0.946635 -0.000496 0.322307
vn 0.970607 -0.000495 0.240671
vn 0.972674 -0.000157 0.232177
vn 0.972519 0.001233 0.232821
vn 0.949902 -0.000455 0.312549
vn 0.950080 -0.000086 0.312007
vn 0.950080 -0.000086 0.312007
vn 0.920287 -0.000464 0.391243
vn 0.914888 -0.000629 0.403707
vn 0.946635 -0.000496 0.322307
vn 0.950080 -0.000086 0.312007
vn 0.949902 -0.000455 0.312549
vn 0.921639 -0.001045 0.388048
vn 0.920287 -0.000464 0.391243
vn 0.921639 -0.001045 0.388048
vn 0.888407 -0.001109 0.459056
vn 0.884211 -0.000818 0.467087
vn 0.920287 -0.000464 0.391243
vn 0.921639 -0.001045 0.388048
vn 0.916182 -0.001308 0.400761
vn 0.886869 -0.001403 0.462018
vn 0.888407 -0.001109 0.459056
vn 0.921639 -0.001045 0.388048
vn 0.949902 -0.000455 0.312549
vn 0.942183 -0.000149 0.335098
vn 0.916182 -0.001308 0.400761
vn 0.888407 -0.001109 0.459056
vn 0.851565 -0.001157 0.524247
vn 0.843047 -0.001011 0.537839
vn 0.884211 -0.000818 0.467087
vn 0.888407 -0.001109 0.459056
vn 0.886869 -0.001403 0.462018
vn 0.854789 -0.001322 0.518975
vn 0.851565 -0.001157 0.524247
vn 0.851565 -0.001157 0.524247
vn 0.812416 -0.000990 0.583078
vn 0.798439 -0.000913 0.602075
vn 0.843047 -0.001011 0.537839
vn 0.851565 -0.001157 0.524247
vn 0.854789 -0.001322 0.518975
vn 0.821153 -0.001187 0.570706
vn 0.812416 -0.000990 0.583078
vn 0.798439 -0.000913 0.602075
vn 0.779190 -0.000957 0.626787
vn 0.829856 -0.001010 0.557977
vn 0.843047 -0.001011 0.537839
vn 0.798439 -0.000913 0.602075
vn 0.752475 -0.000629 0.658621
vn 0.726528 -0.000673 0.687137
vn 0.779190 -0.000957 0.626787
vn 0.798439 -0.000913 0.602075
vn 0.812416 -0.000990 0.583078
vn 0.772218 -0.000658 0.635358
vn 0.752475 -0.000629 0.658621
vn 0.726528 -0.000673 0.687137
vn 0.691657 -0.001004 0.722225
vn 0.753855 -0.001297 0.657039
vn 0.779190 -0.000957 0.626787
vn 0.726528 -0.000673 0.687137
vn 0.675133 -0.000321 0.737696
vn 0.631990 -0.000368 0.774976
vn 0.691657 -0.001004 0.722225
vn 0.726528 -0.000673 0.687137
vn 0.752475 -0.000629 0.658621
vn 0.707376 -0.000349 0.706838
vn 0.675133 -0.000321 0.737696
vn 0.631990 -0.000368 0.774976
vn 0.572377 -0.001255 0.819990
vn 0.645462 -0.002065 0.763790
vn 0.691657 -0.001004 0.722225
vn 0.631990 -0.000368 0.774976
vn 0.579932 -0.000112 0.814665
vn 0.516917 -0.000576 0.856036
vn 0.572377 -0.001255 0.819990
vn 0.631990 -0.000368 0.774976
vn 0.675133 -0.000321 0.737696
vn 0.627598 -0.000078 0.778537
vn 0.579932 -0.000112 0.814665
vn 0.516917 -0.000576 0.856036
vn 0.433750 -0.002891 0.901029
vn 0.484032 -0.000336 0.875050
vn 0.572377 -0.001255 0.819990
vn 0.516917 -0.000576 0.856036
vn 0.473993 -0.000738 0.880528
vn 0.398055 -0.001573 0.917360
vn 0.433750 -0.002891 0.901029
vn 0.516917 -0.000576 0.856036
vn 0.579932 -0.000112 0.814665
vn 0.535451 -0.000217 0.844566
vn 0.473993 -0.000738 0.880528
vn 0.398055 -0.001573 0.917360
vn 0.473993 -0.000738 0.880528
vn 0.439287 -0.000664 0.898347
vn 0.370910 -0.001273 0.928668
vn 0.398055 -0.001573 0.917360
vn 0.308458 -0.002274 0.951235
vn 0.329866 -0.003722 0.944021
vn 0.433750 -0.002891 0.901029
vn 0.398055 -0.001573 0.917360
vn 0.370910 -0.001273 0.928668
vn 0.292319 -0.001777 0.956319
vn 0.308458 -0.002274 0.951235
vn 0.292319 -0.001777 0.956319
vn 0.370910 -0.001273 0.928668
vn 0.348599 -0.001005 0.937271
vn 0.279930 -0.001493 0.960019
vn 0.292319 -0.001777 0.956319
vn 0.205828 -0.002001 0.978586
vn 0.209472 -0.002400 0.977812
vn 0.308458 -0.002274 0.951235
vn 0.292319 -0.001777 0.956319
vn 0.279930 -0.001493 0.960019
vn 0.204924 -0.001771 0.978776
vn 0.205828 -0.002001 0.978586
vn 0.204924 -0.001771 0.978776
vn 0.279930 -0.001493 0.960019
vn 0.267780 -0.001309 0.963479
vn 0.204061 -0.001722 0.978957
vn 0.204924 -0.001771 0.978776
vn 0.126216 -0.001818 0.992001
vn 0.115106 -0.001975 0.993351
vn 0.205828 -0.002001 0.978586
vn 0.204924 -0.001771 0.978776
vn 0.204061 -0.001722 0.978957
vn 0.137734 -0.001798 0.990468
vn 0.126216 -0.001818 0.992001
vn 0.137734 -0.001798 0.990468
vn 0.204061 -0.001722 0.978957
vn 0.199586 -0.001690 0.979879
vn 0.147330 -0.001859 0.989086
vn 0.137734 -0.001798 0.990468
vn 0.072239 -0.001430 0.997386
vn 0.047737 -0.001582 0.998859
vn 0.126216 -0.001818 0.992001
vn 0.137734 -0.001798 0.990468
vn 0.147330 -0.001859 0.989086
vn 0.096329 -0.001219 0.995349
vn 0.072239 -0.001430 0.997386
vn 0.072239 -0.001430 0.997386
vn 0.011650 -0.000669 0.999932
vn -0.024858 -0.000913 0.999691
vn 0.047737 -0.001582 0.998859
vn 0.072239 -0.001430 0.997386
vn 0.096329 -0.001219 0.995349
vn 0.049220 -0.000156 0.998788
vn 0.011650 -0.000669 0.999932
vn 0.011650 -0.000669 0.999932
vn -0.040709 0.000046 0.999171
vn -0.088155 -0.000230 0.996107
vn -0.024858 -0.000913 0.999691
vn 0.011650 -0.000669 0.999932
vn 0.049220 -0.000156 0.998788
vn 0.009321 0.000957 0.999956
vn -0.040709 0.000046 0.999171
vn -0.040709 0.000046 0.999171
vn -0.083025 0.000662 0.996547
vn -0.141131 0.000291 0.989991
vn -0.088155 -0.000230 0.996107
vn -0.040709 0.000046 0.999171
vn 0.009321 0.000957 0.999956
vn -0.021226 0.001912 0.999773
vn -0.083025 0.000662 0.996547
vn -0.083025 0.000662 0.996547
vn -0.114522 0.002187 0.993418
vn -0.184080 0.000971 0.982911
vn -0.141131 0.000291 0.989991
vn -0.083025 0.000662 0.996547
vn -0.021226 0.001912 0.999773
vn -0.039682 0.002670 0.999209
vn -0.114522 0.002187 0.993418
vn -0.114522 0.002187 0.993418
vn -0.134585 0.004159 0.990893
vn -0.219538 0.001825 0.975602
vn -0.184080 0.000971 0.982911
vn -0.114522 0.002187 0.993418
vn -0.039682 0.002670 0.999209
vn -0.042124 0.004093 0.999104
vn -0.134585 0.004159 0.990893
vn -0.088155 -0.000230 0.996107
vn -0.134113 -0.000534 0.990966
vn -0.060477 -0.001179 0.998169
vn -0.024858 -0.000913 0.999691
vn -0.088155 -0.000230 0.996107
vn -0.141131 0.000291 0.989991
vn -0.196467 -0.000058 0.980510
vn -0.134113 -0.000534 0.990966
vn -0.024858 -0.000913 0.999691
vn -0.060477 -0.001179 0.998169
vn 0.024271 -0.001735 0.999704
vn 0.047737 -0.001582 0.998859
vn 0.047737 -0.001582 0.998859
vn 0.024271 -0.001735 0.999704
vn 0.115106 -0.001975 0.993351
vn 0.126216 -0.001818 0.992001
vn 0.115106 -0.001975 0.993351
vn 0.106297 -0.002290 0.994332
vn 0.209472 -0.002400 0.977812
vn 0.205828 -0.002001 0.978586
vn 0.115106 -0.001975 0.993351
vn 0.024271 -0.001735 0.999704
vn 0.002693 -0.002194 0.999994
vn 0.106297 -0.002290 0.994332
vn 0.209472 -0.002400 0.977812
vn 0.216002 -0.002459 0.976390
vn 0.329866 -0.003722 0.944021
vn 0.308458 -0.002274 0.951235
vn 0.209472 -0.002400 0.977812
vn 0.106297 -0.002290 0.994332
vn 0.101139 -0.002274 0.994870
vn 0.216002 -0.002459 0.976390
vn 0.216002 -0.002459 0.976390
vn 0.222124 -0.001303 0.975018
vn 0.344832 -0.000433 0.938664
vn 0.329866 -0.003722 0.944021
vn 0.216002 -0.002459 0.976390
vn 0.101139 -0.002274 0.994870
vn 0.099289 -0.001416 0.995058
vn 0.222124 -0.001303 0.975018
vn 0.222124 -0.001303 0.975018
vn 0.224828 0.000231 0.974398
vn 0.345582 0.002595 0.938385
vn 0.344832 -0.000433 0.938664
vn 0.222124 -0.001303 0.975018
vn 0.099289 -0.001416 0.995058
vn 0.099451 -0.000148 0.995043
vn 0.224828 0.000231 0.974398
vn 0.224828 0.000231 0.974398
vn 0.224159 0.000900 0.974552
vn 0.340837 0.000827 0.940122
vn 0.345582 0.002595 0.938385
vn 0.224828 0.000231 0.974398
vn 0.099451 -0.000148 0.995043
vn 0.100405 0.000732 0.994946
vn 0.224159 0.000900 0.974552
vn 0.224159 0.000900 0.974552
vn 0.221838 0.000890 0.975083
vn 0.335741 0.000398 0.941954
vn 0.340837 0.000827 0.940122
vn 0.224159 0.000900 0.974552
vn 0.100405 0.000732 0.994946
vn 0.101475 0.000950 0.994838
vn 0.221838 0.000890 0.975083
vn 0.101475 0.000950 0.994838
vn 0.101989 0.000909 0.994785
vn 0.220494 0.000779 0.975388
vn 0.221838 0.000890 0.975083
vn 0.101475 0.000950 0.994838
vn -0.020271 0.000947 0.999794
vn -0.017775 0.000816 0.999842
vn 0.101989 0.000909 0.994785
vn 0.101475 0.000950 0.994838
vn 0.100405 0.000732 0.994946
vn -0.024964 0.000975 0.999688
vn -0.020271 0.000947 0.999794
vn -0.017775 0.000816 0.999842
vn -0.020271 0.000947 0.999794
vn -0.138055 0.000588 0.990425
vn -0.133956 0.000420 0.990987
vn -0.133956 0.000420 0.990987
vn -0.138055 0.000588 0.990425
vn -0.247998 -0.000072 0.968761
vn -0.243482 -0.000083 0.969905
vn -0.243482 -0.000083 0.969905
vn -0.247998 -0.000072 0.968761
vn -0.351014 -0.000131 0.936370
vn -0.346893 -0.000158 0.937905
vn 0.333179 0.000335 0.942864
vn 0.335741 0.000398 0.941954
vn 0.221838 0.000890 0.975083
vn 0.220494 0.000779 0.975388
vn 0.333179 0.000335 0.942864
vn 0.438048 0.000017 0.898952
vn 0.440999 0.000112 0.897508
vn 0.335741 0.000398 0.941954
vn 0.440999 0.000112 0.897508
vn 0.438048 0.000017 0.898952
vn 0.536631 0.000319 0.843817
vn 0.540098 0.000632 0.841602
vn 0.440999 0.000112 0.897508
vn 0.448601 0.001430 0.893731
vn 0.340837 0.000827 0.940122
vn 0.335741 0.000398 0.941954
vn 0.440999 0.000112 0.897508
vn 0.540098 0.000632 0.841602
vn 0.550218 0.001372 0.835020
vn 0.448601 0.001430 0.893731
vn 0.550218 0.001372 0.835020
vn 0.540098 0.000632 0.841602
vn 0.634295 0.000759 0.773091
vn 0.645782 0.000317 0.763522
vn 0.550218 0.001372 0.835020
vn 0.569011 0.001339 0.822329
vn 0.461265 0.003754 0.887255
vn 0.448601 0.001430 0.893731
vn 0.550218 0.001372 0.835020
vn 0.645782 0.000317 0.763522
vn 0.664547 -0.000512 0.747247
vn 0.569011 0.001339 0.822329
vn 0.664547 -0.000512 0.747247
vn 0.645782 0.000317 0.763522
vn 0.731809 -0.000068 0.681510
vn 0.747644 -0.000789 0.664099
vn 0.664547 -0.000512 0.747247
vn 0.691223 -0.001356 0.722640
vn 0.600208 -0.000979 0.799843
vn 0.569011 0.001339 0.822329
vn 0.664547 -0.000512 0.747247
vn 0.747644 -0.000789 0.664099
vn 0.768102 -0.001375 0.640327
vn 0.691223 -0.001356 0.722640
vn 0.768102 -0.001375 0.640327
vn 0.747644 -0.000789 0.664099
vn 0.818150 -0.000830 0.575005
vn 0.833070 -0.001139 0.553166
vn 0.768102 -0.001375 0.640327
vn 0.790801 -0.001424 0.612072
vn 0.722954 -0.001780 0.690894
vn 0.691223 -0.001356 0.722640
vn 0.768102 -0.001375 0.640327
vn 0.833070 -0.001139 0.553166
vn 0.848922 -0.001171 0.528516
vn 0.790801 -0.001424 0.612072
vn 0.848922 -0.001171 0.528516
vn 0.833070 -0.001139 0.553166
vn 0.886471 -0.000985 0.462783
vn 0.897160 -0.000979 0.441704
vn 0.848922 -0.001171 0.528516
vn 0.863622 -0.001003 0.504139
vn 0.812172 -0.001184 0.583417
vn 0.790801 -0.001424 0.612072
vn 0.848922 -0.001171 0.528516
vn 0.897160 -0.000979 0.441704
vn 0.906929 -0.000837 0.421282
vn 0.863622 -0.001003 0.504139
vn 0.906929 -0.000837 0.421282
vn 0.897160 -0.000979 0.441704
vn 0.935548 -0.000865 0.353198
vn 0.941650 -0.000710 0.336592
vn 0.906929 -0.000837 0.421282
vn 0.914888 -0.000629 0.403707
vn 0.875674 -0.000846 0.482901
vn 0.863622 -0.001003 0.504139
vn 0.906929 -0.000837 0.421282
vn 0.941650 -0.000710 0.336592
vn 0.946635 -0.000496 0.322307
vn 0.914888 -0.000629 0.403707
vn 0.875674 -0.000846 0.482901
vn 0.829856 -0.001010 0.557977
vn 0.812172 -0.001184 0.583417
vn 0.863622 -0.001003 0.504139
vn 0.875674 -0.000846 0.482901
vn 0.884211 -0.000818 0.467087
vn 0.843047 -0.001011 0.537839
vn 0.829856 -0.001010 0.557977
vn 0.875674 -0.000846 0.482901
vn 0.914888 -0.000629 0.403707
vn 0.920287 -0.000464 0.391243
vn 0.884211 -0.000818 0.467087
vn 0.935548 -0.000865 0.353198
vn 0.928808 -0.000909 0.370559
vn 0.960677 -0.000880 0.277666
vn 0.964435 -0.000806 0.264319
vn 0.935548 -0.000865 0.353198
vn 0.897160 -0.000979 0.441704
vn 0.886471 -0.000985 0.462783
vn 0.928808 -0.000909 0.370559
vn 0.935548 -0.000865 0.353198
vn 0.964435 -0.000806 0.264319
vn 0.967823 -0.000662 0.251630
vn 0.941650 -0.000710 0.336592
vn 0.967823 -0.000662 0.251630
vn 0.964435 -0.000806 0.264319
vn 0.984421 -0.000773 0.175823
vn 0.985909 -0.000642 0.167284
vn 0.967823 -0.000662 0.251630
vn 0.970607 -0.000495 0.240671
vn 0.946635 -0.000496 0.322307
vn 0.941650 -0.000710 0.336592
vn 0.967823 -0.000662 0.251630
vn 0.985909 -0.000642 0.167284
vn 0.987125 -0.000501 0.159952
vn 0.970607 -0.000495 0.240671
vn 0.984421 -0.000773 0.175823
vn 0.982769 -0.000847 0.184836
vn 0.995730 -0.000820 0.092306
vn 0.996139 -0.000742 0.087784
vn 0.984421 -0.000773 0.175823
vn 0.964435 -0.000806 0.264319
vn 0.960677 -0.000880 0.277666
vn 0.982769 -0.000847 0.184836
vn 0.984421 -0.000773 0.175823
vn 0.996139 -0.000742 0.087784
vn 0.996506 -0.000607 0.083520
vn 0.985909 -0.000642 0.167284
vn 0.982769 -0.000847 0.184836
vn 0.981096 -0.000857 0.193522
vn 0.995313 -0.000856 0.096707
vn 0.995730 -0.000820 0.092306
vn 0.982769 -0.000847 0.184836
vn 0.960677 -0.000880 0.277666
vn 0.956912 -0.000852 0.290377
vn 0.981096 -0.000857 0.193522
vn 0.956912 -0.000852 0.290377
vn 0.953459 -0.000751 0.301523
vn 0.979533 -0.000798 0.201283
vn 0.981096 -0.000857 0.193522
vn 0.956912 -0.000852 0.290377
vn 0.922140 -0.000841 0.386856
vn 0.916158 -0.000687 0.400817
vn 0.953459 -0.000751 0.301523
vn 0.956912 -0.000852 0.290377
vn 0.960677 -0.000880 0.277666
vn 0.928808 -0.000909 0.370559
vn 0.922140 -0.000841 0.386856
vn 0.922140 -0.000841 0.386856
vn 0.876103 -0.000837 0.482124
vn 0.867072 -0.000585 0.498183
vn 0.916158 -0.000687 0.400817
vn 0.922140 -0.000841 0.386856
vn 0.928808 -0.000909 0.370559
vn 0.886471 -0.000985 0.462783
vn 0.876103 -0.000837 0.482124
vn 0.876103 -0.000837 0.482124
vn 0.818150 -0.000830 0.575005
vn 0.805720 -0.000416 0.592297
vn 0.867072 -0.000585 0.498183
vn 0.876103 -0.000837 0.482124
vn 0.886471 -0.000985 0.462783
vn 0.833070 -0.001139 0.553166
vn 0.818150 -0.000830 0.575005
vn 0.805720 -0.000416 0.592297
vn 0.796152 -0.000082 0.605097
vn 0.859736 -0.000336 0.510739
vn 0.867072 -0.000585 0.498183
vn 0.805720 -0.000416 0.592297
vn 0.731809 -0.000068 0.681510
vn 0.720621 0.000295 0.693330
vn 0.796152 -0.000082 0.605097
vn 0.805720 -0.000416 0.592297
vn 0.818150 -0.000830 0.575005
vn 0.747644 -0.000789 0.664099
vn 0.731809 -0.000068 0.681510
vn 0.720621 0.000295 0.693330
vn 0.716053 0.000354 0.698046
vn 0.792046 0.000030 0.610462
vn 0.796152 -0.000082 0.605097
vn 0.720621 0.000295 0.693330
vn 0.634295 0.000759 0.773091
vn 0.629999 0.000571 0.776595
vn 0.716053 0.000354 0.698046
vn 0.720621 0.000295 0.693330
vn 0.731809 -0.000068 0.681510
vn 0.645782 0.000317 0.763522
vn 0.634295 0.000759 0.773091
vn 0.629999 0.000571 0.776595
vn 0.634295 0.000759 0.773091
vn 0.540098 0.000632 0.841602
vn 0.536631 0.000319 0.843817
vn 0.856484 -0.000235 0.516174
vn 0.859736 -0.000336 0.510739
vn 0.796152 -0.000082 0.605097
vn 0.792046 0.000030 0.610462
vn 0.856484 -0.000235 0.516174
vn 0.908841 -0.000432 0.417142
vn 0.911122 -0.000509 0.412137
vn 0.859736 -0.000336 0.510739
vn 0.911122 -0.000509 0.412137
vn 0.908841 -0.000432 0.417142
vn 0.949107 -0.000581 0.314954
vn 0.950477 -0.000629 0.310796
vn 0.911122 -0.000509 0.412137
vn 0.916158 -0.000687 0.400817
vn 0.867072 -0.000585 0.498183
vn 0.859736 -0.000336 0.510739
vn 0.911122 -0.000509 0.412137
vn 0.950477 -0.000629 0.310796
vn 0.953459 -0.000751 0.301523
vn 0.916158 -0.000687 0.400817
vn 0.949107 -0.000581 0.314954
vn 0.977523 -0.000679 0.210826
vn 0.978160 -0.000710 0.207853
vn 0.950477 -0.000629 0.310796
vn 0.978160 -0.000710 0.207853
vn 0.977523 -0.000679 0.210826
vn 0.994404 -0.000728 0.105639
vn 0.994567 -0.000757 0.104093
vn 0.978160 -0.000710 0.207853
vn 0.979533 -0.000798 0.201283
vn 0.953459 -0.000751 0.301523
vn 0.950477 -0.000629 0.310796
vn 0.978160 -0.000710 0.207853
vn 0.994567 -0.000757 0.104093
vn 0.994918 -0.000827 0.100690
vn 0.979533 -0.000798 0.201283
vn 0.979533 -0.000798 0.201283
vn 0.994918 -0.000827 0.100690
vn 0.995313 -0.000856 0.096707
vn 0.981096 -0.000857 0.193522
vn 0.985909 -0.000642 0.167284
vn 0.996506 -0.000607 0.083520
vn 0.996801 -0.000451 0.079919
vn 0.987125 -0.000501 0.159952
vn 0.812172 -0.001184 0.583417
vn 0.753855 -0.001297 0.657039
vn 0.722954 -0.001780 0.690894
vn 0.790801 -0.001424 0.612072
vn 0.812172 -0.001184 0.583417
vn 0.829856 -0.001010 0.557977
vn 0.779190 -0.000957 0.626787
vn 0.753855 -0.001297 0.657039
vn 0.722954 -0.001780 0.690894
vn 0.645462 -0.002065 0.763790
vn 0.600208 -0.000979 0.799843
vn 0.691223 -0.001356 0.722640
vn 0.722954 -0.001780 0.690894
vn 0.753855 -0.001297 0.657039
vn 0.691657 -0.001004 0.722225
vn 0.645462 -0.002065 0.763790
vn 0.448601 0.001430 0.893731
vn 0.461265 0.003754 0.887255
vn 0.345582 0.002595 0.938385
vn 0.340837 0.000827 0.940122
vn 0.572377 -0.001255 0.819990
vn 0.484032 -0.000336 0.875050
vn 0.600208 -0.000979 0.799843
vn 0.645462 -0.002065 0.763790
vn -0.219538 0.001825 0.975602
vn -0.134585 0.004159 0.990893
vn -0.147427 0.007055 0.989048
vn -0.253535 0.002698 0.967323
vn -0.335706 0.000423 0.941967
vn -0.253535 0.002698 0.967323
vn -0.294577 0.004517 0.955617
vn -0.385138 0.000567 0.922859
vn -0.462397 -0.000161 0.886673
vn -0.504718 -0.000141 0.863284
vn -0.556558 -0.000451 0.830809
vn -0.520922 -0.000253 0.853604
vn -0.481680 -0.000184 0.876347
vn -0.520922 -0.000253 0.853604
vn -0.580093 -0.000312 0.814550
vn -0.545377 -0.000289 0.838191
vn -0.308533 -0.000185 0.951214
vn -0.373787 -0.000802 0.927514
vn -0.288382 -0.000374 0.957515
vn -0.229487 -0.002022 0.973310
vn -0.503550 -0.000498 0.863966
vn -0.545377 -0.000289 0.838191
vn -0.609297 -0.000389 0.792942
vn -0.574612 -0.000673 0.818426
vn -0.574612 -0.000673 0.818426
vn -0.643442 -0.000872 0.765494
vn -0.615184 -0.001270 0.788383
vn -0.536856 -0.001130 0.843673
vn -0.574612 -0.000673 0.818426
vn -0.609297 -0.000389 0.792942
vn -0.671179 -0.000525 0.741296
vn -0.643442 -0.000872 0.765494
vn -0.643442 -0.000872 0.765494
vn -0.708283 -0.001031 0.705928
vn -0.688357 -0.001253 0.725371
vn -0.615184 -0.001270 0.788383
vn -0.643442 -0.000872 0.765494
vn -0.671179 -0.000525 0.741296
vn -0.729368 -0.000570 0.684122
vn -0.708283 -0.001031 0.705928
vn -0.708283 -0.001031 0.705928
vn -0.768200 -0.001070 0.640209
vn -0.755192 -0.001256 0.655503
vn -0.688357 -0.001253 0.725371
vn -0.708283 -0.001031 0.705928
vn -0.729368 -0.000570 0.684122
vn -0.783688 -0.000390 0.621154
vn -0.768200 -0.001070 0.640209
vn -0.768200 -0.001070 0.640209
vn -0.824329 -0.000822 0.566110
vn -0.816302 -0.000773 0.577625
vn -0.755192 -0.001256 0.655503
vn -0.768200 -0.001070 0.640209
vn -0.783688 -0.000390 0.621154
vn -0.835079 -0.000700 0.550130
vn -0.824329 -0.000822 0.566110
vn -0.835079 -0.000700 0.550130
vn -0.883514 -0.001088 0.468403
vn -0.876559 -0.000397 0.481295
vn -0.824329 -0.000822 0.566110
vn -0.835079 -0.000700 0.550130
vn -0.849301 -0.000380 0.527908
vn -0.893004 -0.001398 0.450047
vn -0.883514 -0.001088 0.468403
vn -0.835079 -0.000700 0.550130
vn -0.783688 -0.000390 0.621154
vn -0.801317 0.000160 0.598240
vn -0.849301 -0.000380 0.527908
vn -0.893004 -0.001398 0.450047
vn -0.930812 -0.001426 0.365496
vn -0.925673 -0.000899 0.378323
vn -0.883514 -0.001088 0.468403
vn -0.893004 -0.001398 0.450047
vn -0.902240 -0.000932 0.431233
vn -0.935695 -0.000907 0.352809
vn -0.930812 -0.001426 0.365496
vn -0.893004 -0.001398 0.450047
vn -0.849301 -0.000380 0.527908
vn -0.862746 -0.000652 0.505637
vn -0.902240 -0.000932 0.431233
vn -0.930812 -0.001426 0.365496
vn -0.960840 -0.000824 0.277103
vn -0.958385 -0.000717 0.285477
vn -0.925673 -0.000899 0.378323
vn -0.930812 -0.001426 0.365496
vn -0.935695 -0.000907 0.352809
vn -0.963016 -0.000602 0.269444
vn -0.960840 -0.000824 0.277103
vn -0.963016 -0.000602 0.269444
vn -0.983308 -0.000422 0.181950
vn -0.982470 -0.000555 0.186420
vn -0.960840 -0.000824 0.277103
vn -0.963016 -0.000602 0.269444
vn -0.964503 -0.000206 0.264073
vn -0.983915 -0.000229 0.178639
vn -0.983308 -0.000422 0.181950
vn -0.963016 -0.000602 0.269444
vn -0.935695 -0.000907 0.352809
vn -0.938617 0.000037 0.344962
vn -0.964503 -0.000206 0.264073
vn -0.983915 -0.000229 0.178639
vn -0.995933 -0.000228 0.090099
vn -0.995788 -0.000343 0.091685
vn -0.983308 -0.000422 0.181950
vn -0.983915 -0.000229 0.178639
vn -0.984280 -0.000097 0.176615
vn -0.996026 -0.000129 0.089062
vn -0.995933 -0.000228 0.090099
vn -0.983915 -0.000229 0.178639
vn -0.964503 -0.000206 0.264073
vn -0.965260 0.000009 0.261292
vn -0.984280 -0.000097 0.176615
vn -0.984280 -0.000097 0.176615
vn -0.984470 -0.000050 0.175555
vn -0.996078 -0.000065 0.088483
vn -0.996026 -0.000129 0.089062
vn -0.984280 -0.000097 0.176615
vn -0.965260 0.000009 0.261292
vn -0.965597 -0.000012 0.260044
vn -0.984470 -0.000050 0.175555
vn -0.983308 -0.000422 0.181950
vn -0.995788 -0.000343 0.091685
vn -0.995594 -0.000442 0.093769
vn -0.982470 -0.000555 0.186420
vn -0.982470 -0.000555 0.186420
vn -0.981494 -0.000580 0.191494
vn -0.958385 -0.000717 0.285477
vn -0.960840 -0.000824 0.277103
vn -0.982470 -0.000555 0.186420
vn -0.995594 -0.000442 0.093769
vn -0.995365 -0.000497 0.096173
vn -0.981494 -0.000580 0.191494
vn -0.981494 -0.000580 0.191494
vn -0.980474 -0.000549 0.196650
vn -0.955993 -0.000549 0.293389
vn -0.958385 -0.000717 0.285477
vn -0.981494 -0.000580 0.191494
vn -0.995365 -0.000497 0.096173
vn -0.995118 -0.000514 0.098690
vn -0.980474 -0.000549 0.196650
vn -0.980474 -0.000549 0.196650
vn -0.979472 -0.000511 0.201580
vn -0.953752 -0.000469 0.300596
vn -0.955993 -0.000549 0.293389
vn -0.980474 -0.000549 0.196650
vn -0.995118 -0.000514 0.098690
vn -0.994870 -0.000510 0.101158
vn -0.979472 -0.000511 0.201580
vn -0.979472 -0.000511 0.201580
vn -0.978523 -0.000478 0.206139
vn -0.951659 -0.000440 0.307158
vn -0.953752 -0.000469 0.300596
vn -0.979472 -0.000511 0.201580
vn -0.994870 -0.000510 0.101158
vn -0.994632 -0.000486 0.103477
vn -0.978523 -0.000478 0.206139
vn -0.978523 -0.000478 0.206139
vn -0.977642 -0.000442 0.210274
vn -0.949725 -0.000413 0.313086
vn -0.951659 -0.000440 0.307158
vn -0.978523 -0.000478 0.206139
vn -0.994632 -0.000486 0.103477
vn -0.994409 -0.000457 0.105594
vn -0.977642 -0.000442 0.210274
vn -0.977642 -0.000442 0.210274
vn -0.976845 -0.000410 0.213947
vn -0.947980 -0.000380 0.318329
vn -0.949725 -0.000413 0.313086
vn -0.977642 -0.000442 0.210274
vn -0.994409 -0.000457 0.105594
vn -0.994207 -0.000428 0.107482
vn -0.976845 -0.000410 0.213947
vn -0.976845 -0.000410 0.213947
vn -0.976144 -0.000368 0.217125
vn -0.946451 -0.000336 0.322846
vn -0.947980 -0.000380 0.318329
vn -0.976845 -0.000410 0.213947
vn -0.994207 -0.000428 0.107482
vn -0.994028 -0.000390 0.109123
vn -0.976144 -0.000368 0.217125
vn -0.976144 -0.000368 0.217125
vn -0.975818 -0.000340 0.218586
vn -0.945741 -0.000305 0.324921
vn -0.946451 -0.000336 0.322846
vn -0.976144 -0.000368 0.217125
vn -0.994028 -0.000390 0.109123
vn -0.993945 -0.000370 0.109880
vn -0.975818 -0.000340 0.218586
vn -0.945741 -0.000305 0.324921
vn -0.903978 -0.000275 0.427579
vn -0.905184 -0.000306 0.425021
vn -0.946451 -0.000336 0.322846
vn -0.905184 -0.000306 0.425021
vn -0.903978 -0.000275 0.427579
vn -0.850958 -0.000239 0.525234
vn -0.852743 -0.000281 0.522331
vn -0.905184 -0.000306 0.425021
vn -0.907791 -0.000354 0.419423
vn -0.947980 -0.000380 0.318329
vn -0.946451 -0.000336 0.322846
vn -0.905184 -0.000306 0.425021
vn -0.852743 -0.000281 0.522331
vn -0.856641 -0.000360 0.515913
vn -0.907791 -0.000354 0.419423
vn -0.856641 -0.000360 0.515913
vn -0.852743 -0.000281 0.522331
vn -0.789733 -0.000251 0.613451
vn -0.795131 -0.000391 0.606438
vn -0.856641 -0.000360 0.515913
vn -0.861163 -0.000420 0.508328
vn -0.910779 -0.000383 0.412894
vn -0.907791 -0.000354 0.419423
vn -0.856641 -0.000360 0.515913
vn -0.795131 -0.000391 0.606438
vn -0.801581 -0.000552 0.597886
vn -0.861163 -0.000420 0.508328
vn -0.801581 -0.000552 0.597886
vn -0.795131 -0.000391 0.606438
vn -0.723971 -0.000390 0.689830
vn -0.732844 -0.000673 0.680397
vn -0.801581 -0.000552 0.597886
vn -0.808828 -0.000693 0.588045
vn -0.866129 -0.000408 0.499820
vn -0.861163 -0.000420 0.508328
vn -0.801581 -0.000552 0.597886
vn -0.732844 -0.000673 0.680397
vn -0.743429 -0.000981 0.668815
vn -0.808828 -0.000693 0.588045
vn -0.743429 -0.000981 0.668815
vn -0.732844 -0.000673 0.680397
vn -0.655442 -0.000677 0.755246
vn -0.670425 -0.001093 0.741976
vn -0.743429 -0.000981 0.668815
vn -0.755192 -0.001256 0.655503
vn -0.816302 -0.000773 0.577625
vn -0.808828 -0.000693 0.588045
vn -0.743429 -0.000981 0.668815
vn -0.670425 -0.001093 0.741976
vn -0.688357 -0.001253 0.725371
vn -0.755192 -0.001256 0.655503
vn -0.808828 -0.000693 0.588045
vn -0.816302 -0.000773 0.577625
vn -0.871220 -0.000227 0.490892
vn -0.866129 -0.000408 0.499820
vn -0.871220 -0.000227 0.490892
vn -0.917588 -0.000295 0.397533
vn -0.914077 -0.000370 0.405540
vn -0.866129 -0.000408 0.499820
vn -0.871220 -0.000227 0.490892
vn -0.876559 -0.000397 0.481295
vn -0.921337 -0.000350 0.388765
vn -0.917588 -0.000295 0.397533
vn -0.871220 -0.000227 0.490892
vn -0.816302 -0.000773 0.577625
vn -0.824329 -0.000822 0.566110
vn -0.876559 -0.000397 0.481295
vn -0.921337 -0.000350 0.388765
vn -0.955993 -0.000549 0.293389
vn -0.953752 -0.000469 0.300596
vn -0.917588 -0.000295 0.397533
vn -0.921337 -0.000350 0.388765
vn -0.925673 -0.000899 0.378323
vn -0.958385 -0.000717 0.285477
vn -0.955993 -0.000549 0.293389
vn -0.921337 -0.000350 0.388765
vn -0.876559 -0.000397 0.481295
vn -0.883514 -0.001088 0.468403
vn -0.925673 -0.000899 0.378323
vn -0.917588 -0.000295 0.397533
vn -0.953752 -0.000469 0.300596
vn -0.951659 -0.000440 0.307158
vn -0.914077 -0.000370 0.405540
vn -0.914077 -0.000370 0.405540
vn -0.910779 -0.000383 0.412894
vn -0.861163 -0.000420 0.508328
vn -0.866129 -0.000408 0.499820
vn -0.914077 -0.000370 0.405540
vn -0.951659 -0.000440 0.307158
vn -0.949725 -0.000413 0.313086
vn -0.910779 -0.000383 0.412894
vn -0.910779 -0.000383 0.412894
vn -0.949725 -0.000413 0.313086
vn -0.947980 -0.000380 0.318329
vn -0.907791 -0.000354 0.419423
vn -0.688357 -0.001253 0.725371
vn -0.670425 -0.001093 0.741976
vn -0.589601 -0.001168 0.807694
vn -0.615184 -0.001270 0.788383
vn 0.284944 -0.000186 0.958544
vn 0.300639 -0.000431 0.953738
vn 0.352686 0.000003 0.935742
vn 0.335309 0.000153 0.942108
vn 0.335309 0.000153 0.942108
vn 0.352686 0.000003 0.935742
vn 0.409892 0.000424 0.912134
vn 0.393982 0.000543 0.919118
vn 0.409892 0.000424 0.912134
vn 0.472928 0.000987 0.881101
vn 0.460171 0.001198 0.887830
vn 0.393982 0.000543 0.919118
vn 0.409892 0.000424 0.912134
vn 0.438726 0.000250 0.898621
vn 0.496226 0.000771 0.868193
vn 0.472928 0.000987 0.881101
vn 0.409892 0.000424 0.912134
vn 0.352686 0.000003 0.935742
vn 0.383296 -0.000231 0.923626
vn 0.438726 0.000250 0.898621
vn 0.496226 0.000771 0.868193
vn 0.556556 0.001464 0.830809
vn 0.540900 0.001679 0.841085
vn 0.472928 0.000987 0.881101
vn 0.496226 0.000771 0.868193
vn 0.519159 0.000562 0.854677
vn 0.571153 0.001826 0.820842
vn 0.556556 0.001464 0.830809
vn 0.496226 0.000771 0.868193
vn 0.438726 0.000250 0.898621
vn 0.465878 0.000052 0.884849
vn 0.519159 0.000562 0.854677
vn 0.556556 0.001464 0.830809
vn 0.617748 0.002189 0.786373
vn 0.611016 0.002330 0.791615
vn 0.540900 0.001679 0.841085
vn 0.556556 0.001464 0.830809
vn 0.571153 0.001826 0.820842
vn 0.622137 0.003039 0.782903
vn 0.617748 0.002189 0.786373
vn 0.617748 0.002189 0.786373
vn 0.676977 0.002293 0.736001
vn 0.678813 0.002135 0.734309
vn 0.611016 0.002330 0.791615
vn 0.617748 0.002189 0.786373
vn 0.622137 0.003039 0.782903
vn 0.670935 0.002740 0.741511
vn 0.676977 0.002293 0.736001
vn 0.611016 0.002330 0.791615
vn 0.678813 0.002135 0.734309
vn 0.679416 0.002832 0.733748
vn 0.607171 0.002787 0.794567
vn 0.611016 0.002330 0.791615
vn 0.607171 0.002787 0.794567
vn 0.532279 0.002014 0.846567
vn 0.540900 0.001679 0.841085
vn 0.532279 0.002014 0.846567
vn 0.460171 0.001198 0.887830
vn 0.472928 0.000987 0.881101
vn 0.540900 0.001679 0.841085
vn 0.519159 0.000562 0.854677
vn 0.548170 0.000209 0.836367
vn 0.592708 0.001081 0.805416
vn 0.571153 0.001826 0.820842
vn -0.939176 0.000539 0.343436
vn -0.905843 -0.001478 0.423611
vn -0.905605 -0.002191 0.424116
vn -0.938335 0.000734 0.345726
vn -0.799148 -0.000922 0.601133
vn -0.832488 -0.001793 0.554040
vn -0.832111 -0.002042 0.554606
vn -0.793832 -0.001732 0.608135
vn -0.884031 -0.002820 0.467420
vn -0.887078 -0.003819 0.461604
vn -0.905843 -0.001478 0.423611
vn -0.904979 -0.001388 0.425454
vn 0.095064 0.760941 -0.641819
vn 0.095064 0.760941 -0.641819
vn 0.170671 0.452715 -0.875169
vn 0.170671 0.452715 -0.875169
vn 0.027694 0.946544 -0.321385
vn 0.027694 0.946544 -0.321385
vn 0.095064 0.760941 -0.641819
vn 0.095064 0.760941 -0.641819
vn 0.170671 0.452715 -0.875169
vn 0.170671 0.452715 -0.875169
vn 0.201622 0.350790 -0.914492
vn 0.201622 0.350790 -0.914492
vn 0.010442 0.999945 0.000000
vn 0.010442 0.999945 0.000000
vn 0.027694 0.946544 -0.321385
vn 0.027694 0.946544 -0.321385
vn 0.170671 0.452715 0.875169
vn 0.170671 0.452715 0.875169
vn 0.095064 0.760941 0.641819
vn 0.095064 0.760941 0.641819
vn 0.095064 0.760941 0.641819
vn 0.095064 0.760941 0.641819
vn 0.027694 0.946544 0.321385
vn 0.027694 0.946544 0.321385
vn 0.201622 0.350790 0.914492
vn 0.201622 0.350790 0.914492
vn 0.170671 0.452715 0.875169
vn 0.170671 0.452715 0.875169
vn 0.027694 0.946544 0.321385
vn 0.027694 0.946544 0.321385
vn 0.010442 0.999945 0.000000
vn 0.010442 0.999945 0.000000
vn 0.612235 0.295103 -0.733541
vn 0.612235 0.295103 -0.733541
vn 0.388851 0.809403 -0.440069
vn 0.388851 0.809403 -0.440069
vn 0.388851 0.809403 -0.440069
vn 0.388851 0.809403 -0.440069
vn -0.008521 0.999960 -0.002660
vn -0.008521 0.999960 -0.002660
vn 0.440626 0.897226 0.028890
vn 0.440626 0.897226 0.028890
vn 0.716954 0.695342 0.049763
vn 0.716954 0.695342 0.049763
vn 0.624769 0.116014 -0.772143
vn 0.624769 0.116014 -0.772143
vn 0.612235 0.295103 -0.733541
vn 0.612235 0.295103 -0.733541
vn -0.607777 0.765624 0.210778
vn -0.607777 0.765624 0.210778
vn -0.183406 0.980699 0.067757
vn -0.183406 0.980699 0.067757
vn -0.183406 0.980699 0.067757
vn -0.183406 0.980699 0.067757
vn 0.440626 0.897226 0.028890
vn 0.440626 0.897226 0.028890
vn -0.782492 0.514237 0.351094
vn -0.782492 0.514237 0.351094
vn -0.607777 0.765624 0.210778
vn -0.607777 0.765624 0.210778
vn -0.779529 0.467696 0.416647
vn -0.779529 0.467696 0.416647
vn -0.782492 0.514237 0.351094
vn -0.782492 0.514237 0.351094
vn -0.683925 0.595776 0.421067
vn -0.683925 0.595776 0.421067
vn -0.779529 0.467696 0.416647
vn -0.779529 0.467696 0.416647
vn -0.565813 0.724327 0.393962
vn -0.565813 0.724327 0.393962
vn -0.683925 0.595776 0.421067
vn -0.683925 0.595776 0.421067
vn -0.323419 0.913337 0.247419
vn -0.323419 0.913337 0.247419
vn -0.565813 0.724327 0.393962
vn -0.565813 0.724327 0.393962
vn -0.008521 0.999960 -0.002660
vn -0.008521 0.999960 -0.002660
vn -0.323419 0.913337 0.247419
vn -0.323419 0.913337 0.247419
vn 0.414947 0.389682 -0.822172
vn 0.414947 0.389682 -0.822172
vn 0.456584 0.152973 -0.876431
vn 0.456584 0.152973 -0.876431
vn 0.266159 0.777049 -0.570399
vn 0.266159 0.777049 -0.570399
vn 0.414947 0.389682 -0.822172
vn 0.414947 0.389682 -0.822172
vn 0.465943 0.149333 -0.872122
vn 0.465943 0.149333 -0.872122
vn 0.319171 0.748329 -0.581492
vn 0.319171 0.748329 -0.581492
vn 0.319171 0.748329 -0.581492
vn 0.319171 0.748329 -0.581492
vn 0.029368 0.998375 -0.048835
vn 0.029368 0.998375 -0.048835
vn -0.083283 0.990990 0.104890
vn -0.083283 0.990990 0.104890
vn -0.176785 0.957744 0.226877
vn -0.176785 0.957744 0.226877
vn -0.021064 0.997380 0.069201
vn -0.021064 0.997380 0.069201
vn 0.060914 0.988666 -0.137220
vn 0.060914 0.988666 -0.137220
vn 0.060914 0.988666 -0.137220
vn 0.060914 0.988666 -0.137220
vn 0.266159 0.777049 -0.570399
vn 0.266159 0.777049 -0.570399
vn 0.029368 0.998375 -0.048835
vn 0.029368 0.998375 -0.048835
vn -0.083283 0.990990 0.104890
vn -0.083283 0.990990 0.104890
vn 0.456584 0.152973 -0.876431
vn 0.456584 0.152973 -0.876431
vn 0.465943 0.149333 -0.872122
vn 0.465943 0.149333 -0.872122
vn 0.697442 -0.100321 0.709585
vn 0.697442 -0.100321 0.709585
vn 0.624312 0.425214 0.655307
vn 0.624312 0.425214 0.655307
vn 0.624312 0.425214 0.655307
vn 0.624312 0.425214 0.655307
vn 0.315974 0.877384 0.361051
vn 0.315974 0.877384 0.361051
vn 0.693259 -0.159593 0.702796
vn 0.693259 -0.159593 0.702796
vn 0.697442 -0.100321 0.709585
vn 0.697442 -0.100321 0.709585
vn -0.057979 0.873253 -0.483806
vn -0.057979 0.873253 -0.483806
vn -0.018078 0.999837 -0.000000
vn -0.018078 0.999837 -0.000000
vn -0.270781 0.491395 -0.827773
vn -0.270781 0.491395 -0.827773
vn -0.274564 0.240618 -0.930977
vn -0.274564 0.240618 -0.930977
vn -0.251217 0.704041 -0.664241
vn -0.251217 0.704041 -0.664241
vn -0.270781 0.491395 -0.827773
vn -0.270781 0.491395 -0.827773
vn -0.210190 0.854255 -0.475467
vn -0.210190 0.854255 -0.475467
vn -0.251217 0.704041 -0.664241
vn -0.251217 0.704041 -0.664241
vn -0.150839 0.943926 -0.293686
vn -0.150839 0.943926 -0.293686
vn -0.210190 0.854255 -0.475467
vn -0.210190 0.854255 -0.475467
vn -0.092291 0.982980 -0.158850
vn -0.092291 0.982980 -0.158850
vn -0.150839 0.943926 -0.293686
vn -0.150839 0.943926 -0.293686
vn 0.002006 0.999986 -0.004904
vn 0.002006 0.999986 -0.004904
vn -0.092291 0.982980 -0.158850
vn -0.092291 0.982980 -0.158850
vn 0.141828 0.973817 0.177668
vn 0.141828 0.973817 0.177668
vn 0.002006 0.999986 -0.004904
vn 0.002006 0.999986 -0.004904
vn 0.315974 0.877384 0.361051
vn 0.315974 0.877384 0.361051
vn 0.141828 0.973817 0.177668
vn 0.141828 0.973817 0.177668
vn -0.274564 0.240618 -0.930977
vn -0.274564 0.240618 -0.930977
vn -0.256854 0.157350 -0.953555
vn -0.256854 0.157350 -0.953555
vn -0.256854 0.157350 -0.953555
vn -0.256854 0.157350 -0.953555
vn -0.215479 0.326501 -0.920308
vn -0.215479 0.326501 -0.920308
vn -0.215479 0.326501 -0.920308
vn -0.215479 0.326501 -0.920308
vn -0.141320 0.603055 -0.785082
vn -0.141320 0.603055 -0.785082
vn -0.141320 0.603055 -0.785082
vn -0.141320 0.603055 -0.785082
vn -0.057979 0.873253 -0.483806
vn -0.057979 0.873253 -0.483806
vn 0.624328 0.425208 -0.655296
vn 0.624328 0.425208 -0.655296
vn 0.697446 -0.100325 -0.709580
vn 0.697446 -0.100325 -0.709580
vn 0.315988 0.877385 -0.361037
vn 0.315988 0.877385 -0.361037
vn 0.624328 0.425208 -0.655296
vn 0.624328 0.425208 -0.655296
vn 0.697446 -0.100325 -0.709580
vn 0.697446 -0.100325 -0.709580
vn 0.693259 -0.159593 -0.702796
vn 0.693259 -0.159593 -0.702796
vn -0.018078 0.999837 -0.000000
vn -0.018078 0.999837 -0.000000
vn -0.057979 0.873252 0.483807
vn -0.057979 0.873252 0.483807
vn -0.274569 0.240619 0.930975
vn -0.274569 0.240619 0.930975
vn -0.270789 0.491402 0.827766
vn -0.270789 0.491402 0.827766
vn -0.270789 0.491402 0.827766
vn -0.270789 0.491402 0.827766
vn -0.251228 0.704042 0.664236
vn -0.251228 0.704042 0.664236
vn -0.251228 0.704042 0.664236
vn -0.251228 0.704042 0.664236
vn -0.210198 0.854254 0.475465
vn -0.210198 0.854254 0.475465
vn -0.210198 0.854254 0.475465
vn -0.210198 0.854254 0.475465
vn -0.150840 0.943927 0.293681
vn -0.150840 0.943927 0.293681
vn -0.150840 0.943927 0.293681
vn -0.150840 0.943927 0.293681
vn -0.092290 0.982980 0.158850
vn -0.092290 0.982980 0.158850
vn -0.092290 0.982980 0.158850
vn -0.092290 0.982980 0.158850
vn 0.002007 0.999986 0.004903
vn 0.002007 0.999986 0.004903
vn 0.002007 0.999986 0.004903
vn 0.002007 0.999986 0.004903
vn 0.141831 0.973818 -0.177659
vn 0.141831 0.973818 -0.177659
vn 0.141831 0.973818 -0.177659
vn 0.141831 0.973818 -0.177659
vn 0.315988 0.877385 -0.361037
vn 0.315988 0.877385 -0.361037
vn -0.256864 0.157346 0.953553
vn -0.256864 0.157346 0.953553
vn -0.274569 0.240619 0.930975
vn -0.274569 0.240619 0.930975
vn -0.215496 0.326502 0.920303
vn -0.215496 0.326502 0.920303
vn -0.256864 0.157346 0.953553
vn -0.256864 0.157346 0.953553
vn -0.141330 0.603058 0.785077
vn -0.141330 0.603058 0.785077
vn -0.215496 0.326502 0.920303
vn -0.215496 0.326502 0.920303
vn -0.057979 0.873252 0.483807
vn -0.057979 0.873252 0.483807
vn -0.141330 0.603058 0.785077
vn -0.141330 0.603058 0.785077
vn 0.066373 0.995329 0.070109
vn 0.066373 0.995329 0.070109
vn 0.162241 0.973510 0.161107
vn 0.162241 0.973510 0.161107
vn 0.629503 -0.775519 0.047929
vn 0.629503 -0.775519 0.047929
vn 0.689021 -0.723556 0.041440
vn 0.689021 -0.723556 0.041440
vn -0.606757 0.780139 -0.152413
vn -0.606757 0.780139 -0.152413
vn -0.659733 0.725092 -0.197470
vn -0.659733 0.725092 -0.197470
vn -0.367242 0.926737 -0.079320
vn -0.367242 0.926737 -0.079320
vn -0.606757 0.780139 -0.152413
vn -0.606757 0.780139 -0.152413
vn 0.029542 0.999562 -0.001798
vn 0.029542 0.999562 -0.001798
vn -0.367242 0.926737 -0.079320
vn -0.367242 0.926737 -0.079320
vn 0.353256 0.934864 0.035219
vn 0.353256 0.934864 0.035219
vn 0.029542 0.999562 -0.001798
vn 0.029542 0.999562 -0.001798
vn 0.606938 0.793726 0.040308
vn 0.606938 0.793726 0.040308
vn 0.353256 0.934864 0.035219
vn 0.353256 0.934864 0.035219
vn 0.823797 0.566078 0.030234
vn 0.823797 0.566078 0.030234
vn 0.606938 0.793726 0.040308
vn 0.606938 0.793726 0.040308
vn 0.952818 0.303244 0.013483
vn 0.952818 0.303244 0.013483
vn 0.823797 0.566078 0.030234
vn 0.823797 0.566078 0.030234
vn 0.999712 0.023754 0.003535
vn 0.999712 0.023754 0.003535
vn 0.952818 0.303244 0.013483
vn 0.952818 0.303244 0.013483
vn 0.963552 -0.267397 0.008139
vn 0.963552 -0.267397 0.008139
vn 0.999712 0.023754 0.003535
vn 0.999712 0.023754 0.003535
vn 0.838463 -0.544394 0.024804
vn 0.838463 -0.544394 0.024804
vn 0.963552 -0.267397 0.008139
vn 0.963552 -0.267397 0.008139
vn 0.689021 -0.723556 0.041440
vn 0.689021 -0.723556 0.041440
vn 0.838463 -0.544394 0.024804
vn 0.838463 -0.544394 0.024804
vn -0.659733 0.725092 -0.197470
vn -0.659733 0.725092 -0.197470
vn -0.614432 0.757947 -0.219066
vn -0.614432 0.757947 -0.219066
vn -0.614432 0.757947 -0.219066
vn -0.614432 0.757947 -0.219066
vn -0.533643 0.814230 -0.228594
vn -0.533643 0.814230 -0.228594
vn -0.533643 0.814230 -0.228594
vn -0.533643 0.814230 -0.228594
vn -0.439705 0.869333 -0.225653
vn -0.439705 0.869333 -0.225653
vn -0.117766 0.989751 -0.080769
vn -0.117766 0.989751 -0.080769
vn 0.066373 0.995329 0.070109
vn 0.066373 0.995329 0.070109
vn -0.294348 0.938849 -0.178665
vn -0.294348 0.938849 -0.178665
vn -0.117766 0.989751 -0.080769
vn -0.117766 0.989751 -0.080769
vn -0.439705 0.869333 -0.225653
vn -0.439705 0.869333 -0.225653
vn -0.294348 0.938849 -0.178665
vn -0.294348 0.938849 -0.178665
vn 0.000344 -1.000000 0.000044
vn 0.000344 -1.000000 0.000044
vn 0.000357 -1.000000 0.000000
vn 0.000357 -1.000000 0.000000
vn 0.000123 -1.000000 0.000116
vn 0.000123 -1.000000 0.000116
vn 0.000176 -1.000000 0.000121
vn 0.000176 -1.000000 0.000121
vn 0.000052 -1.000000 0.000086
vn 0.000052 -1.000000 0.000086
vn 0.000123 -1.000000 0.000116
vn 0.000123 -1.000000 0.000116
vn -0.000023 -1.000000 0.000019
vn -0.000023 -1.000000 0.000019
vn 0.000052 -1.000000 0.000086
vn 0.000052 -1.000000 0.000086
vn 0.000043 -1.000000 0.000058
vn 0.000043 -1.000000 0.000058
vn 0.000021 -1.000000 -0.000038
vn 0.000021 -1.000000 -0.000038
vn 0.000021 -1.000000 -0.000038
vn 0.000021 -1.000000 -0.000038
vn -0.000046 -1.000000 -0.000054
vn -0.000046 -1.000000 -0.000054
vn -0.000046 -1.000000 -0.000054
vn -0.000046 -1.000000 -0.000054
vn -0.000023 -1.000000 0.000019
vn -0.000023 -1.000000 0.000019
vn -0.000731 -1.000000 0.000000
vn -0.000731 -1.000000 0.000000
vn -0.000708 -1.000000 0.000087
vn -0.000708 -1.000000 0.000087
vn 0.000231 -1.000000 -0.000668
vn 0.000231 -1.000000 -0.000668
vn 0.000093 -1.000000 -0.000858
vn 0.000093 -1.000000 -0.000858
vn 0.000093 -1.000000 -0.000858
vn 0.000093 -1.000000 -0.000858
vn -0.000077 -1.000000 -0.000745
vn -0.000077 -1.000000 -0.000745
vn -0.000077 -1.000000 -0.000745
vn -0.000077 -1.000000 -0.000745
vn -0.000173 -1.000000 -0.000381
vn -0.000173 -1.000000 -0.000381
vn -0.000173 -1.000000 -0.000381
vn -0.000173 -1.000000 -0.000381
vn -0.000088 -1.000000 -0.000018
vn -0.000088 -1.000000 -0.000018
vn -0.000088 -1.000000 -0.000018
vn -0.000088 -1.000000 -0.000018
vn 0.000043 -1.000000 0.000058
vn 0.000043 -1.000000 0.000058
vn 0.000218 -1.000000 -0.000304
vn 0.000218 -1.000000 -0.000304
vn 0.000231 -1.000000 -0.000668
vn 0.000231 -1.000000 -0.000668
vn 0.000072 -1.000000 -0.000151
vn 0.000072 -1.000000 -0.000151
vn 0.000218 -1.000000 -0.000304
vn 0.000218 -1.000000 -0.000304
vn 0.000096 -1.000000 -0.000298
vn 0.000096 -1.000000 -0.000298
vn 0.000072 -1.000000 -0.000151
vn 0.000072 -1.000000 -0.000151
vn 0.000089 -1.000000 0.000027
vn 0.000089 -1.000000 0.000027
vn 0.000283 -1.000000 -0.000180
vn 0.000283 -1.000000 -0.000180
vn 0.000283 -1.000000 -0.000180
vn 0.000283 -1.000000 -0.000180
vn 0.000278 -1.000000 -0.000355
vn 0.000278 -1.000000 -0.000355
vn 0.000278 -1.000000 -0.000355
vn 0.000278 -1.000000 -0.000355
vn 0.000096 -1.000000 -0.000298
vn 0.000096 -1.000000 -0.000298
vn -0.000142 -1.000000 0.000160
vn -0.000142 -1.000000 0.000160
vn 0.000089 -1.000000 0.000027
vn 0.000089 -1.000000 0.000027
vn -0.000351 -1.000000 0.000218
vn -0.000351 -1.000000 0.000218
vn -0.000142 -1.000000 0.000160
vn -0.000142 -1.000000 0.000160
vn -0.000521 -1.000000 0.000212
vn -0.000521 -1.000000 0.000212
vn -0.000351 -1.000000 0.000218
vn -0.000351 -1.000000 0.000218
vn -0.000639 -1.000000 0.000161
vn -0.000639 -1.000000 0.000161
vn -0.000521 -1.000000 0.000212
vn -0.000521 -1.000000 0.000212
vn -0.000708 -1.000000 0.000087
vn -0.000708 -1.000000 0.000087
vn -0.000639 -1.000000 0.000161
vn -0.000639 -1.000000 0.000161
vn 0.000266 -1.000000 0.000102
vn 0.000266 -1.000000 0.000102
vn 0.000310 -1.000000 0.000080
vn 0.000310 -1.000000 0.000080
vn 0.000310 -1.000000 0.000080
vn 0.000310 -1.000000 0.000080
vn 0.000344 -1.000000 0.000044
vn 0.000344 -1.000000 0.000044
vn 0.000221 -1.000000 0.000116
vn 0.000221 -1.000000 0.000116
vn 0.000266 -1.000000 0.000102
vn 0.000266 -1.000000 0.000102
vn 0.000176 -1.000000 0.000121
vn 0.000176 -1.000000 0.000121
vn 0.000221 -1.000000 0.000116
vn 0.000221 -1.000000 0.000116
vn 0.000357 -1.000000 0.000000
vn 0.000357 -1.000000 0.000000
vn 0.000344 -1.000000 -0.000044
vn 0.000344 -1.000000 -0.000044
vn 0.000176 -1.000000 -0.000121
vn 0.000176 -1.000000 -0.000121
vn 0.000123 -1.000000 -0.000116
vn 0.000123 -1.000000 -0.000116
vn 0.000123 -1.000000 -0.000116
vn 0.000123 -1.000000 -0.000116
vn 0.000052 -1.000000 -0.000086
vn 0.000052 -1.000000 -0.000086
vn 0.000052 -1.000000 -0.000086
vn 0.000052 -1.000000 -0.000086
vn -0.000023 -1.000000 -0.000019
vn -0.000023 -1.000000 -0.000019
vn 0.000029 -1.000000 0.000022
vn 0.000029 -1.000000 0.000022
vn 0.000042 -1.000000 -0.000070
vn 0.000042 -1.000000 -0.000070
vn -0.000036 -1.000000 0.000048
vn -0.000036 -1.000000 0.000048
vn 0.000029 -1.000000 0.000022
vn 0.000029 -1.000000 0.000022
vn -0.000023 -1.000000 -0.000019
vn -0.000023 -1.000000 -0.000019
vn -0.000036 -1.000000 0.000048
vn -0.000036 -1.000000 0.000048
vn -0.000708 -1.000000 -0.000087
vn -0.000708 -1.000000 -0.000087
vn -0.000731 -1.000000 0.000000
vn -0.000731 -1.000000 0.000000
vn 0.000093 -1.000000 0.000858
vn 0.000093 -1.000000 0.000858
vn 0.000231 -1.000000 0.000668
vn 0.000231 -1.000000 0.000668
vn -0.000077 -1.000000 0.000745
vn -0.000077 -1.000000 0.000745
vn 0.000093 -1.000000 0.000858
vn 0.000093 -1.000000 0.000858
vn -0.000173 -1.000000 0.000381
vn -0.000173 -1.000000 0.000381
vn -0.000077 -1.000000 0.000745
vn -0.000077 -1.000000 0.000745
vn -0.000088 -1.000000 0.000018
vn -0.000088 -1.000000 0.000018
vn -0.000173 -1.000000 0.000381
vn -0.000173 -1.000000 0.000381
vn 0.000042 -1.000000 -0.000070
vn 0.000042 -1.000000 -0.000070
vn -0.000088 -1.000000 0.000018
vn -0.000088 -1.000000 0.000018
vn 0.000231 -1.000000 0.000668
vn 0.000231 -1.000000 0.000668
vn 0.000217 -1.000000 0.000314
vn 0.000217 -1.000000 0.000314
vn 0.000217 -1.000000 0.000314
vn 0.000217 -1.000000 0.000314
vn 0.000080 -1.000000 0.000165
vn 0.000080 -1.000000 0.000165
vn 0.000080 -1.000000 0.000165
vn 0.000080 -1.000000 0.000165
vn 0.000105 -1.000000 0.000303
vn 0.000105 -1.000000 0.000303
vn 0.000283 -1.000000 0.000180
vn 0.000283 -1.000000 0.000180
vn 0.000089 -1.000000 -0.000027
vn 0.000089 -1.000000 -0.000027
vn 0.000278 -1.000000 0.000355
vn 0.000278 -1.000000 0.000355
vn 0.000283 -1.000000 0.000180
vn 0.000283 -1.000000 0.000180
vn 0.000105 -1.000000 0.000303
vn 0.000105 -1.000000 0.000303
vn 0.000278 -1.000000 0.000355
vn 0.000278 -1.000000 0.000355
vn 0.000089 -1.000000 -0.000027
vn 0.000089 -1.000000 -0.000027
vn -0.000142 -1.000000 -0.000160
vn -0.000142 -1.000000 -0.000160
vn -0.000142 -1.000000 -0.000160
vn -0.000142 -1.000000 -0.000160
vn -0.000351 -1.000000 -0.000218
vn -0.000351 -1.000000 -0.000218
vn -0.000351 -1.000000 -0.000218
vn -0.000351 -1.000000 -0.000218
vn -0.000521 -1.000000 -0.000212
vn -0.000521 -1.000000 -0.000212
vn -0.000521 -1.000000 -0.000212
vn -0.000521 -1.000000 -0.000212
vn -0.000639 -1.000000 -0.000161
vn -0.000639 -1.000000 -0.000161
vn -0.000639 -1.000000 -0.000161
vn -0.000639 -1.000000 -0.000161
vn -0.000708 -1.000000 -0.000087
vn -0.000708 -1.000000 -0.000087
vn 0.000310 -1.000000 -0.000080
vn 0.000310 -1.000000 -0.000080
vn 0.000266 -1.000000 -0.000102
vn 0.000266 -1.000000 -0.000102
vn 0.000344 -1.000000 -0.000044
vn 0.000344 -1.000000 -0.000044
vn 0.000310 -1.000000 -0.000080
vn 0.000310 -1.000000 -0.000080
vn 0.000266 -1.000000 -0.000102
vn 0.000266 -1.000000 -0.000102
vn 0.000221 -1.000000 -0.000116
vn 0.000221 -1.000000 -0.000116
vn 0.000221 -1.000000 -0.000116
vn 0.000221 -1.000000 -0.000116
vn 0.000176 -1.000000 -0.000121
vn 0.000176 -1.000000 -0.000121
vn 0.388843 0.809410 0.440064
vn 0.388843 0.809410 0.440064
vn 0.612247 0.295106 0.733530
vn 0.612247 0.295106 0.733530
vn -0.008530 0.999960 0.002675
vn -0.008530 0.999960 0.002675
vn 0.388843 0.809410 0.440064
vn 0.388843 0.809410 0.440064
vn 0.716953 0.695345 -0.049750
vn 0.716953 0.695345 -0.049750
vn 0.440626 0.897226 -0.028882
vn 0.440626 0.897226 -0.028882
vn 0.612247 0.295106 0.733530
vn 0.612247 0.295106 0.733530
vn 0.624787 0.116013 0.772128
vn 0.624787 0.116013 0.772128
vn -0.183406 0.980700 -0.067754
vn -0.183406 0.980700 -0.067754
vn -0.607777 0.765624 -0.210776
vn -0.607777 0.765624 -0.210776
vn 0.440626 0.897226 -0.028882
vn 0.440626 0.897226 -0.028882
vn -0.183406 0.980700 -0.067754
vn -0.183406 0.980700 -0.067754
vn -0.607777 0.765624 -0.210776
vn -0.607777 0.765624 -0.210776
vn -0.782490 0.514240 -0.351093
vn -0.782490 0.514240 -0.351093
vn -0.782490 0.514240 -0.351093
vn -0.782490 0.514240 -0.351093
vn -0.779526 0.467700 -0.416648
vn -0.779526 0.467700 -0.416648
vn -0.779526 0.467700 -0.416648
vn -0.779526 0.467700 -0.416648
vn -0.683923 0.595773 -0.421074
vn -0.683923 0.595773 -0.421074
vn -0.683923 0.595773 -0.421074
vn -0.683923 0.595773 -0.421074
vn -0.565812 0.724324 -0.393969
vn -0.565812 0.724324 -0.393969
vn -0.565812 0.724324 -0.393969
vn -0.565812 0.724324 -0.393969
vn -0.323417 0.913341 -0.247405
vn -0.323417 0.913341 -0.247405
vn -0.323417 0.913341 -0.247405
vn -0.323417 0.913341 -0.247405
vn -0.008530 0.999960 0.002675
vn -0.008530 0.999960 0.002675
vn 0.414947 0.389682 0.822172
vn 0.414947 0.389682 0.822172
vn 0.266159 0.777049 0.570399
vn 0.266159 0.777049 0.570399
vn 0.456584 0.152973 0.876431
vn 0.456584 0.152973 0.876431
vn 0.414947 0.389682 0.822172
vn 0.414947 0.389682 0.822172
vn 0.319172 0.748329 0.581492
vn 0.319172 0.748329 0.581492
vn 0.465943 0.149333 0.872122
vn 0.465943 0.149333 0.872122
vn 0.029369 0.998375 0.048836
vn 0.029369 0.998375 0.048836
vn 0.319172 0.748329 0.581492
vn 0.319172 0.748329 0.581492
vn -0.176790 0.957743 -0.226877
vn -0.176790 0.957743 -0.226877
vn -0.083286 0.990990 -0.104890
vn -0.083286 0.990990 -0.104890
vn 0.060914 0.988666 0.137220
vn 0.060914 0.988666 0.137220
vn -0.021064 0.997380 -0.069201
vn -0.021064 0.997380 -0.069201
vn 0.266159 0.777049 0.570399
vn 0.266159 0.777049 0.570399
vn 0.060914 0.988666 0.137220
vn 0.060914 0.988666 0.137220
vn -0.083286 0.990990 -0.104890
vn -0.083286 0.990990 -0.104890
vn 0.029369 0.998375 0.048836
vn 0.029369 0.998375 0.048836
vn 0.465943 0.149333 0.872122
vn 0.465943 0.149333 0.872122
vn 0.456584 0.152973 0.876431
vn 0.456584 0.152973 0.876431
vn 0.162239 0.973511 -0.161105
vn 0.162239 0.973511 -0.161105
vn 0.066371 0.995329 -0.070107
vn 0.066371 0.995329 -0.070107
vn 0.689021 -0.723556 -0.041439
vn 0.689021 -0.723556 -0.041439
vn 0.629503 -0.775519 -0.047927
vn 0.629503 -0.775519 -0.047927
vn -0.659726 0.725096 0.197475
vn -0.659726 0.725096 0.197475
vn -0.606747 0.780146 0.152414
vn -0.606747 0.780146 0.152414
vn -0.606747 0.780146 0.152414
vn -0.606747 0.780146 0.152414
vn -0.367256 0.926732 0.079310
vn -0.367256 0.926732 0.079310
vn -0.367256 0.926732 0.079310
vn -0.367256 0.926732 0.079310
vn 0.029524 0.999563 0.001793
vn 0.029524 0.999563 0.001793
vn 0.029524 0.999563 0.001793
vn 0.029524 0.999563 0.001793
vn 0.353250 0.934866 -0.035214
vn 0.353250 0.934866 -0.035214
vn 0.353250 0.934866 -0.035214
vn 0.353250 0.934866 -0.035214
vn 0.606942 0.793724 -0.040297
vn 0.606942 0.793724 -0.040297
vn 0.606942 0.793724 -0.040297
vn 0.606942 0.793724 -0.040297
vn 0.823790 0.566089 -0.030227
vn 0.823790 0.566089 -0.030227
vn 0.823790 0.566089 -0.030227
vn 0.823790 0.566089 -0.030227
vn 0.952816 0.303248 -0.013484
vn 0.952816 0.303248 -0.013484
vn 0.952816 0.303248 -0.013484
vn 0.952816 0.303248 -0.013484
vn 0.999712 0.023734 -0.003535
vn 0.999712 0.023734 -0.003535
vn 0.999712 0.023734 -0.003535
vn 0.999712 0.023734 -0.003535
vn 0.963552 -0.267396 -0.008138
vn 0.963552 -0.267396 -0.008138
vn 0.963552 -0.267396 -0.008138
vn 0.963552 -0.267396 -0.008138
vn 0.838463 -0.544394 -0.024804
vn 0.838463 -0.544394 -0.024804
vn 0.838463 -0.544394 -0.024804
vn 0.838463 -0.544394 -0.024804
vn 0.689021 -0.723556 -0.041439
vn 0.689021 -0.723556 -0.041439
vn -0.614433 0.757945 0.219069
vn -0.614433 0.757945 0.219069
vn -0.659726 0.725096 0.197475
vn -0.659726 0.725096 0.197475
vn -0.533642 0.814228 0.228603
vn -0.533642 0.814228 0.228603
vn -0.614433 0.757945 0.219069
vn -0.614433 0.757945 0.219069
vn -0.439703 0.869332 0.225663
vn -0.439703 0.869332 0.225663
vn -0.533642 0.814228 0.228603
vn -0.533642 0.814228 0.228603
vn 0.066371 0.995329 -0.070107
vn 0.066371 0.995329 -0.070107
vn -0.117764 0.989751 0.080770
vn -0.117764 0.989751 0.080770
vn -0.117764 0.989751 0.080770
vn -0.117764 0.989751 0.080770
vn -0.294345 0.938850 0.178668
vn -0.294345 0.938850 0.178668
vn -0.294345 0.938850 0.178668
vn -0.294345 0.938850 0.178668
vn -0.439703 0.869332 0.225663
vn -0.439703 0.869332 0.225663
s off
g Glass_holder_coat:Group43935
usemtl aiStandardSurface1SG
f 977/1/1 980/2/2 979/3/3 978/4/4
f 977/1/5 982/5/6 981/6/7 980/2/8
f 977/1/9 978/4/10 983/7/11 982/5/12
f 984/8/13 987/9/14 986/10/15 985/11/16
f 984/8/17 989/12/18 988/13/19 987/9/20
f 984/8/21 985/11/22 990/14/23 989/12/24
f 991/15/25 994/16/26 993/17/27 992/18/28
f 991/15/29 996/19/30 995/20/31 994/16/32
f 991/15/33 992/18/34 997/21/35 996/19/36
f 998/22/37 1001/23/38 1000/24/39 999/25/40
f 998/22/41 1003/26/42 1002/27/43 1001/23/44
f 998/22/45 1005/28/46 1004/29/47 1003/26/48
f 1006/30/49 1009/31/50 1008/32/51 1007/33/52
f 1006/30/53 1007/33/54 1011/34/55 1010/35/56
f 1006/30/57 1013/36/58 1012/37/59 1009/31/60
f 1014/38/61 1017/39/62 1016/40/63 1015/41/64
f 1014/38/65 1020/42/66 1019/43/67 1018/44/68
f 1014/38/69 1015/41/70 1021/45/71 1020/42/72
f 1022/46/73 1025/47/74 1024/48/75 1023/49/76
f 1022/46/77 1023/49/78 1027/50/79 1026/51/80
f 1022/46/81 1026/51/82 1029/52/83 1028/53/84
f 1030/54/85 1033/55/86 1032/56/87 1031/57/88
f 1034/58/89 1037/59/90 1036/60/91 1035/61/92
f 1034/58/93 1035/61/94 997/21/95 1038/62/96
f 1034/58/97 1038/62/98 1040/63/99 1039/64/100
f 1041/65/101 1042/66/102 1036/60/103 1037/59/104
f 1043/67/105 1046/68/106 1045/69/107 1044/70/108
f 1047/71/109 1050/72/110 1049/73/111 1048/74/112
f 1047/71/113 1048/74/114 1052/75/115 1051/76/116
f 1047/71/117 1051/76/118 1054/77/119 1053/78/120
f 1055/79/121 1056/80/122 1024/48/123 1025/47/124
f 1057/81/125 1060/82/126 1059/83/127 1058/84/128
f 1057/81/129 1062/85/130 1061/86/131 1060/82/132
f 1057/81/133 979/3/134 980/2/135 1062/85/136
f 1063/87/137 1064/88/138 982/5/139 983/7/140
f 1065/89/141 1066/90/142 986/10/143 987/9/144
f 1065/89/145 987/9/146 988/13/147 1067/91/148
f 1068/92/149 1069/93/150 986/10/151 1066/90/152
f 1070/94/153 1014/38/154 1018/44/155 1071/95/156
f 1070/94/157 1072/96/158 1017/39/159 1014/38/160
f 1072/96/161 1074/97/162 1073/98/163 1017/39/164
f 1074/97/165 1076/99/166 1075/100/167 1073/98/168
f 1076/99/169 1078/101/170 1077/102/171 1075/100/172
f 1078/101/173 1080/103/174 1079/104/175 1077/102/176
f 1080/103/177 1082/105/178 1081/106/179 1079/104/180
f 1082/105/181 1039/64/182 1040/63/183 1081/106/184
f 1081/106/185 1084/107/186 1083/108/187 1079/104/188
f 1081/106/189 1040/63/190 1085/109/191 1084/107/192
f 1085/109/193 1087/110/194 1086/111/195 1084/107/196
f 1085/109/197 1089/112/198 1088/113/199 1087/110/200
f 1085/109/201 1040/63/202 1038/62/203 1089/112/204
f 1089/112/205 992/18/206 993/17/207 1088/113/208
f 1089/112/209 1038/62/210 997/21/211 992/18/212
f 1088/113/213 1091/114/214 1090/115/215 1087/110/216
f 1088/113/217 993/17/218 1092/116/219 1091/114/220
f 1092/116/221 993/17/222 994/16/223 1093/117/224
f 1092/116/225 1095/118/226 1094/119/227 1091/114/228
f 1092/116/229 1093/117/230 1096/120/231 1095/118/232
f 1096/120/233 1093/117/234 1098/121/235 1097/122/236
f 1096/120/237 1100/123/238 1099/124/239 1095/118/240
f 1096/120/241 1097/122/242 1101/125/243 1100/123/244
f 1101/125/245 1097/122/246 1103/126/247 1102/127/248
f 1101/125/249 1105/128/250 1104/129/251 1100/123/252
f 1101/125/253 1102/127/254 1106/130/255 1105/128/256
f 1106/130/257 1102/127/258 1108/131/259 1107/132/260
f 1106/130/261 1110/133/262 1109/134/263 1105/128/264
f 1106/130/265 1107/132/266 1111/135/267 1110/133/268
f 1111/135/269 1107/132/270 1113/136/271 1112/137/272
f 1111/135/273 1115/138/274 1114/139/275 1110/133/276
f 1111/135/277 1112/137/278 1116/140/279 1115/138/280
f 1116/140/281 1118/141/282 1117/142/283 1115/138/284
f 1118/141/285 1120/143/286 1119/144/287 1117/142/288
f 1120/143/289 1122/145/290 1121/146/291 1119/144/292
f 1122/145/293 1124/147/294 1123/148/295 1121/146/296
f 1124/147/297 1126/149/298 1125/150/299 1123/148/300
f 1126/149/301 1128/151/302 1127/152/303 1125/150/304
f 1128/151/305 1130/153/306 1129/154/307 1127/152/308
f 1130/153/309 1132/155/310 1131/156/311 1129/154/312
f 1132/155/313 1044/70/314 1045/69/315 1131/156/316
f 1131/156/317 1134/157/318 1133/158/319 1129/154/320
f 1131/156/321 1045/69/322 1135/159/323 1134/157/324
f 1135/159/325 1137/160/326 1136/161/327 1134/157/328
f 1135/159/329 1139/162/330 1138/163/331 1137/160/332
f 1135/159/333 1045/69/334 1046/68/335 1139/162/336
f 1138/163/337 1141/164/338 1140/165/339 1137/160/340
f 1141/164/341 1143/166/342 1142/167/343 1140/165/344
f 1143/166/345 1145/168/346 1144/169/347 1142/167/348
f 1145/168/349 1147/170/350 1146/171/351 1144/169/352
f 1147/170/353 1149/172/354 1148/173/355 1146/171/356
f 1149/172/357 1028/53/358 1029/52/359 1148/173/360
f 1148/173/361 1151/174/362 1150/175/363 1146/171/364
f 1148/173/365 1029/52/366 1152/176/367 1151/174/368
f 1152/176/369 1154/177/370 1153/178/371 1151/174/372
f 1152/176/373 1156/179/374 1155/180/375 1154/177/376
f 1152/176/377 1029/52/378 1026/51/379 1156/179/380
f 1156/179/381 1158/181/382 1157/182/383 1155/180/384
f 1156/179/385 1026/51/386 1027/50/387 1158/181/388
f 1158/181/389 1160/183/390 1159/184/391 1157/182/392
f 1158/181/393 1027/50/394 1161/185/395 1160/183/396
f 1161/185/397 1163/186/398 1162/187/399 1160/183/400
f 1161/185/401 1165/188/402 1164/189/403 1163/186/404
f 1161/185/405 1027/50/406 1023/49/407 1165/188/408
f 1165/188/409 1054/77/410 1051/76/411 1164/189/412
f 1165/188/413 1023/49/414 1024/48/415 1054/77/416
f 1164/189/417 1167/190/418 1166/191/419 1163/186/420
f 1164/189/421 1051/76/422 1052/75/423 1167/190/424
f 1167/190/425 1169/192/426 1168/193/427 1166/191/428
f 1167/190/429 1052/75/430 1170/194/431 1169/192/432
f 1170/194/433 1172/195/434 1171/196/435 1169/192/436
f 1170/194/437 1174/197/438 1173/198/439 1172/195/440
f 1170/194/441 1052/75/442 1048/74/443 1174/197/444
f 1174/197/445 1176/199/446 1175/200/447 1173/198/448
f 1174/197/449 1048/74/450 1049/73/451 1176/199/452
f 1176/199/453 1059/83/454 1060/82/455 1175/200/456
f 1176/199/457 1049/73/458 1032/56/459 1059/83/460
f 1175/200/461 1178/201/462 1177/202/463 1173/198/464
f 1175/200/465 1060/82/466 1061/86/467 1178/201/468
f 1178/201/469 1180/203/470 1179/204/471 1177/202/472
f 1178/201/473 1061/86/474 1181/205/475 1180/203/476
f 1181/205/477 1183/206/478 1182/207/479 1180/203/480
f 1181/205/481 1185/208/482 1184/209/483 1183/206/484
f 1181/205/485 1061/86/486 1062/85/487 1185/208/488
f 1185/208/489 981/6/490 1186/210/491 1184/209/492
f 1185/208/493 1062/85/494 980/2/495 981/6/496
f 1186/210/497 981/6/498 982/5/499 1064/88/500
f 1182/207/501 1187/211/502 1179/204/503 1180/203/504
f 1187/211/505 1189/212/506 1188/213/507 1179/204/508
f 1189/212/509 1191/214/510 1190/215/511 1188/213/512
f 1191/214/513 1193/216/514 1192/217/515 1190/215/516
f 1193/216/517 1195/218/518 1194/219/519 1192/217/520
f 1195/218/521 1197/220/522 1196/221/523 1194/219/524
f 1197/220/525 1199/222/526 1198/223/527 1196/221/528
f 1199/222/529 1201/224/530 1200/225/531 1198/223/532
f 1201/224/533 1203/226/534 1202/227/535 1200/225/536
f 1203/226/537 1205/228/538 1204/229/539 1202/227/540
f 1205/228/541 1207/230/542 1206/231/543 1204/229/544
f 1207/230/545 1209/232/546 1208/233/547 1206/231/548
f 1209/232/549 1211/234/550 1210/235/551 1208/233/552
f 1213/236/553 1215/237/554 1214/238/555 1212/239/556
f 1213/236/557 1217/240/558 1216/241/559 1215/237/560
f 1216/241/561 1217/240/562 1219/242/563 1218/243/564
f 1216/241/565 1221/244/566 1220/245/567 1215/237/568
f 1216/241/569 1218/243/570 1222/246/571 1221/244/572
f 1222/246/573 1218/243/574 1224/247/575 1223/248/576
f 1222/246/577 1226/249/578 1225/250/579 1221/244/580
f 1222/246/581 1223/248/582 1227/251/583 1226/249/584
f 1227/251/585 1223/248/586 1229/252/587 1228/253/588
f 1227/251/589 1231/254/590 1230/255/591 1226/249/592
f 1227/251/593 1228/253/594 1232/256/595 1231/254/596
f 1232/256/597 1228/253/598 1012/37/599 1013/36/600
f 1232/256/601 1234/257/602 1233/258/603 1231/254/604
f 1232/256/605 1013/36/606 1235/259/607 1234/257/608
f 1235/259/609 1013/36/610 1006/30/611 1236/260/612
f 1235/259/613 1238/261/614 1237/262/615 1234/257/616
f 1235/259/617 1236/260/618 1239/263/619 1238/261/620
f 1239/263/621 1236/260/622 1241/264/623 1240/265/624
f 1239/263/625 1242/266/626 1153/178/627 1238/261/628
f 1239/263/629 1240/265/630 1243/267/631 1242/266/632
f 1243/267/633 1240/265/634 1245/268/635 1244/269/636
f 1243/267/637 1246/270/638 1150/175/639 1242/266/640
f 1243/267/641 1244/269/642 1247/271/643 1246/270/644
f 1247/271/645 1244/269/646 1249/272/647 1248/273/648
f 1247/271/649 1142/167/650 1144/169/651 1246/270/652
f 1247/271/653 1248/273/654 1140/165/655 1142/167/656
f 1249/272/657 1252/274/658 1251/275/659 1250/276/660
f 1249/272/661 1244/269/662 1245/268/663 1252/274/664
f 1249/272/665 1250/276/666 1136/161/667 1248/273/668
f 1252/274/669 1254/277/670 1253/278/671 1251/275/672
f 1252/274/673 1245/268/674 1255/279/675 1254/277/676
f 1255/279/677 1257/280/678 1256/281/679 1254/277/680
f 1255/279/681 1241/264/682 1010/35/683 1257/280/684
f 1255/279/685 1245/268/686 1240/265/687 1241/264/688
f 1257/280/689 1259/282/690 1258/283/691 1256/281/692
f 1257/280/693 1010/35/694 1011/34/695 1259/282/696
f 1259/282/697 1261/284/698 1260/285/699 1258/283/700
f 1259/282/701 1011/34/702 1262/286/703 1261/284/704
f 1262/286/705 1264/287/706 1263/288/707 1261/284/708
f 1262/286/709 1266/289/710 1265/290/711 1264/287/712
f 1262/286/713 1011/34/714 1007/33/715 1266/289/716
f 1266/289/717 1268/291/718 1267/292/719 1265/290/720
f 1266/289/721 1007/33/722 1008/32/723 1268/291/724
f 1268/291/725 1270/293/726 1269/294/727 1267/292/728
f 1268/291/729 1008/32/730 1271/295/731 1270/293/732
f 1271/295/733 1273/296/734 1272/297/735 1270/293/736
f 1271/295/737 1275/298/738 1274/299/739 1273/296/740
f 1271/295/741 1008/32/742 1009/31/743 1275/298/744
f 1275/298/745 1277/300/746 1276/301/747 1274/299/748
f 1275/298/749 1009/31/750 1012/37/751 1277/300/752
f 1277/300/753 1229/252/754 1278/302/755 1276/301/756
f 1277/300/757 1012/37/758 1228/253/759 1229/252/760
f 1278/302/761 1280/303/762 1279/304/763 1276/301/764
f 1278/302/765 1224/247/766 1281/305/767 1280/303/768
f 1278/302/769 1229/252/770 1223/248/771 1224/247/772
f 1281/305/773 1224/247/774 1218/243/775 1219/242/776
f 1283/306/777 1285/307/778 1284/308/779 1282/309/780
f 1285/307/781 1287/310/782 1286/311/783 1284/308/784
f 1287/310/785 1289/312/786 1288/313/787 1286/311/788
f 1289/312/789 1291/314/790 1290/315/791 1288/313/792
f 1291/314/793 1293/316/794 1292/317/795 1290/315/796
f 1293/316/797 1295/318/798 1294/319/799 1292/317/800
f 1295/318/801 1297/320/802 1296/321/803 1294/319/804
f 1297/320/805 1299/322/806 1298/323/807 1296/321/808
f 1299/322/809 1301/324/810 1300/325/811 1298/323/812
f 1301/324/813 1303/326/814 1302/327/815 1300/325/816
f 1303/326/817 1305/328/818 1304/329/819 1302/327/820
f 1305/328/821 1307/330/822 1306/331/823 1304/329/824
f 1307/330/825 1067/91/826 988/13/827 1306/331/828
f 1306/331/829 1308/332/830 1019/43/831 1304/329/832
f 1306/331/833 988/13/834 989/12/835 1308/332/836
f 1308/332/837 1309/333/838 1018/44/839 1019/43/840
f 1308/332/841 989/12/842 990/14/843 1309/333/844
f 1309/333/845 1310/334/846 1071/95/847 1018/44/848
f 1309/333/849 990/14/850 1311/335/851 1310/334/852
f 1311/335/853 990/14/854 985/11/855 1312/336/856
f 1312/336/857 985/11/858 986/10/859 1069/93/860
f 1304/329/861 1019/43/862 1020/42/863 1302/327/864
f 1302/327/865 1020/42/866 1021/45/867 1300/325/868
f 1300/325/869 1021/45/870 1313/337/871 1298/323/872
f 1313/337/873 1314/338/874 1296/321/875 1298/323/876
f 1313/337/877 1316/339/878 1315/340/879 1314/338/880
f 1313/337/881 1021/45/882 1015/41/883 1316/339/884
f 1316/339/885 1318/341/886 1317/342/887 1315/340/888
f 1316/339/889 1015/41/890 1016/40/891 1318/341/892
f 1318/341/893 1320/343/894 1319/344/895 1317/342/896
f 1318/341/897 1016/40/898 1321/345/899 1320/343/900
f 1321/345/901 1323/346/902 1322/347/903 1320/343/904
f 1321/345/905 1073/98/906 1075/100/907 1323/346/908
f 1321/345/909 1016/40/910 1017/39/911 1073/98/912
f 1323/346/913 1325/348/914 1324/349/915 1322/347/916
f 1323/346/917 1075/100/918 1077/102/919 1325/348/920
f 1325/348/921 1083/108/922 1326/350/923 1324/349/924
f 1325/348/925 1077/102/926 1079/104/927 1083/108/928
f 1326/350/929 1328/351/930 1327/352/931 1324/349/932
f 1326/350/933 1086/111/934 1329/353/935 1328/351/936
f 1326/350/937 1083/108/938 1084/107/939 1086/111/940
f 1329/353/941 1331/354/942 1330/355/943 1328/351/944
f 1329/353/945 1090/115/946 1332/356/947 1331/354/948
f 1329/353/949 1086/111/950 1087/110/951 1090/115/952
f 1332/356/953 1334/357/954 1333/358/955 1331/354/956
f 1332/356/957 1094/119/958 1335/359/959 1334/357/960
f 1332/356/961 1090/115/962 1091/114/963 1094/119/964
f 1335/359/965 1005/28/966 998/22/967 1334/357/968
f 1335/359/969 1099/124/970 1336/360/971 1005/28/972
f 1335/359/973 1094/119/974 1095/118/975 1099/124/976
f 1336/360/977 1099/124/978 1100/123/979 1104/129/980
f 1336/360/981 1337/361/982 1004/29/983 1005/28/984
f 1336/360/985 1104/129/986 1338/362/987 1337/361/988
f 1338/362/989 1104/129/990 1105/128/991 1109/134/992
f 1338/362/993 1340/363/994 1339/364/995 1337/361/996
f 1338/362/997 1109/134/998 1341/365/999 1340/363/1000
f 1341/365/1001 1109/134/1002 1110/133/1003 1114/139/1004
f 1341/365/1005 1343/366/1006 1342/367/1007 1340/363/1008
f 1341/365/1009 1114/139/1010 1344/368/1011 1343/366/1012
f 1344/368/1013 1114/139/1014 1115/138/1015 1117/142/1016
f 1344/368/1017 1346/369/1018 1345/370/1019 1343/366/1020
f 1344/368/1021 1117/142/1022 1119/144/1023 1346/369/1024
f 1346/369/1025 1348/371/1026 1347/372/1027 1345/370/1028
f 1346/369/1029 1119/144/1030 1121/146/1031 1348/371/1032
f 1348/371/1033 1350/373/1034 1349/374/1035 1347/372/1036
f 1348/371/1037 1121/146/1038 1123/148/1039 1350/373/1040
f 1350/373/1041 1351/375/1042 1253/278/1043 1349/374/1044
f 1350/373/1045 1123/148/1046 1125/150/1047 1351/375/1048
f 1351/375/1049 1352/376/1050 1251/275/1051 1253/278/1052
f 1351/375/1053 1125/150/1054 1127/152/1055 1352/376/1056
f 1352/376/1057 1133/158/1058 1250/276/1059 1251/275/1060
f 1352/376/1061 1127/152/1062 1129/154/1063 1133/158/1064
f 1349/374/1065 1256/281/1066 1258/283/1067 1347/372/1068
f 1349/374/1069 1253/278/1070 1254/277/1071 1256/281/1072
f 1347/372/1073 1258/283/1074 1260/285/1075 1345/370/1076
f 1345/370/1077 1260/285/1078 1342/367/1079 1343/366/1080
f 1342/367/1081 1263/288/1082 1339/364/1083 1340/363/1084
f 1342/367/1085 1260/285/1086 1261/284/1087 1263/288/1088
f 1339/364/1089 1353/377/1090 1004/29/1091 1337/361/1092
f 1339/364/1093 1263/288/1094 1264/287/1095 1353/377/1096
f 1353/377/1097 1354/378/1098 1003/26/1099 1004/29/1100
f 1353/377/1101 1264/287/1102 1265/290/1103 1354/378/1104
f 1354/378/1105 1355/379/1106 1002/27/1107 1003/26/1108
f 1354/378/1109 1265/290/1110 1267/292/1111 1355/379/1112
f 1355/379/1113 1357/380/1114 1356/381/1115 1002/27/1116
f 1355/379/1117 1267/292/1118 1269/294/1119 1357/380/1120
f 1357/380/1121 1359/382/1122 1358/383/1123 1356/381/1124
f 1357/380/1125 1269/294/1126 1360/384/1127 1359/382/1128
f 1360/384/1129 1362/385/1130 1361/386/1131 1359/382/1132
f 1360/384/1133 1272/297/1134 1363/387/1135 1362/385/1136
f 1360/384/1137 1269/294/1138 1270/293/1139 1272/297/1140
f 1363/387/1141 1272/297/1142 1273/296/1143 1364/388/1144
f 1364/388/1145 1273/296/1146 1274/299/1147 1365/389/1148
f 1365/389/1149 1274/299/1150 1276/301/1151 1279/304/1152
f 1366/390/1153 1358/383/1154 1359/382/1155 1361/386/1156
f 1366/390/1157 1368/391/1158 1367/392/1159 1358/383/1160
f 1367/392/1161 1368/391/1162 1370/393/1163 1369/394/1164
f 1367/392/1165 1371/395/1166 1356/381/1167 1358/383/1168
f 1367/392/1169 1369/394/1170 1372/396/1171 1371/395/1172
f 1372/396/1173 1369/394/1174 1374/397/1175 1373/398/1176
f 1372/396/1177 1000/24/1178 1001/23/1179 1371/395/1180
f 1372/396/1181 1373/398/1182 1375/399/1183 1000/24/1184
f 1375/399/1185 1373/398/1186 1377/400/1187 1376/401/1188
f 1375/399/1189 1378/402/1190 999/25/1191 1000/24/1192
f 1375/399/1193 1376/401/1194 1379/403/1195 1378/402/1196
f 1379/403/1197 1376/401/1198 1381/404/1199 1380/405/1200
f 1379/403/1201 1383/406/1202 1382/407/1203 1378/402/1204
f 1379/403/1205 1380/405/1206 1384/408/1207 1383/406/1208
f 1384/408/1209 1380/405/1210 1386/409/1211 1385/410/1212
f 1384/408/1213 1388/411/1214 1387/412/1215 1383/406/1216
f 1384/408/1217 1385/410/1218 1389/413/1219 1388/411/1220
f 1389/413/1221 1385/410/1222 1391/414/1223 1390/415/1224
f 1389/413/1225 1319/344/1226 1392/416/1227 1388/411/1228
f 1389/413/1229 1390/415/1230 1317/342/1231 1319/344/1232
f 1392/416/1233 1327/352/1234 1387/412/1235 1388/411/1236
f 1392/416/1237 1322/347/1238 1324/349/1239 1327/352/1240
f 1392/416/1241 1319/344/1242 1320/343/1243 1322/347/1244
f 1391/414/1245 1395/417/1246 1394/418/1247 1393/419/1248
f 1391/414/1249 1385/410/1250 1386/409/1251 1395/417/1252
f 1391/414/1253 1393/419/1254 1396/420/1255 1390/415/1256
f 1396/420/1257 1393/419/1258 1398/421/1259 1397/422/1260
f 1396/420/1261 1315/340/1262 1317/342/1263 1390/415/1264
f 1396/420/1265 1397/422/1266 1314/338/1267 1315/340/1268
f 1398/421/1269 1399/423/1270 1290/315/1271 1292/317/1272
f 1398/421/1273 1393/419/1274 1394/418/1275 1399/423/1276
f 1398/421/1277 1292/317/1278 1294/319/1279 1397/422/1280
f 1399/423/1281 1400/424/1282 1288/313/1283 1290/315/1284
f 1399/423/1285 1394/418/1286 1401/425/1287 1400/424/1288
f 1401/425/1289 1403/426/1290 1402/427/1291 1400/424/1292
f 1401/425/1293 1405/428/1294 1404/429/1295 1403/426/1296
f 1401/425/1297 1394/418/1298 1395/417/1299 1405/428/1300
f 1405/428/1301 1407/430/1302 1406/431/1303 1404/429/1304
f 1405/428/1305 1395/417/1306 1386/409/1307 1407/430/1308
f 1407/430/1309 1381/404/1310 1408/432/1311 1406/431/1312
f 1407/430/1313 1386/409/1314 1380/405/1315 1381/404/1316
f 1408/432/1317 1410/433/1318 1409/434/1319 1406/431/1320
f 1408/432/1321 1377/400/1322 1411/435/1323 1410/433/1324
f 1408/432/1325 1381/404/1326 1376/401/1327 1377/400/1328
f 1411/435/1329 1413/436/1330 1412/437/1331 1410/433/1332
f 1411/435/1333 1374/397/1334 1414/438/1335 1413/436/1336
f 1411/435/1337 1377/400/1338 1373/398/1339 1374/397/1340
f 1414/438/1341 1374/397/1342 1369/394/1343 1370/393/1344
f 1415/439/1345 1409/434/1346 1410/433/1347 1412/437/1348
f 1415/439/1349 1417/440/1350 1416/441/1351 1409/434/1352
f 1416/441/1353 1417/440/1354 1419/442/1355 1418/443/1356
f 1416/441/1357 1404/429/1358 1406/431/1359 1409/434/1360
f 1416/441/1361 1418/443/1362 1403/426/1363 1404/429/1364
f 1419/442/1365 1421/444/1366 1420/445/1367 1418/443/1368
f 1420/445/1369 1421/444/1370 1282/309/1371 1284/308/1372
f 1420/445/1373 1402/427/1374 1403/426/1375 1418/443/1376
f 1420/445/1377 1284/308/1378 1286/311/1379 1402/427/1380
f 1402/427/1381 1286/311/1382 1288/313/1383 1400/424/1384
f 1397/422/1385 1294/319/1386 1296/321/1387 1314/338/1388
f 1387/412/1389 1330/355/1390 1382/407/1391 1383/406/1392
f 1387/412/1393 1327/352/1394 1328/351/1395 1330/355/1396
f 1382/407/1397 1333/358/1398 999/25/1399 1378/402/1400
f 1382/407/1401 1330/355/1402 1331/354/1403 1333/358/1404
f 1371/395/1405 1001/23/1406 1002/27/1407 1356/381/1408
f 1334/357/1409 998/22/1410 999/25/1411 1333/358/1412
f 1250/276/1413 1133/158/1414 1134/157/1415 1136/161/1416
f 1248/273/1417 1136/161/1418 1137/160/1419 1140/165/1420
f 1246/270/1421 1144/169/1422 1146/171/1423 1150/175/1424
f 1242/266/1425 1150/175/1426 1151/174/1427 1153/178/1428
f 1241/264/1429 1236/260/1430 1006/30/1431 1010/35/1432
f 1238/261/1433 1153/178/1434 1154/177/1435 1237/262/1436
f 1237/262/1437 1422/446/1438 1233/258/1439 1234/257/1440
f 1237/262/1441 1154/177/1442 1155/180/1443 1422/446/1444
f 1422/446/1445 1424/447/1446 1423/448/1447 1233/258/1448
f 1422/446/1449 1155/180/1450 1157/182/1451 1424/447/1452
f 1424/447/1453 1426/449/1454 1425/450/1455 1423/448/1456
f 1424/447/1457 1157/182/1458 1159/184/1459 1426/449/1460
f 1426/449/1461 1428/451/1462 1427/452/1463 1425/450/1464
f 1426/449/1465 1159/184/1466 1429/453/1467 1428/451/1468
f 1429/453/1469 1431/454/1470 1430/455/1471 1428/451/1472
f 1429/453/1473 1162/187/1474 1432/456/1475 1431/454/1476
f 1429/453/1477 1159/184/1478 1160/183/1479 1162/187/1480
f 1432/456/1481 1434/457/1482 1433/458/1483 1431/454/1484
f 1432/456/1485 1166/191/1486 1168/193/1487 1434/457/1488
f 1432/456/1489 1162/187/1490 1163/186/1491 1166/191/1492
f 1434/457/1493 1436/459/1494 1435/460/1495 1433/458/1496
f 1434/457/1497 1168/193/1498 1437/461/1499 1436/459/1500
f 1437/461/1501 1439/462/1502 1438/463/1503 1436/459/1504
f 1437/461/1505 1171/196/1506 1440/464/1507 1439/462/1508
f 1437/461/1509 1168/193/1510 1169/192/1511 1171/196/1512
f 1440/464/1513 1190/215/1514 1192/217/1515 1439/462/1516
f 1440/464/1517 1441/465/1518 1188/213/1519 1190/215/1520
f 1440/464/1521 1171/196/1522 1172/195/1523 1441/465/1524
f 1441/465/1525 1177/202/1526 1179/204/1527 1188/213/1528
f 1441/465/1529 1172/195/1530 1173/198/1531 1177/202/1532
f 1439/462/1533 1192/217/1534 1194/219/1535 1438/463/1536
f 1438/463/1537 1442/466/1538 1435/460/1539 1436/459/1540
f 1438/463/1541 1194/219/1542 1196/221/1543 1442/466/1544
f 1442/466/1545 1444/467/1546 1443/468/1547 1435/460/1548
f 1442/466/1549 1196/221/1550 1198/223/1551 1444/467/1552
f 1444/467/1553 1446/469/1554 1445/470/1555 1443/468/1556
f 1444/467/1557 1198/223/1558 1200/225/1559 1446/469/1560
f 1446/469/1561 1448/471/1562 1447/472/1563 1445/470/1564
f 1446/469/1565 1200/225/1566 1202/227/1567 1448/471/1568
f 1448/471/1569 1450/473/1570 1449/474/1571 1447/472/1572
f 1448/471/1573 1202/227/1574 1204/229/1575 1450/473/1576
f 1450/473/1577 1452/475/1578 1451/476/1579 1449/474/1580
f 1450/473/1581 1204/229/1582 1206/231/1583 1452/475/1584
f 1452/475/1585 1454/477/1586 1453/478/1587 1451/476/1588
f 1452/475/1589 1206/231/1590 1208/233/1591 1454/477/1592
f 1454/477/1593 1456/479/1594 1455/480/1595 1453/478/1596
f 1454/477/1597 1208/233/1598 1210/235/1599 1456/479/1600
f 1455/480/1601 1458/481/1602 1457/482/1603 1453/478/1604
f 1457/482/1605 1458/481/1606 1212/239/1607 1214/238/1608
f 1457/482/1609 1459/483/1610 1451/476/1611 1453/478/1612
f 1457/482/1613 1214/238/1614 1460/484/1615 1459/483/1616
f 1460/484/1617 1214/238/1618 1215/237/1619 1220/245/1620
f 1460/484/1621 1462/485/1622 1461/486/1623 1459/483/1624
f 1460/484/1625 1220/245/1626 1463/487/1627 1462/485/1628
f 1463/487/1629 1220/245/1630 1221/244/1631 1225/250/1632
f 1463/487/1633 1465/488/1634 1464/489/1635 1462/485/1636
f 1463/487/1637 1225/250/1638 1466/490/1639 1465/488/1640
f 1466/490/1641 1225/250/1642 1226/249/1643 1230/255/1644
f 1466/490/1645 1425/450/1646 1427/452/1647 1465/488/1648
f 1466/490/1649 1230/255/1650 1423/448/1651 1425/450/1652
f 1465/488/1653 1427/452/1654 1467/491/1655 1464/489/1656
f 1467/491/1657 1469/492/1658 1468/493/1659 1464/489/1660
f 1467/491/1661 1430/455/1662 1470/494/1663 1469/492/1664
f 1467/491/1665 1427/452/1666 1428/451/1667 1430/455/1668
f 1470/494/1669 1443/468/1670 1445/470/1671 1469/492/1672
f 1470/494/1673 1433/458/1674 1435/460/1675 1443/468/1676
f 1470/494/1677 1430/455/1678 1431/454/1679 1433/458/1680
f 1469/492/1681 1445/470/1682 1447/472/1683 1468/493/1684
f 1468/493/1685 1461/486/1686 1462/485/1687 1464/489/1688
f 1468/493/1689 1447/472/1690 1449/474/1691 1461/486/1692
f 1461/486/1693 1449/474/1694 1451/476/1695 1459/483/1696
f 1423/448/1697 1230/255/1698 1231/254/1699 1233/258/1700
f 1113/136/1701 1107/132/1702 1108/131/1703 1471/495/1704
f 1471/495/1705 1108/131/1706 1473/496/1707 1472/497/1708
f 1473/496/1709 1475/498/1710 1474/499/1711 1472/497/1712
f 1473/496/1713 1103/126/1714 1476/500/1715 1475/498/1716
f 1473/496/1717 1108/131/1718 1102/127/1719 1103/126/1720
f 1476/500/1721 1478/501/1722 1477/502/1723 1475/498/1724
f 1476/500/1725 1098/121/1726 995/20/1727 1478/501/1728
f 1476/500/1729 1103/126/1730 1097/122/1731 1098/121/1732
f 1478/501/1733 1480/503/1734 1479/504/1735 1477/502/1736
f 1478/501/1737 995/20/1738 996/19/1739 1480/503/1740
f 1480/503/1741 1035/61/1742 1036/60/1743 1479/504/1744
f 1480/503/1745 996/19/1746 997/21/1747 1035/61/1748
f 1479/504/1749 1036/60/1750 1042/66/1751 1481/505/1752
f 1479/504/1753 1481/505/1754 1482/506/1755 1477/502/1756
f 1482/506/1757 1474/499/1758 1475/498/1759 1477/502/1760
f 1098/121/1761 1093/117/1762 994/16/1763 995/20/1764
f 1059/83/1765 1032/56/1766 1033/55/1767 1058/84/1768
f 1056/80/1769 1053/78/1770 1054/77/1771 1024/48/1772
f 1050/72/1773 1031/57/1774 1032/56/1775 1049/73/1776
f 1483/507/1777 1486/508/1778 1485/509/1779 1484/510/1780
f 1483/507/1781 1484/510/1782 1488/511/1783 1487/512/1784
f 1483/507/1785 1487/512/1786 1489/513/1787 1486/508/1788
f 1490/514/1789 1493/515/1790 1492/516/1791 1491/517/1792
f 1490/514/1793 1491/517/1794 1495/518/1795 1494/519/1796
f 1490/514/1797 1494/519/1798 1496/520/1799 1493/515/1800
f 1497/521/1801 1500/522/1802 1499/523/1803 1498/524/1804
f 1497/521/1805 1498/524/1806 1502/525/1807 1501/526/1808
f 1497/521/1809 1501/526/1810 1503/527/1811 1500/522/1812
f 1504/528/1813 1507/529/1814 1506/530/1815 1505/531/1816
f 1504/528/1817 1505/531/1818 1509/532/1819 1508/533/1820
f 1504/528/1821 1508/533/1822 1511/534/1823 1510/535/1824
f 1512/536/1825 1515/537/1826 1514/538/1827 1513/539/1828
f 1512/536/1829 1517/540/1830 1516/541/1831 1515/537/1832
f 1512/536/1833 1513/539/1834 1519/542/1835 1518/543/1836
f 1520/544/1837 1523/545/1838 1522/546/1839 1521/547/1840
f 1520/544/1841 1526/548/1842 1525/549/1843 1524/550/1844
f 1520/544/1845 1524/550/1846 1527/551/1847 1523/545/1848
f 1528/552/1849 1531/553/1850 1530/554/1851 1529/555/1852
f 1528/552/1853 1533/556/1854 1532/557/1855 1531/553/1856
f 1528/552/1857 1535/558/1858 1534/559/1859 1533/556/1860
f 1536/560/1861 1539/561/1862 1538/562/1863 1537/563/1864
f 1540/564/1865 1543/565/1866 1542/566/1867 1541/567/1868
f 1540/564/1869 1544/568/1870 1503/527/1871 1543/565/1872
f 1540/564/1873 1546/569/1874 1545/570/1875 1544/568/1876
f 1547/571/1877 1541/567/1878 1542/566/1879 1548/572/1880
f 1549/573/1881 1552/574/1882 1551/575/1883 1550/576/1884
f 1553/577/1885 1556/578/1886 1555/579/1887 1554/580/1888
f 1553/577/1889 1558/581/1890 1557/582/1891 1556/578/1892
f 1553/577/1893 1560/583/1894 1559/584/1895 1558/581/1896
f 1561/585/1897 1529/555/1898 1530/554/1899 1562/586/1900
f 1563/587/1901 1566/588/1902 1565/589/1903 1564/590/1904
f 1563/587/1905 1564/590/1906 1568/591/1907 1567/592/1908
f 1563/587/1909 1567/592/1910 1484/510/1911 1485/509/1912
f 1063/87/1913 1489/513/1914 1487/512/1915 1064/88/1916
f 1065/593/1917 1491/517/1918 1492/516/1919 1066/594/1920
f 1065/593/1921 1067/595/1922 1495/518/1923 1491/517/1924
f 1068/596/1925 1066/594/1926 1492/516/1927 1569/597/1928
f 1570/598/1929 1571/599/1930 1526/548/1931 1520/544/1932
f 1570/598/1933 1520/544/1934 1521/547/1935 1572/600/1936
f 1572/600/1937 1521/547/1938 1574/601/1939 1573/602/1940
f 1573/602/1941 1574/601/1942 1576/603/1943 1575/604/1944
f 1575/604/1945 1576/603/1946 1578/605/1947 1577/606/1948
f 1577/606/1949 1578/605/1950 1580/607/1951 1579/608/1952
f 1579/608/1953 1580/607/1954 1582/609/1955 1581/610/1956
f 1581/610/1957 1582/609/1958 1545/570/1959 1546/569/1960
f 1582/609/1961 1580/607/1962 1584/611/1963 1583/612/1964
f 1582/609/1965 1583/612/1966 1585/613/1967 1545/570/1968
f 1585/613/1969 1583/612/1970 1587/614/1971 1586/615/1972
f 1585/613/1973 1586/615/1974 1589/616/1975 1588/617/1976
f 1585/613/1977 1588/617/1978 1544/568/1979 1545/570/1980
f 1588/617/1981 1589/616/1982 1499/523/1983 1500/522/1984
f 1588/617/1985 1500/522/1986 1503/527/1987 1544/568/1988
f 1589/616/1989 1586/615/1990 1591/618/1991 1590/619/1992
f 1589/616/1993 1590/619/1994 1592/620/1995 1499/523/1996
f 1592/620/1997 1593/621/1998 1498/524/1999 1499/523/2000
f 1592/620/2001 1590/619/2002 1595/622/2003 1594/623/2004
f 1592/620/2005 1594/623/2006 1596/624/2007 1593/621/2008
f 1596/624/2009 1598/625/2010 1597/626/2011 1593/621/2012
f 1596/624/2013 1594/623/2014 1600/627/2015 1599/628/2016
f 1596/624/2017 1599/628/2018 1601/629/2019 1598/625/2020
f 1601/629/2021 1603/630/2022 1602/631/2023 1598/625/2024
f 1601/629/2025 1599/628/2026 1605/632/2027 1604/633/2028
f 1601/629/2029 1604/633/2030 1606/634/2031 1603/630/2032
f 1606/634/2033 1608/635/2034 1607/636/2035 1603/630/2036
f 1606/634/2037 1604/633/2038 1610/637/2039 1609/638/2040
f 1606/634/2041 1609/638/2042 1611/639/2043 1608/635/2044
f 1611/639/2045 1613/640/2046 1612/641/2047 1608/635/2048
f 1611/639/2049 1609/638/2050 1615/642/2051 1614/643/2052
f 1611/639/2053 1614/643/2054 1616/644/2055 1613/640/2056
f 1616/644/2057 1614/643/2058 1618/645/2059 1617/646/2060
f 1617/646/2061 1618/645/2062 1620/647/2063 1619/648/2064
f 1619/648/2065 1620/647/2066 1622/649/2067 1621/650/2068
f 1621/650/2069 1622/649/2070 1624/651/2071 1623/652/2072
f 1623/652/2073 1624/651/2074 1626/653/2075 1625/654/2076
f 1625/654/2077 1626/653/2078 1628/655/2079 1627/656/2080
f 1627/656/2081 1628/655/2082 1630/657/2083 1629/658/2084
f 1629/658/2085 1630/657/2086 1632/659/2087 1631/660/2088
f 1631/660/2089 1632/659/2090 1551/575/2091 1552/574/2092
f 1632/659/2093 1630/657/2094 1634/661/2095 1633/662/2096
f 1632/659/2097 1633/662/2098 1635/663/2099 1551/575/2100
f 1635/663/2101 1633/662/2102 1637/664/2103 1636/665/2104
f 1635/663/2105 1636/665/2106 1639/666/2107 1638/667/2108
f 1635/663/2109 1638/667/2110 1550/576/2111 1551/575/2112
f 1639/666/2113 1636/665/2114 1641/668/2115 1640/669/2116
f 1640/669/2117 1641/668/2118 1643/670/2119 1642/671/2120
f 1642/671/2121 1643/670/2122 1645/672/2123 1644/673/2124
f 1644/673/2125 1645/672/2126 1647/674/2127 1646/675/2128
f 1646/675/2129 1647/674/2130 1649/676/2131 1648/677/2132
f 1648/677/2133 1649/676/2134 1534/559/2135 1535/558/2136
f 1649/676/2137 1647/674/2138 1651/678/2139 1650/679/2140
f 1649/676/2141 1650/679/2142 1652/680/2143 1534/559/2144
f 1652/680/2145 1650/679/2146 1654/681/2147 1653/682/2148
f 1652/680/2149 1653/682/2150 1656/683/2151 1655/684/2152
f 1652/680/2153 1655/684/2154 1533/556/2155 1534/559/2156
f 1655/684/2157 1656/683/2158 1658/685/2159 1657/686/2160
f 1655/684/2161 1657/686/2162 1532/557/2163 1533/556/2164
f 1657/686/2165 1658/685/2166 1660/687/2167 1659/688/2168
f 1657/686/2169 1659/688/2170 1661/689/2171 1532/557/2172
f 1661/689/2173 1659/688/2174 1663/690/2175 1662/691/2176
f 1661/689/2177 1662/691/2178 1665/692/2179 1664/693/2180
f 1661/689/2181 1664/693/2182 1531/553/2183 1532/557/2184
f 1664/693/2185 1665/692/2186 1558/581/2187 1559/584/2188
f 1664/693/2189 1559/584/2190 1530/554/2191 1531/553/2192
f 1665/692/2193 1662/691/2194 1667/694/2195 1666/695/2196
f 1665/692/2197 1666/695/2198 1557/582/2199 1558/581/2200
f 1666/695/2201 1667/694/2202 1669/696/2203 1668/697/2204
f 1666/695/2205 1668/697/2206 1670/698/2207 1557/582/2208
f 1670/698/2209 1668/697/2210 1672/699/2211 1671/700/2212
f 1670/698/2213 1671/700/2214 1674/701/2215 1673/702/2216
f 1670/698/2217 1673/702/2218 1556/578/2219 1557/582/2220
f 1673/702/2221 1674/701/2222 1676/703/2223 1675/704/2224
f 1673/702/2225 1675/704/2226 1555/579/2227 1556/578/2228
f 1675/704/2229 1676/703/2230 1564/590/2231 1565/589/2232
f 1675/704/2233 1565/589/2234 1538/562/2235 1555/579/2236
f 1676/703/2237 1674/701/2238 1678/705/2239 1677/706/2240
f 1676/703/2241 1677/706/2242 1568/591/2243 1564/590/2244
f 1677/706/2245 1678/705/2246 1680/707/2247 1679/708/2248
f 1677/706/2249 1679/708/2250 1681/709/2251 1568/591/2252
f 1681/709/2253 1679/708/2254 1182/207/2255 1183/206/2256
f 1681/709/2257 1183/206/2258 1184/209/2259 1682/710/2260
f 1681/709/2261 1682/710/2262 1567/592/2263 1568/591/2264
f 1682/710/2265 1184/209/2266 1186/210/2267 1488/511/2268
f 1682/710/2269 1488/511/2270 1484/510/2271 1567/592/2272
f 1186/210/2273 1064/88/2274 1487/512/2275 1488/511/2276
f 1182/207/2277 1679/708/2278 1680/707/2279 1187/211/2280
f 1187/211/2281 1680/707/2282 1683/711/2283 1189/212/2284
f 1189/212/2285 1683/711/2286 1684/712/2287 1191/214/2288
f 1191/214/2289 1684/712/2290 1685/713/2291 1193/216/2292
f 1193/216/2293 1685/713/2294 1686/714/2295 1195/218/2296
f 1195/218/2297 1686/714/2298 1687/715/2299 1197/220/2300
f 1197/220/2301 1687/715/2302 1688/716/2303 1199/222/2304
f 1199/222/2305 1688/716/2306 1689/717/2307 1201/224/2308
f 1201/224/2309 1689/717/2310 1690/718/2311 1203/226/2312
f 1203/226/2313 1690/718/2314 1691/719/2315 1205/228/2316
f 1205/228/2317 1691/719/2318 1692/720/2319 1207/230/2320
f 1207/230/2321 1692/720/2322 1693/721/2323 1209/232/2324
f 1209/232/2325 1693/721/2326 1694/722/2327 1211/234/2328
f 1695/723/2329 1698/724/2330 1697/725/2331 1696/726/2332
f 1695/723/2333 1696/726/2334 1700/727/2335 1699/728/2336
f 1700/727/2337 1702/729/2338 1701/730/2339 1699/728/2340
f 1700/727/2341 1696/726/2342 1704/731/2343 1703/732/2344
f 1700/727/2345 1703/732/2346 1705/733/2347 1702/729/2348
f 1705/733/2349 1707/734/2350 1706/735/2351 1702/729/2352
f 1705/733/2353 1703/732/2354 1709/736/2355 1708/737/2356
f 1705/733/2357 1708/737/2358 1710/738/2359 1707/734/2360
f 1710/738/2361 1712/739/2362 1711/740/2363 1707/734/2364
f 1710/738/2365 1708/737/2366 1714/741/2367 1713/742/2368
f 1710/738/2369 1713/742/2370 1715/743/2371 1712/739/2372
f 1715/743/2373 1518/543/2374 1519/542/2375 1712/739/2376
f 1715/743/2377 1713/742/2378 1717/744/2379 1716/745/2380
f 1715/743/2381 1716/745/2382 1718/746/2383 1518/543/2384
f 1718/746/2385 1719/747/2386 1512/536/2387 1518/543/2388
f 1718/746/2389 1716/745/2390 1721/748/2391 1720/749/2392
f 1718/746/2393 1720/749/2394 1722/750/2395 1719/747/2396
f 1722/750/2397 1724/751/2398 1723/752/2399 1719/747/2400
f 1722/750/2401 1720/749/2402 1654/681/2403 1725/753/2404
f 1722/750/2405 1725/753/2406 1726/754/2407 1724/751/2408
f 1726/754/2409 1728/755/2410 1727/756/2411 1724/751/2412
f 1726/754/2413 1725/753/2414 1651/678/2415 1729/757/2416
f 1726/754/2417 1729/757/2418 1730/758/2419 1728/755/2420
f 1730/758/2421 1732/759/2422 1731/760/2423 1728/755/2424
f 1730/758/2425 1729/757/2426 1645/672/2427 1643/670/2428
f 1730/758/2429 1643/670/2430 1641/668/2431 1732/759/2432
f 1731/760/2433 1735/761/2434 1734/762/2435 1733/763/2436
f 1731/760/2437 1733/763/2438 1727/756/2439 1728/755/2440
f 1731/760/2441 1732/759/2442 1637/664/2443 1735/761/2444
f 1733/763/2445 1734/762/2446 1737/764/2447 1736/765/2448
f 1733/763/2449 1736/765/2450 1738/766/2451 1727/756/2452
f 1738/766/2453 1736/765/2454 1740/767/2455 1739/768/2456
f 1738/766/2457 1739/768/2458 1517/540/2459 1723/752/2460
f 1738/766/2461 1723/752/2462 1724/751/2463 1727/756/2464
f 1739/768/2465 1740/767/2466 1742/769/2467 1741/770/2468
f 1739/768/2469 1741/770/2470 1516/541/2471 1517/540/2472
f 1741/770/2473 1742/769/2474 1744/771/2475 1743/772/2476
f 1741/770/2477 1743/772/2478 1745/773/2479 1516/541/2480
f 1745/773/2481 1743/772/2482 1747/774/2483 1746/775/2484
f 1745/773/2485 1746/775/2486 1749/776/2487 1748/777/2488
f 1745/773/2489 1748/777/2490 1515/537/2491 1516/541/2492
f 1748/777/2493 1749/776/2494 1751/778/2495 1750/779/2496
f 1748/777/2497 1750/779/2498 1514/538/2499 1515/537/2500
f 1750/779/2501 1751/778/2502 1753/780/2503 1752/781/2504
f 1750/779/2505 1752/781/2506 1754/782/2507 1514/538/2508
f 1754/782/2509 1752/781/2510 1756/783/2511 1755/784/2512
f 1754/782/2513 1755/784/2514 1758/785/2515 1757/786/2516
f 1754/782/2517 1757/786/2518 1513/539/2519 1514/538/2520
f 1757/786/2521 1758/785/2522 1760/787/2523 1759/788/2524
f 1757/786/2525 1759/788/2526 1519/542/2527 1513/539/2528
f 1759/788/2529 1760/787/2530 1761/789/2531 1711/740/2532
f 1759/788/2533 1711/740/2534 1712/739/2535 1519/542/2536
f 1761/789/2537 1760/787/2538 1763/790/2539 1762/791/2540
f 1761/789/2541 1762/791/2542 1764/792/2543 1706/735/2544
f 1761/789/2545 1706/735/2546 1707/734/2547 1711/740/2548
f 1764/792/2549 1701/730/2550 1702/729/2551 1706/735/2552
f 1283/793/2553 1766/794/2554 1765/795/2555 1285/796/2556
f 1285/796/2557 1765/795/2558 1767/797/2559 1287/798/2560
f 1287/798/2561 1767/797/2562 1768/799/2563 1289/800/2564
f 1289/800/2565 1768/799/2566 1769/801/2567 1291/802/2568
f 1291/802/2569 1769/801/2570 1770/803/2571 1293/804/2572
f 1293/804/2573 1770/803/2574 1771/805/2575 1295/806/2576
f 1295/806/2577 1771/805/2578 1772/807/2579 1297/808/2580
f 1297/808/2581 1772/807/2582 1773/809/2583 1299/810/2584
f 1299/810/2585 1773/809/2586 1774/811/2587 1301/812/2588
f 1301/812/2589 1774/811/2590 1775/813/2591 1303/814/2592
f 1303/814/2593 1775/813/2594 1776/815/2595 1305/816/2596
f 1305/816/2597 1776/815/2598 1777/817/2599 1307/818/2600
f 1307/818/2601 1777/817/2602 1495/518/2603 1067/595/2604
f 1777/817/2605 1776/815/2606 1525/549/2607 1778/819/2608
f 1777/817/2609 1778/819/2610 1494/519/2611 1495/518/2612
f 1778/819/2613 1525/549/2614 1526/548/2615 1779/820/2616
f 1778/819/2617 1779/820/2618 1496/520/2619 1494/519/2620
f 1779/820/2621 1526/548/2622 1571/599/2623 1780/821/2624
f 1779/820/2625 1780/821/2626 1781/822/2627 1496/520/2628
f 1781/822/2629 1782/823/2630 1493/515/2631 1496/520/2632
f 1782/823/2633 1569/597/2634 1492/516/2635 1493/515/2636
f 1776/815/2637 1775/813/2638 1524/550/2639 1525/549/2640
f 1775/813/2641 1774/811/2642 1527/551/2643 1524/550/2644
f 1774/811/2645 1773/809/2646 1783/824/2647 1527/551/2648
f 1783/824/2649 1773/809/2650 1772/807/2651 1784/825/2652
f 1783/824/2653 1784/825/2654 1786/826/2655 1785/827/2656
f 1783/824/2657 1785/827/2658 1523/545/2659 1527/551/2660
f 1785/827/2661 1786/826/2662 1788/828/2663 1787/829/2664
f 1785/827/2665 1787/829/2666 1522/546/2667 1523/545/2668
f 1787/829/2669 1788/828/2670 1790/830/2671 1789/831/2672
f 1787/829/2673 1789/831/2674 1791/832/2675 1522/546/2676
f 1791/832/2677 1789/831/2678 1793/833/2679 1792/834/2680
f 1791/832/2681 1792/834/2682 1576/603/2683 1574/601/2684
f 1791/832/2685 1574/601/2686 1521/547/2687 1522/546/2688
f 1792/834/2689 1793/833/2690 1795/835/2691 1794/836/2692
f 1792/834/2693 1794/836/2694 1578/605/2695 1576/603/2696
f 1794/836/2697 1795/835/2698 1796/837/2699 1584/611/2700
f 1794/836/2701 1584/611/2702 1580/607/2703 1578/605/2704
f 1796/837/2705 1795/835/2706 1798/838/2707 1797/839/2708
f 1796/837/2709 1797/839/2710 1799/840/2711 1587/614/2712
f 1796/837/2713 1587/614/2714 1583/612/2715 1584/611/2716
f 1799/840/2717 1797/839/2718 1801/841/2719 1800/842/2720
f 1799/840/2721 1800/842/2722 1802/843/2723 1591/618/2724
f 1799/840/2725 1591/618/2726 1586/615/2727 1587/614/2728
f 1802/843/2729 1800/842/2730 1804/844/2731 1803/845/2732
f 1802/843/2733 1803/845/2734 1805/846/2735 1595/622/2736
f 1802/843/2737 1595/622/2738 1590/619/2739 1591/618/2740
f 1805/846/2741 1803/845/2742 1504/528/2743 1510/535/2744
f 1805/846/2745 1510/535/2746 1806/847/2747 1600/627/2748
f 1805/846/2749 1600/627/2750 1594/623/2751 1595/622/2752
f 1806/847/2753 1605/632/2754 1599/628/2755 1600/627/2756
f 1806/847/2757 1510/535/2758 1511/534/2759 1807/848/2760
f 1806/847/2761 1807/848/2762 1808/849/2763 1605/632/2764
f 1808/849/2765 1610/637/2766 1604/633/2767 1605/632/2768
f 1808/849/2769 1807/848/2770 1810/850/2771 1809/851/2772
f 1808/849/2773 1809/851/2774 1811/852/2775 1610/637/2776
f 1811/852/2777 1615/642/2778 1609/638/2779 1610/637/2780
f 1811/852/2781 1809/851/2782 1813/853/2783 1812/854/2784
f 1811/852/2785 1812/854/2786 1814/855/2787 1615/642/2788
f 1814/855/2789 1618/645/2790 1614/643/2791 1615/642/2792
f 1814/855/2793 1812/854/2794 1816/856/2795 1815/857/2796
f 1814/855/2797 1815/857/2798 1620/647/2799 1618/645/2800
f 1815/857/2801 1816/856/2802 1818/858/2803 1817/859/2804
f 1815/857/2805 1817/859/2806 1622/649/2807 1620/647/2808
f 1817/859/2809 1818/858/2810 1820/860/2811 1819/861/2812
f 1817/859/2813 1819/861/2814 1624/651/2815 1622/649/2816
f 1819/861/2817 1820/860/2818 1737/764/2819 1821/862/2820
f 1819/861/2821 1821/862/2822 1626/653/2823 1624/651/2824
f 1821/862/2825 1737/764/2826 1734/762/2827 1822/863/2828
f 1821/862/2829 1822/863/2830 1628/655/2831 1626/653/2832
f 1822/863/2833 1734/762/2834 1735/761/2835 1634/661/2836
f 1822/863/2837 1634/661/2838 1630/657/2839 1628/655/2840
f 1820/860/2841 1818/858/2842 1742/769/2843 1740/767/2844
f 1820/860/2845 1740/767/2846 1736/765/2847 1737/764/2848
f 1818/858/2849 1816/856/2850 1744/771/2851 1742/769/2852
f 1816/856/2853 1812/854/2854 1813/853/2855 1744/771/2856
f 1813/853/2857 1809/851/2858 1810/850/2859 1747/774/2860
f 1813/853/2861 1747/774/2862 1743/772/2863 1744/771/2864
f 1810/850/2865 1807/848/2866 1511/534/2867 1823/864/2868
f 1810/850/2869 1823/864/2870 1746/775/2871 1747/774/2872
f 1823/864/2873 1511/534/2874 1508/533/2875 1824/865/2876
f 1823/864/2877 1824/865/2878 1749/776/2879 1746/775/2880
f 1824/865/2881 1508/533/2882 1509/532/2883 1825/866/2884
f 1824/865/2885 1825/866/2886 1751/778/2887 1749/776/2888
f 1825/866/2889 1509/532/2890 1827/867/2891 1826/868/2892
f 1825/866/2893 1826/868/2894 1753/780/2895 1751/778/2896
f 1826/868/2897 1827/867/2898 1829/869/2899 1828/870/2900
f 1826/868/2901 1828/870/2902 1830/871/2903 1753/780/2904
f 1830/871/2905 1828/870/2906 1832/872/2907 1831/873/2908
f 1830/871/2909 1831/873/2910 1833/874/2911 1756/783/2912
f 1830/871/2913 1756/783/2914 1752/781/2915 1753/780/2916
f 1833/874/2917 1834/875/2918 1755/784/2919 1756/783/2920
f 1834/875/2921 1835/876/2922 1758/785/2923 1755/784/2924
f 1835/876/2925 1763/790/2926 1760/787/2927 1758/785/2928
f 1836/877/2929 1832/872/2930 1828/870/2931 1829/869/2932
f 1836/877/2933 1829/869/2934 1838/878/2935 1837/879/2936
f 1838/878/2937 1840/880/2938 1839/881/2939 1837/879/2940
f 1838/878/2941 1829/869/2942 1827/867/2943 1841/882/2944
f 1838/878/2945 1841/882/2946 1842/883/2947 1840/880/2948
f 1842/883/2949 1844/884/2950 1843/885/2951 1840/880/2952
f 1842/883/2953 1841/882/2954 1505/531/2955 1506/530/2956
f 1842/883/2957 1506/530/2958 1845/886/2959 1844/884/2960
f 1845/886/2961 1847/887/2962 1846/888/2963 1844/884/2964
f 1845/886/2965 1506/530/2966 1507/529/2967 1848/889/2968
f 1845/886/2969 1848/889/2970 1849/890/2971 1847/887/2972
f 1849/890/2973 1851/891/2974 1850/892/2975 1847/887/2976
f 1849/890/2977 1848/889/2978 1853/893/2979 1852/894/2980
f 1849/890/2981 1852/894/2982 1854/895/2983 1851/891/2984
f 1854/895/2985 1856/896/2986 1855/897/2987 1851/891/2988
f 1854/895/2989 1852/894/2990 1858/898/2991 1857/899/2992
f 1854/895/2993 1857/899/2994 1859/900/2995 1856/896/2996
f 1859/900/2997 1861/901/2998 1860/902/2999 1856/896/3000
f 1859/900/3001 1857/899/3002 1862/903/3003 1790/830/3004
f 1859/900/3005 1790/830/3006 1788/828/3007 1861/901/3008
f 1862/903/3009 1857/899/3010 1858/898/3011 1798/838/3012
f 1862/903/3013 1798/838/3014 1795/835/3015 1793/833/3016
f 1862/903/3017 1793/833/3018 1789/831/3019 1790/830/3020
f 1860/902/3021 1865/904/3022 1864/905/3023 1863/906/3024
f 1860/902/3025 1863/906/3026 1855/897/3027 1856/896/3028
f 1860/902/3029 1861/901/3030 1866/907/3031 1865/904/3032
f 1866/907/3033 1868/908/3034 1867/909/3035 1865/904/3036
f 1866/907/3037 1861/901/3038 1788/828/3039 1786/826/3040
f 1866/907/3041 1786/826/3042 1784/825/3043 1868/908/3044
f 1867/909/3045 1770/803/3046 1769/801/3047 1869/910/3048
f 1867/909/3049 1869/910/3050 1864/905/3051 1865/904/3052
f 1867/909/3053 1868/908/3054 1771/805/3055 1770/803/3056
f 1869/910/3057 1769/801/3058 1768/799/3059 1870/911/3060
f 1869/910/3061 1870/911/3062 1871/912/3063 1864/905/3064
f 1871/912/3065 1870/911/3066 1873/913/3067 1872/914/3068
f 1871/912/3069 1872/914/3070 1875/915/3071 1874/916/3072
f 1871/912/3073 1874/916/3074 1863/906/3075 1864/905/3076
f 1874/916/3077 1875/915/3078 1877/917/3079 1876/918/3080
f 1874/916/3081 1876/918/3082 1855/897/3083 1863/906/3084
f 1876/918/3085 1877/917/3086 1878/919/3087 1850/892/3088
f 1876/918/3089 1850/892/3090 1851/891/3091 1855/897/3092
f 1878/919/3093 1877/917/3094 1880/920/3095 1879/921/3096
f 1878/919/3097 1879/921/3098 1881/922/3099 1846/888/3100
f 1878/919/3101 1846/888/3102 1847/887/3103 1850/892/3104
f 1881/922/3105 1879/921/3106 1883/923/3107 1882/924/3108
f 1881/922/3109 1882/924/3110 1884/925/3111 1843/885/3112
f 1881/922/3113 1843/885/3114 1844/884/3115 1846/888/3116
f 1884/925/3117 1839/881/3118 1840/880/3119 1843/885/3120
f 1885/926/3121 1883/923/3122 1879/921/3123 1880/920/3124
f 1885/926/3125 1880/920/3126 1887/927/3127 1886/928/3128
f 1887/927/3129 1889/929/3130 1888/930/3131 1886/928/3132
f 1887/927/3133 1880/920/3134 1877/917/3135 1875/915/3136
f 1887/927/3137 1875/915/3138 1872/914/3139 1889/929/3140
f 1888/930/3141 1889/929/3142 1891/931/3143 1890/932/3144
f 1891/931/3145 1765/795/3146 1766/794/3147 1890/932/3148
f 1891/931/3149 1889/929/3150 1872/914/3151 1873/913/3152
f 1891/931/3153 1873/913/3154 1767/797/3155 1765/795/3156
f 1873/913/3157 1870/911/3158 1768/799/3159 1767/797/3160
f 1868/908/3161 1784/825/3162 1772/807/3163 1771/805/3164
f 1858/898/3165 1852/894/3166 1853/893/3167 1801/841/3168
f 1858/898/3169 1801/841/3170 1797/839/3171 1798/838/3172
f 1853/893/3173 1848/889/3174 1507/529/3175 1804/844/3176
f 1853/893/3177 1804/844/3178 1800/842/3179 1801/841/3180
f 1841/882/3181 1827/867/3182 1509/532/3183 1505/531/3184
f 1803/845/3185 1804/844/3186 1507/529/3187 1504/528/3188
f 1735/761/3189 1637/664/3190 1633/662/3191 1634/661/3192
f 1732/759/3193 1641/668/3194 1636/665/3195 1637/664/3196
f 1729/757/3197 1651/678/3198 1647/674/3199 1645/672/3200
f 1725/753/3201 1654/681/3202 1650/679/3203 1651/678/3204
f 1723/752/3205 1517/540/3206 1512/536/3207 1719/747/3208
f 1720/749/3209 1721/748/3210 1653/682/3211 1654/681/3212
f 1721/748/3213 1716/745/3214 1717/744/3215 1892/933/3216
f 1721/748/3217 1892/933/3218 1656/683/3219 1653/682/3220
f 1892/933/3221 1717/744/3222 1894/934/3223 1893/935/3224
f 1892/933/3225 1893/935/3226 1658/685/3227 1656/683/3228
f 1893/935/3229 1894/934/3230 1896/936/3231 1895/937/3232
f 1893/935/3233 1895/937/3234 1660/687/3235 1658/685/3236
f 1895/937/3237 1896/936/3238 1898/938/3239 1897/939/3240
f 1895/937/3241 1897/939/3242 1899/940/3243 1660/687/3244
f 1899/940/3245 1897/939/3246 1901/941/3247 1900/942/3248
f 1899/940/3249 1900/942/3250 1902/943/3251 1663/690/3252
f 1899/940/3253 1663/690/3254 1659/688/3255 1660/687/3256
f 1902/943/3257 1900/942/3258 1904/944/3259 1903/945/3260
f 1902/943/3261 1903/945/3262 1669/696/3263 1667/694/3264
f 1902/943/3265 1667/694/3266 1662/691/3267 1663/690/3268
f 1903/945/3269 1904/944/3270 1906/946/3271 1905/947/3272
f 1903/945/3273 1905/947/3274 1907/948/3275 1669/696/3276
f 1907/948/3277 1905/947/3278 1909/949/3279 1908/950/3280
f 1907/948/3281 1908/950/3282 1910/951/3283 1672/699/3284
f 1907/948/3285 1672/699/3286 1668/697/3287 1669/696/3288
f 1910/951/3289 1908/950/3290 1685/713/3291 1684/712/3292
f 1910/951/3293 1684/712/3294 1683/711/3295 1911/952/3296
f 1910/951/3297 1911/952/3298 1671/700/3299 1672/699/3300
f 1911/952/3301 1683/711/3302 1680/707/3303 1678/705/3304
f 1911/952/3305 1678/705/3306 1674/701/3307 1671/700/3308
f 1908/950/3309 1909/949/3310 1686/714/3311 1685/713/3312
f 1909/949/3313 1905/947/3314 1906/946/3315 1912/953/3316
f 1909/949/3317 1912/953/3318 1687/715/3319 1686/714/3320
f 1912/953/3321 1906/946/3322 1914/954/3323 1913/955/3324
f 1912/953/3325 1913/955/3326 1688/716/3327 1687/715/3328
f 1913/955/3329 1914/954/3330 1916/956/3331 1915/957/3332
f 1913/955/3333 1915/957/3334 1689/717/3335 1688/716/3336
f 1915/957/3337 1916/956/3338 1918/958/3339 1917/959/3340
f 1915/957/3341 1917/959/3342 1690/718/3343 1689/717/3344
f 1917/959/3345 1918/958/3346 1920/960/3347 1919/961/3348
f 1917/959/3349 1919/961/3350 1691/719/3351 1690/718/3352
f 1919/961/3353 1920/960/3354 1922/962/3355 1921/963/3356
f 1919/961/3357 1921/963/3358 1692/720/3359 1691/719/3360
f 1921/963/3361 1922/962/3362 1924/964/3363 1923/965/3364
f 1921/963/3365 1923/965/3366 1693/721/3367 1692/720/3368
f 1923/965/3369 1924/964/3370 1926/966/3371 1925/967/3372
f 1923/965/3373 1925/967/3374 1694/722/3375 1693/721/3376
f 1926/966/3377 1924/964/3378 1928/968/3379 1927/969/3380
f 1928/968/3381 1697/725/3382 1698/724/3383 1927/969/3384
f 1928/968/3385 1924/964/3386 1922/962/3387 1929/970/3388
f 1928/968/3389 1929/970/3390 1930/971/3391 1697/725/3392
f 1930/971/3393 1704/731/3394 1696/726/3395 1697/725/3396
f 1930/971/3397 1929/970/3398 1932/972/3399 1931/973/3400
f 1930/971/3401 1931/973/3402 1933/974/3403 1704/731/3404
f 1933/974/3405 1709/736/3406 1703/732/3407 1704/731/3408
f 1933/974/3409 1931/973/3410 1935/975/3411 1934/976/3412
f 1933/974/3413 1934/976/3414 1936/977/3415 1709/736/3416
f 1936/977/3417 1714/741/3418 1708/737/3419 1709/736/3420
f 1936/977/3421 1934/976/3422 1898/938/3423 1896/936/3424
f 1936/977/3425 1896/936/3426 1894/934/3427 1714/741/3428
f 1934/976/3429 1935/975/3430 1937/978/3431 1898/938/3432
f 1937/978/3433 1935/975/3434 1939/979/3435 1938/980/3436
f 1937/978/3437 1938/980/3438 1940/981/3439 1901/941/3440
f 1937/978/3441 1901/941/3442 1897/939/3443 1898/938/3444
f 1940/981/3445 1938/980/3446 1916/956/3447 1914/954/3448
f 1940/981/3449 1914/954/3450 1906/946/3451 1904/944/3452
f 1940/981/3453 1904/944/3454 1900/942/3455 1901/941/3456
f 1938/980/3457 1939/979/3458 1918/958/3459 1916/956/3460
f 1939/979/3461 1935/975/3462 1931/973/3463 1932/972/3464
f 1939/979/3465 1932/972/3466 1920/960/3467 1918/958/3468
f 1932/972/3469 1929/970/3470 1922/962/3471 1920/960/3472
f 1894/934/3473 1717/744/3474 1713/742/3475 1714/741/3476
f 1612/641/3477 1941/982/3478 1607/636/3479 1608/635/3480
f 1941/982/3481 1943/983/3482 1942/984/3483 1607/636/3484
f 1942/984/3485 1943/983/3486 1945/985/3487 1944/986/3488
f 1942/984/3489 1944/986/3490 1946/987/3491 1602/631/3492
f 1942/984/3493 1602/631/3494 1603/630/3495 1607/636/3496
f 1946/987/3497 1944/986/3498 1948/988/3499 1947/989/3500
f 1946/987/3501 1947/989/3502 1502/525/3503 1597/626/3504
f 1946/987/3505 1597/626/3506 1598/625/3507 1602/631/3508
f 1947/989/3509 1948/988/3510 1950/990/3511 1949/991/3512
f 1947/989/3513 1949/991/3514 1501/526/3515 1502/525/3516
f 1949/991/3517 1950/990/3518 1542/566/3519 1543/565/3520
f 1949/991/3521 1543/565/3522 1503/527/3523 1501/526/3524
f 1950/990/3525 1951/992/3526 1548/572/3527 1542/566/3528
f 1950/990/3529 1948/988/3530 1952/993/3531 1951/992/3532
f 1952/993/3533 1948/988/3534 1944/986/3535 1945/985/3536
f 1597/626/3537 1502/525/3538 1498/524/3539 1593/621/3540
f 1565/589/3541 1566/588/3542 1537/563/3543 1538/562/3544
f 1562/586/3545 1530/554/3546 1559/584/3547 1560/583/3548
f 1554/580/3549 1555/579/3550 1538/562/3551 1539/561/3552
f 1/994/3553 7/995/3554 8/996/3555 9/997/3556
f 1/994/3557 9/997/3558 10/998/3559 11/999/3560
f 1/994/3561 11/999/3562 12/1000/3563 7/995/3564
f 2/1001/3565 13/1002/3566 14/1003/3567 15/1004/3568
f 2/1001/3569 15/1004/3570 16/1005/3571 17/1006/3572
f 2/1001/3573 17/1006/3574 18/1007/3575 13/1002/3576
f 3/1008/3577 19/1009/3578 20/1010/3579 21/1011/3580
f 3/1008/3581 21/1011/3582 22/1012/3583 23/1013/3584
f 3/1008/3585 23/1013/3586 24/1014/3587 19/1009/3588
f 4/1015/3589 25/1016/3590 26/1017/3591 27/1018/3592
f 4/1015/3593 27/1018/3594 28/1019/3595 29/1020/3596
f 4/1015/3597 29/1020/3598 30/1021/3599 31/1022/3600
f 5/1023/3601 32/1024/3602 33/1025/3603 34/1026/3604
f 5/1023/3605 35/1027/3606 36/1028/3607 32/1024/3608
f 5/1023/3609 34/1026/3610 37/1029/3611 38/1030/3612
f 6/1031/3613 39/1032/3614 40/1033/3615 41/1034/3616
f 6/1031/3617 42/1035/3618 43/1036/3619 44/1037/3620
f 6/1031/3621 44/1037/3622 45/1038/3623 39/1032/3624
f 46/1039/3625 58/1040/3626 59/1041/3627 60/1042/3628
f 46/1039/3629 61/1043/3630 62/1044/3631 58/1040/3632
f 46/1039/3633 63/1045/3634 64/1046/3635 61/1043/3636
f 47/1047/3637 65/1048/3638 66/1049/3639 67/1050/3640
f 48/1051/3641 68/1052/3642 69/1053/3643 70/1054/3644
f 48/1051/3645 71/1055/3646 24/1014/3647 68/1052/3648
f 48/1051/3649 72/1056/3650 73/1057/3651 71/1055/3652
f 49/1058/3653 70/1054/3654 69/1053/3655 74/1059/3656
f 50/1060/3657 75/1061/3658 76/1062/3659 77/1063/3660
f 51/1064/3661 78/1065/3662 79/1066/3663 80/1067/3664
f 51/1064/3665 81/1068/3666 82/1069/3667 78/1065/3668
f 51/1064/3669 83/1070/3670 84/1071/3671 81/1068/3672
f 52/1072/3673 60/1042/3674 59/1041/3675 85/1073/3676
f 53/1074/3677 86/1075/3678 87/1076/3679 88/1077/3680
f 53/1074/3681 88/1077/3682 89/1078/3683 90/1079/3684
f 53/1074/3685 90/1079/3686 9/997/3687 8/996/3688
f 54/1080/3689 12/1000/3690 11/999/3691 91/1081/3692
f 55/1082/3693 15/1004/3694 14/1003/3695 92/1083/3696
f 55/1082/3697 93/1084/3698 16/1005/3699 15/1004/3700
f 56/1085/3701 92/1083/3702 14/1003/3703 94/1086/3704
f 57/1087/3705 95/1088/3706 42/1035/3707 6/1031/3708
f 57/1087/3709 6/1031/3710 41/1034/3711 96/1089/3712
f 96/1089/3713 41/1034/3714 97/1090/3715 98/1091/3716
f 98/1091/3717 97/1090/3718 99/1092/3719 100/1093/3720
f 100/1093/3721 99/1092/3722 101/1094/3723 102/1095/3724
f 102/1095/3725 101/1094/3726 103/1096/3727 104/1097/3728
f 104/1097/3729 103/1096/3730 105/1098/3731 106/1099/3732
f 106/1099/3733 105/1098/3734 73/1057/3735 72/1056/3736
f 105/1098/3737 103/1096/3738 107/1100/3739 108/1101/3740
f 105/1098/3741 108/1101/3742 109/1102/3743 73/1057/3744
f 109/1102/3745 108/1101/3746 110/1103/3747 111/1104/3748
f 109/1102/3749 111/1104/3750 112/1105/3751 113/1106/3752
f 109/1102/3753 113/1106/3754 71/1055/3755 73/1057/3756
f 113/1106/3757 112/1105/3758 20/1010/3759 19/1009/3760
f 113/1106/3761 19/1009/3762 24/1014/3763 71/1055/3764
f 112/1105/3765 111/1104/3766 114/1107/3767 115/1108/3768
f 112/1105/3769 115/1108/3770 116/1109/3771 20/1010/3772
f 116/1109/3773 117/1110/3774 21/1011/3775 20/1010/3776
f 116/1109/3777 115/1108/3778 118/1111/3779 119/1112/3780
f 116/1109/3781 119/1112/3782 120/1113/3783 117/1110/3784
f 120/1113/3785 121/1114/3786 122/1115/3787 117/1110/3788
f 120/1113/3789 119/1112/3790 123/1116/3791 124/1117/3792
f 120/1113/3793 124/1117/3794 125/1118/3795 121/1114/3796
f 125/1118/3797 126/1119/3798 127/1120/3799 121/1114/3800
f 125/1118/3801 124/1117/3802 128/1121/3803 129/1122/3804
f 125/1118/3805 129/1122/3806 130/1123/3807 126/1119/3808
f 130/1123/3809 131/1124/3810 132/1125/3811 126/1119/3812
f 130/1123/3813 129/1122/3814 133/1126/3815 134/1127/3816
f 130/1123/3817 134/1127/3818 135/1128/3819 131/1124/3820
f 135/1128/3821 136/1129/3822 137/1130/3823 131/1124/3824
f 135/1128/3825 134/1127/3826 138/1131/3827 139/1132/3828
f 135/1128/3829 139/1132/3830 140/1133/3831 136/1129/3832
f 140/1133/3833 139/1132/3834 141/1134/3835 142/1135/3836
f 142/1135/3837 141/1134/3838 143/1136/3839 144/1137/3840
f 144/1137/3841 143/1136/3842 145/1138/3843 146/1139/3844
f 146/1139/3845 145/1138/3846 147/1140/3847 148/1141/3848
f 148/1141/3849 147/1140/3850 149/1142/3851 150/1143/3852
f 150/1143/3853 149/1142/3854 151/1144/3855 152/1145/3856
f 152/1145/3857 151/1144/3858 153/1146/3859 154/1147/3860
f 154/1147/3861 153/1146/3862 155/1148/3863 156/1149/3864
f 156/1149/3865 155/1148/3866 76/1062/3867 75/1061/3868
f 155/1148/3869 153/1146/3870 157/1150/3871 158/1151/3872
f 155/1148/3873 158/1151/3874 159/1152/3875 76/1062/3876
f 159/1152/3877 158/1151/3878 160/1153/3879 161/1154/3880
f 159/1152/3881 161/1154/3882 162/1155/3883 163/1156/3884
f 159/1152/3885 163/1156/3886 77/1063/3887 76/1062/3888
f 162/1155/3889 161/1154/3890 164/1157/3891 165/1158/3892
f 165/1158/3893 164/1157/3894 166/1159/3895 167/1160/3896
f 167/1160/3897 166/1159/3898 168/1161/3899 169/1162/3900
f 169/1162/3901 168/1161/3902 170/1163/3903 171/1164/3904
f 171/1164/3905 170/1163/3906 172/1165/3907 173/1166/3908
f 173/1166/3909 172/1165/3910 64/1046/3911 63/1045/3912
f 172/1165/3913 170/1163/3914 174/1167/3915 175/1168/3916
f 172/1165/3917 175/1168/3918 176/1169/3919 64/1046/3920
f 176/1169/3921 175/1168/3922 177/1170/3923 178/1171/3924
f 176/1169/3925 178/1171/3926 179/1172/3927 180/1173/3928
f 176/1169/3929 180/1173/3930 61/1043/3931 64/1046/3932
f 180/1173/3933 179/1172/3934 181/1174/3935 182/1175/3936
f 180/1173/3937 182/1175/3938 62/1044/3939 61/1043/3940
f 182/1175/3941 181/1174/3942 183/1176/3943 184/1177/3944
f 182/1175/3945 184/1177/3946 185/1178/3947 62/1044/3948
f 185/1178/3949 184/1177/3950 186/1179/3951 187/1180/3952
f 185/1178/3953 187/1180/3954 188/1181/3955 189/1182/3956
f 185/1178/3957 189/1182/3958 58/1040/3959 62/1044/3960
f 189/1182/3961 188/1181/3962 81/1068/3963 84/1071/3964
f 189/1182/3965 84/1071/3966 59/1041/3967 58/1040/3968
f 188/1181/3969 187/1180/3970 190/1183/3971 191/1184/3972
f 188/1181/3973 191/1184/3974 82/1069/3975 81/1068/3976
f 191/1184/3977 190/1183/3978 192/1185/3979 193/1186/3980
f 191/1184/3981 193/1186/3982 194/1187/3983 82/1069/3984
f 194/1187/3985 193/1186/3986 195/1188/3987 196/1189/3988
f 194/1187/3989 196/1189/3990 197/1190/3991 198/1191/3992
f 194/1187/3993 198/1191/3994 78/1065/3995 82/1069/3996
f 198/1191/3997 197/1190/3998 199/1192/3999 200/1193/4000
f 198/1191/4001 200/1193/4002 79/1066/4003 78/1065/4004
f 200/1193/4005 199/1192/4006 88/1077/4007 87/1076/4008
f 200/1193/4009 87/1076/4010 66/1049/4011 79/1066/4012
f 199/1192/4013 197/1190/4014 201/1194/4015 202/1195/4016
f 199/1192/4017 202/1195/4018 89/1078/4019 88/1077/4020
f 202/1195/4021 201/1194/4022 203/1196/4023 204/1197/4024
f 202/1195/4025 204/1197/4026 205/1198/4027 89/1078/4028
f 205/1198/4029 204/1197/4030 206/1199/4031 207/1200/4032
f 205/1198/4033 207/1200/4034 208/1201/4035 209/1202/4036
f 205/1198/4037 209/1202/4038 90/1079/4039 89/1078/4040
f 209/1202/4041 208/1201/4042 210/1203/4043 10/998/4044
f 209/1202/4045 10/998/4046 9/997/4047 90/1079/4048
f 210/1203/4049 91/1081/4050 11/999/4051 10/998/4052
f 206/1199/4053 204/1197/4054 203/1196/4055 211/1204/4056
f 211/1204/4057 203/1196/4058 212/1205/4059 213/1206/4060
f 213/1206/4061 212/1205/4062 214/1207/4063 215/1208/4064
f 215/1208/4065 214/1207/4066 216/1209/4067 217/1210/4068
f 217/1210/4069 216/1209/4070 218/1211/4071 219/1212/4072
f 219/1212/4073 218/1211/4074 220/1213/4075 221/1214/4076
f 221/1214/4077 220/1213/4078 222/1215/4079 223/1216/4080
f 223/1216/4081 222/1215/4082 224/1217/4083 225/1218/4084
f 225/1218/4085 224/1217/4086 226/1219/4087 227/1220/4088
f 227/1220/4089 226/1219/4090 228/1221/4091 229/1222/4092
f 229/1222/4093 228/1221/4094 230/1223/4095 231/1224/4096
f 231/1224/4097 230/1223/4098 232/1225/4099 233/1226/4100
f 233/1226/4101 232/1225/4102 234/1227/4103 235/1228/4104
f 238/1229/4105 237/1230/4106 240/1231/4107 241/1232/4108
f 238/1229/4109 241/1232/4110 242/1233/4111 239/1234/4112
f 242/1233/4113 243/1235/4114 244/1236/4115 239/1234/4116
f 242/1233/4117 241/1232/4118 245/1237/4119 246/1238/4120
f 242/1233/4121 246/1238/4122 247/1239/4123 243/1235/4124
f 247/1239/4125 248/1240/4126 249/1241/4127 243/1235/4128
f 247/1239/4129 246/1238/4130 250/1242/4131 251/1243/4132
f 247/1239/4133 251/1243/4134 252/1244/4135 248/1240/4136
f 252/1244/4137 253/1245/4138 254/1246/4139 248/1240/4140
f 252/1244/4141 251/1243/4142 255/1247/4143 256/1248/4144
f 252/1244/4145 256/1248/4146 257/1249/4147 253/1245/4148
f 257/1249/4149 38/1030/4150 37/1029/4151 253/1245/4152
f 257/1249/4153 256/1248/4154 258/1250/4155 259/1251/4156
f 257/1249/4157 259/1251/4158 260/1252/4159 38/1030/4160
f 260/1252/4161 261/1253/4162 5/1023/4163 38/1030/4164
f 260/1252/4165 259/1251/4166 262/1254/4167 263/1255/4168
f 260/1252/4169 263/1255/4170 264/1256/4171 261/1253/4172
f 264/1256/4173 265/1257/4174 266/1258/4175 261/1253/4176
f 264/1256/4177 263/1255/4178 177/1170/4179 267/1259/4180
f 264/1256/4181 267/1259/4182 268/1260/4183 265/1257/4184
f 268/1260/4185 269/1261/4186 270/1262/4187 265/1257/4188
f 268/1260/4189 267/1259/4190 174/1167/4191 271/1263/4192
f 268/1260/4193 271/1263/4194 272/1264/4195 269/1261/4196
f 272/1264/4197 273/1265/4198 274/1266/4199 269/1261/4200
f 272/1264/4201 271/1263/4202 168/1161/4203 166/1159/4204
f 272/1264/4205 166/1159/4206 164/1157/4207 273/1265/4208
f 274/1266/4209 275/1267/4210 276/1268/4211 277/1269/4212
f 274/1266/4213 277/1269/4214 270/1262/4215 269/1261/4216
f 274/1266/4217 273/1265/4218 160/1153/4219 275/1267/4220
f 277/1269/4221 276/1268/4222 278/1270/4223 279/1271/4224
f 277/1269/4225 279/1271/4226 280/1272/4227 270/1262/4228
f 280/1272/4229 279/1271/4230 281/1273/4231 282/1274/4232
f 280/1272/4233 282/1274/4234 35/1027/4235 266/1258/4236
f 280/1272/4237 266/1258/4238 265/1257/4239 270/1262/4240
f 282/1274/4241 281/1273/4242 283/1275/4243 284/1276/4244
f 282/1274/4245 284/1276/4246 36/1028/4247 35/1027/4248
f 284/1276/4249 283/1275/4250 285/1277/4251 286/1278/4252
f 284/1276/4253 286/1278/4254 287/1279/4255 36/1028/4256
f 287/1279/4257 286/1278/4258 288/1280/4259 289/1281/4260
f 287/1279/4261 289/1281/4262 290/1282/4263 291/1283/4264
f 287/1279/4265 291/1283/4266 32/1024/4267 36/1028/4268
f 291/1283/4269 290/1282/4270 292/1284/4271 293/1285/4272
f 291/1283/4273 293/1285/4274 33/1025/4275 32/1024/4276
f 293/1285/4277 292/1284/4278 294/1286/4279 295/1287/4280
f 293/1285/4281 295/1287/4282 296/1288/4283 33/1025/4284
f 296/1288/4285 295/1287/4286 297/1289/4287 298/1290/4288
f 296/1288/4289 298/1290/4290 299/1291/4291 300/1292/4292
f 296/1288/4293 300/1292/4294 34/1026/4295 33/1025/4296
f 300/1292/4297 299/1291/4298 301/1293/4299 302/1294/4300
f 300/1292/4301 302/1294/4302 37/1029/4303 34/1026/4304
f 302/1294/4305 301/1293/4306 303/1295/4307 254/1246/4308
f 302/1294/4309 254/1246/4310 253/1245/4311 37/1029/4312
f 303/1295/4313 301/1293/4314 304/1296/4315 305/1297/4316
f 303/1295/4317 305/1297/4318 306/1298/4319 249/1241/4320
f 303/1295/4321 249/1241/4322 248/1240/4323 254/1246/4324
f 306/1298/4325 244/1236/4326 243/1235/4327 249/1241/4328
f 308/1299/4329 307/1300/4330 309/1301/4331 310/1302/4332
f 310/1302/4333 309/1301/4334 311/1303/4335 312/1304/4336
f 312/1304/4337 311/1303/4338 313/1305/4339 314/1306/4340
f 314/1306/4341 313/1305/4342 315/1307/4343 316/1308/4344
f 316/1308/4345 315/1307/4346 317/1309/4347 318/1310/4348
f 318/1310/4349 317/1309/4350 319/1311/4351 320/1312/4352
f 320/1312/4353 319/1311/4354 321/1313/4355 322/1314/4356
f 322/1314/4357 321/1313/4358 323/1315/4359 324/1316/4360
f 324/1316/4361 323/1315/4362 325/1317/4363 326/1318/4364
f 326/1318/4365 325/1317/4366 327/1319/4367 328/1320/4368
f 328/1320/4369 327/1319/4370 329/1321/4371 330/1322/4372
f 330/1322/4373 329/1321/4374 331/1323/4375 332/1324/4376
f 332/1324/4377 331/1323/4378 16/1005/4379 93/1084/4380
f 331/1323/4381 329/1321/4382 43/1036/4383 333/1325/4384
f 331/1323/4385 333/1325/4386 17/1006/4387 16/1005/4388
f 333/1325/4389 43/1036/4390 42/1035/4391 334/1326/4392
f 333/1325/4393 334/1326/4394 18/1007/4395 17/1006/4396
f 334/1326/4397 42/1035/4398 95/1088/4399 335/1327/4400
f 334/1326/4401 335/1327/4402 336/1328/4403 18/1007/4404
f 336/1328/4405 337/1329/4406 13/1002/4407 18/1007/4408
f 337/1329/4409 94/1086/4410 14/1003/4411 13/1002/4412
f 329/1321/4413 327/1319/4414 44/1037/4415 43/1036/4416
f 327/1319/4417 325/1317/4418 45/1038/4419 44/1037/4420
f 325/1317/4421 323/1315/4422 338/1330/4423 45/1038/4424
f 338/1330/4425 323/1315/4426 321/1313/4427 339/1331/4428
f 338/1330/4429 339/1331/4430 340/1332/4431 341/1333/4432
f 338/1330/4433 341/1333/4434 39/1032/4435 45/1038/4436
f 341/1333/4437 340/1332/4438 342/1334/4439 343/1335/4440
f 341/1333/4441 343/1335/4442 40/1033/4443 39/1032/4444
f 343/1335/4445 342/1334/4446 344/1336/4447 345/1337/4448
f 343/1335/4449 345/1337/4450 346/1338/4451 40/1033/4452
f 346/1338/4453 345/1337/4454 347/1339/4455 348/1340/4456
f 346/1338/4457 348/1340/4458 99/1092/4459 97/1090/4460
f 346/1338/4461 97/1090/4462 41/1034/4463 40/1033/4464
f 348/1340/4465 347/1339/4466 349/1341/4467 350/1342/4468
f 348/1340/4469 350/1342/4470 101/1094/4471 99/1092/4472
f 350/1342/4473 349/1341/4474 351/1343/4475 107/1100/4476
f 350/1342/4477 107/1100/4478 103/1096/4479 101/1094/4480
f 351/1343/4481 349/1341/4482 352/1344/4483 353/1345/4484
f 351/1343/4485 353/1345/4486 354/1346/4487 110/1103/4488
f 351/1343/4489 110/1103/4490 108/1101/4491 107/1100/4492
f 354/1346/4493 353/1345/4494 355/1347/4495 356/1348/4496
f 354/1346/4497 356/1348/4498 357/1349/4499 114/1107/4500
f 354/1346/4501 114/1107/4502 111/1104/4503 110/1103/4504
f 357/1349/4505 356/1348/4506 358/1350/4507 359/1351/4508
f 357/1349/4509 359/1351/4510 360/1352/4511 118/1111/4512
f 357/1349/4513 118/1111/4514 115/1108/4515 114/1107/4516
f 360/1352/4517 359/1351/4518 4/1015/4519 31/1022/4520
f 360/1352/4521 31/1022/4522 361/1353/4523 123/1116/4524
f 360/1352/4525 123/1116/4526 119/1112/4527 118/1111/4528
f 361/1353/4529 128/1121/4530 124/1117/4531 123/1116/4532
f 361/1353/4533 31/1022/4534 30/1021/4535 362/1354/4536
f 361/1353/4537 362/1354/4538 363/1355/4539 128/1121/4540
f 363/1355/4541 133/1126/4542 129/1122/4543 128/1121/4544
f 363/1355/4545 362/1354/4546 364/1356/4547 365/1357/4548
f 363/1355/4549 365/1357/4550 366/1358/4551 133/1126/4552
f 366/1358/4553 138/1131/4554 134/1127/4555 133/1126/4556
f 366/1358/4557 365/1357/4558 367/1359/4559 368/1360/4560
f 366/1358/4561 368/1360/4562 369/1361/4563 138/1131/4564
f 369/1361/4565 141/1134/4566 139/1132/4567 138/1131/4568
f 369/1361/4569 368/1360/4570 370/1362/4571 371/1363/4572
f 369/1361/4573 371/1363/4574 143/1136/4575 141/1134/4576
f 371/1363/4577 370/1362/4578 372/1364/4579 373/1365/4580
f 371/1363/4581 373/1365/4582 145/1138/4583 143/1136/4584
f 373/1365/4585 372/1364/4586 374/1366/4587 375/1367/4588
f 373/1365/4589 375/1367/4590 147/1140/4591 145/1138/4592
f 375/1367/4593 374/1366/4594 278/1270/4595 376/1368/4596
f 375/1367/4597 376/1368/4598 149/1142/4599 147/1140/4600
f 376/1368/4601 278/1270/4602 276/1268/4603 377/1369/4604
f 376/1368/4605 377/1369/4606 151/1144/4607 149/1142/4608
f 377/1369/4609 276/1268/4610 275/1267/4611 157/1150/4612
f 377/1369/4613 157/1150/4614 153/1146/4615 151/1144/4616
f 374/1366/4617 372/1364/4618 283/1275/4619 281/1273/4620
f 374/1366/4621 281/1273/4622 279/1271/4623 278/1270/4624
f 372/1364/4625 370/1362/4626 285/1277/4627 283/1275/4628
f 370/1362/4629 368/1360/4630 367/1359/4631 285/1277/4632
f 367/1359/4633 365/1357/4634 364/1356/4635 288/1280/4636
f 367/1359/4637 288/1280/4638 286/1278/4639 285/1277/4640
f 364/1356/4641 362/1354/4642 30/1021/4643 378/1370/4644
f 364/1356/4645 378/1370/4646 289/1281/4647 288/1280/4648
f 378/1370/4649 30/1021/4650 29/1020/4651 379/1371/4652
f 378/1370/4653 379/1371/4654 290/1282/4655 289/1281/4656
f 379/1371/4657 29/1020/4658 28/1019/4659 380/1372/4660
f 379/1371/4661 380/1372/4662 292/1284/4663 290/1282/4664
f 380/1372/4665 28/1019/4666 381/1373/4667 382/1374/4668
f 380/1372/4669 382/1374/4670 294/1286/4671 292/1284/4672
f 382/1374/4673 381/1373/4674 383/1375/4675 384/1376/4676
f 382/1374/4677 384/1376/4678 385/1377/4679 294/1286/4680
f 385/1377/4681 384/1376/4682 386/1378/4683 387/1379/4684
f 385/1377/4685 387/1379/4686 388/1380/4687 297/1289/4688
f 385/1377/4689 297/1289/4690 295/1287/4691 294/1286/4692
f 388/1380/4693 389/1381/4694 298/1290/4695 297/1289/4696
f 389/1381/4697 390/1382/4698 299/1291/4699 298/1290/4700
f 390/1382/4701 304/1296/4702 301/1293/4703 299/1291/4704
f 391/1383/4705 386/1378/4706 384/1376/4707 383/1375/4708
f 391/1383/4709 383/1375/4710 393/1384/4711 392/1385/4712
f 393/1384/4713 394/1386/4714 395/1387/4715 392/1385/4716
f 393/1384/4717 383/1375/4718 381/1373/4719 396/1388/4720
f 393/1384/4721 396/1388/4722 397/1389/4723 394/1386/4724
f 397/1389/4725 398/1390/4726 399/1391/4727 394/1386/4728
f 397/1389/4729 396/1388/4730 27/1018/4731 26/1017/4732
f 397/1389/4733 26/1017/4734 400/1392/4735 398/1390/4736
f 400/1392/4737 401/1393/4738 402/1394/4739 398/1390/4740
f 400/1392/4741 26/1017/4742 25/1016/4743 403/1395/4744
f 400/1392/4745 403/1395/4746 404/1396/4747 401/1393/4748
f 404/1396/4749 405/1397/4750 406/1398/4751 401/1393/4752
f 404/1396/4753 403/1395/4754 407/1399/4755 408/1400/4756
f 404/1396/4757 408/1400/4758 409/1401/4759 405/1397/4760
f 409/1401/4761 410/1402/4762 411/1403/4763 405/1397/4764
f 409/1401/4765 408/1400/4766 412/1404/4767 413/1405/4768
f 409/1401/4769 413/1405/4770 414/1406/4771 410/1402/4772
f 414/1406/4773 415/1407/4774 416/1408/4775 410/1402/4776
f 414/1406/4777 413/1405/4778 417/1409/4779 344/1336/4780
f 414/1406/4781 344/1336/4782 342/1334/4783 415/1407/4784
f 417/1409/4785 413/1405/4786 412/1404/4787 352/1344/4788
f 417/1409/4789 352/1344/4790 349/1341/4791 347/1339/4792
f 417/1409/4793 347/1339/4794 345/1337/4795 344/1336/4796
f 416/1408/4797 418/1410/4798 419/1411/4799 420/1412/4800
f 416/1408/4801 420/1412/4802 411/1403/4803 410/1402/4804
f 416/1408/4805 415/1407/4806 421/1413/4807 418/1410/4808
f 421/1413/4809 422/1414/4810 423/1415/4811 418/1410/4812
f 421/1413/4813 415/1407/4814 342/1334/4815 340/1332/4816
f 421/1413/4817 340/1332/4818 339/1331/4819 422/1414/4820
f 423/1415/4821 317/1309/4822 315/1307/4823 424/1416/4824
f 423/1415/4825 424/1416/4826 419/1411/4827 418/1410/4828
f 423/1415/4829 422/1414/4830 319/1311/4831 317/1309/4832
f 424/1416/4833 315/1307/4834 313/1305/4835 425/1417/4836
f 424/1416/4837 425/1417/4838 426/1418/4839 419/1411/4840
f 426/1418/4841 425/1417/4842 427/1419/4843 428/1420/4844
f 426/1418/4845 428/1420/4846 429/1421/4847 430/1422/4848
f 426/1418/4849 430/1422/4850 420/1412/4851 419/1411/4852
f 430/1422/4853 429/1421/4854 431/1423/4855 432/1424/4856
f 430/1422/4857 432/1424/4858 411/1403/4859 420/1412/4860
f 432/1424/4861 431/1423/4862 433/1425/4863 406/1398/4864
f 432/1424/4865 406/1398/4866 405/1397/4867 411/1403/4868
f 433/1425/4869 431/1423/4870 434/1426/4871 435/1427/4872
f 433/1425/4873 435/1427/4874 436/1428/4875 402/1394/4876
f 433/1425/4877 402/1394/4878 401/1393/4879 406/1398/4880
f 436/1428/4881 435/1427/4882 437/1429/4883 438/1430/4884
f 436/1428/4885 438/1430/4886 439/1431/4887 399/1391/4888
f 436/1428/4889 399/1391/4890 398/1390/4891 402/1394/4892
f 439/1431/4893 395/1387/4894 394/1386/4895 399/1391/4896
f 440/1432/4897 437/1429/4898 435/1427/4899 434/1426/4900
f 440/1432/4901 434/1426/4902 442/1433/4903 441/1434/4904
f 442/1433/4905 443/1435/4906 444/1436/4907 441/1434/4908
f 442/1433/4909 434/1426/4910 431/1423/4911 429/1421/4912
f 442/1433/4913 429/1421/4914 428/1420/4915 443/1435/4916
f 444/1436/4917 443/1435/4918 446/1437/4919 445/1438/4920
f 446/1437/4921 309/1301/4922 307/1300/4923 445/1438/4924
f 446/1437/4925 443/1435/4926 428/1420/4927 427/1419/4928
f 446/1437/4929 427/1419/4930 311/1303/4931 309/1301/4932
f 427/1419/4933 425/1417/4934 313/1305/4935 311/1303/4936
f 422/1414/4937 339/1331/4938 321/1313/4939 319/1311/4940
f 412/1404/4941 408/1400/4942 407/1399/4943 355/1347/4944
f 412/1404/4945 355/1347/4946 353/1345/4947 352/1344/4948
f 407/1399/4949 403/1395/4950 25/1016/4951 358/1350/4952
f 407/1399/4953 358/1350/4954 356/1348/4955 355/1347/4956
f 396/1388/4957 381/1373/4958 28/1019/4959 27/1018/4960
f 359/1351/4961 358/1350/4962 25/1016/4963 4/1015/4964
f 275/1267/4965 160/1153/4966 158/1151/4967 157/1150/4968
f 273/1265/4969 164/1157/4970 161/1154/4971 160/1153/4972
f 271/1263/4973 174/1167/4974 170/1163/4975 168/1161/4976
f 267/1259/4977 177/1170/4978 175/1168/4979 174/1167/4980
f 266/1258/4981 35/1027/4982 5/1023/4983 261/1253/4984
f 263/1255/4985 262/1254/4986 178/1171/4987 177/1170/4988
f 262/1254/4989 259/1251/4990 258/1250/4991 447/1439/4992
f 262/1254/4993 447/1439/4994 179/1172/4995 178/1171/4996
f 447/1439/4997 258/1250/4998 448/1440/4999 449/1441/5000
f 447/1439/5001 449/1441/5002 181/1174/5003 179/1172/5004
f 449/1441/5005 448/1440/5006 450/1442/5007 451/1443/5008
f 449/1441/5009 451/1443/5010 183/1176/5011 181/1174/5012
f 451/1443/5013 450/1442/5014 452/1444/5015 453/1445/5016
f 451/1443/5017 453/1445/5018 454/1446/5019 183/1176/5020
f 454/1446/5021 453/1445/5022 455/1447/5023 456/1448/5024
f 454/1446/5025 456/1448/5026 457/1449/5027 186/1179/5028
f 454/1446/5029 186/1179/5030 184/1177/5031 183/1176/5032
f 457/1449/5033 456/1448/5034 458/1450/5035 459/1451/5036
f 457/1449/5037 459/1451/5038 192/1185/5039 190/1183/5040
f 457/1449/5041 190/1183/5042 187/1180/5043 186/1179/5044
f 459/1451/5045 458/1450/5046 460/1452/5047 461/1453/5048
f 459/1451/5049 461/1453/5050 462/1454/5051 192/1185/5052
f 462/1454/5053 461/1453/5054 463/1455/5055 464/1456/5056
f 462/1454/5057 464/1456/5058 465/1457/5059 195/1188/5060
f 462/1454/5061 195/1188/5062 193/1186/5063 192/1185/5064
f 465/1457/5065 464/1456/5066 216/1209/5067 214/1207/5068
f 465/1457/5069 214/1207/5070 212/1205/5071 466/1458/5072
f 465/1457/5073 466/1458/5074 196/1189/5075 195/1188/5076
f 466/1458/5077 212/1205/5078 203/1196/5079 201/1194/5080
f 466/1458/5081 201/1194/5082 197/1190/5083 196/1189/5084
f 464/1456/5085 463/1455/5086 218/1211/5087 216/1209/5088
f 463/1455/5089 461/1453/5090 460/1452/5091 467/1459/5092
f 463/1455/5093 467/1459/5094 220/1213/5095 218/1211/5096
f 467/1459/5097 460/1452/5098 468/1460/5099 469/1461/5100
f 467/1459/5101 469/1461/5102 222/1215/5103 220/1213/5104
f 469/1461/5105 468/1460/5106 470/1462/5107 471/1463/5108
f 469/1461/5109 471/1463/5110 224/1217/5111 222/1215/5112
f 471/1463/5113 470/1462/5114 472/1464/5115 473/1465/5116
f 471/1463/5117 473/1465/5118 226/1219/5119 224/1217/5120
f 473/1465/5121 472/1464/5122 474/1466/5123 475/1467/5124
f 473/1465/5125 475/1467/5126 228/1221/5127 226/1219/5128
f 475/1467/5129 474/1466/5130 476/1468/5131 477/1469/5132
f 475/1467/5133 477/1469/5134 230/1223/5135 228/1221/5136
f 477/1469/5137 476/1468/5138 478/1470/5139 479/1471/5140
f 477/1469/5141 479/1471/5142 232/1225/5143 230/1223/5144
f 479/1471/5145 478/1470/5146 480/1472/5147 481/1473/5148
f 479/1471/5149 481/1473/5150 234/1227/5151 232/1225/5152
f 480/1472/5153 478/1470/5154 482/1474/5155 236/1475/5156
f 482/1474/5157 240/1231/5158 237/1230/5159 236/1475/5160
f 482/1474/5161 478/1470/5162 476/1468/5163 483/1476/5164
f 482/1474/5165 483/1476/5166 484/1477/5167 240/1231/5168
f 484/1477/5169 245/1237/5170 241/1232/5171 240/1231/5172
f 484/1477/5173 483/1476/5174 485/1478/5175 486/1479/5176
f 484/1477/5177 486/1479/5178 487/1480/5179 245/1237/5180
f 487/1480/5181 250/1242/5182 246/1238/5183 245/1237/5184
f 487/1480/5185 486/1479/5186 488/1481/5187 489/1482/5188
f 487/1480/5189 489/1482/5190 490/1483/5191 250/1242/5192
f 490/1483/5193 255/1247/5194 251/1243/5195 250/1242/5196
f 490/1483/5197 489/1482/5198 452/1444/5199 450/1442/5200
f 490/1483/5201 450/1442/5202 448/1440/5203 255/1247/5204
f 489/1482/5205 488/1481/5206 491/1484/5207 452/1444/5208
f 491/1484/5209 488/1481/5210 492/1485/5211 493/1486/5212
f 491/1484/5213 493/1486/5214 494/1487/5215 455/1447/5216
f 491/1484/5217 455/1447/5218 453/1445/5219 452/1444/5220
f 494/1487/5221 493/1486/5222 470/1462/5223 468/1460/5224
f 494/1487/5225 468/1460/5226 460/1452/5227 458/1450/5228
f 494/1487/5229 458/1450/5230 456/1448/5231 455/1447/5232
f 493/1486/5233 492/1485/5234 472/1464/5235 470/1462/5236
f 492/1485/5237 488/1481/5238 486/1479/5239 485/1478/5240
f 492/1485/5241 485/1478/5242 474/1466/5243 472/1464/5244
f 485/1478/5245 483/1476/5246 476/1468/5247 474/1466/5248
f 448/1440/5249 258/1250/5250 256/1248/5251 255/1247/5252
f 137/1130/5253 495/1488/5254 132/1125/5255 131/1124/5256
f 495/1488/5257 496/1489/5258 497/1490/5259 132/1125/5260
f 497/1490/5261 496/1489/5262 498/1491/5263 499/1492/5264
f 497/1490/5265 499/1492/5266 500/1493/5267 127/1120/5268
f 497/1490/5269 127/1120/5270 126/1119/5271 132/1125/5272
f 500/1493/5273 499/1492/5274 501/1494/5275 502/1495/5276
f 500/1493/5277 502/1495/5278 22/1012/5279 122/1115/5280
f 500/1493/5281 122/1115/5282 121/1114/5283 127/1120/5284
f 502/1495/5285 501/1494/5286 503/1496/5287 504/1497/5288
f 502/1495/5289 504/1497/5290 23/1013/5291 22/1012/5292
f 504/1497/5293 503/1496/5294 69/1053/5295 68/1052/5296
f 504/1497/5297 68/1052/5298 24/1014/5299 23/1013/5300
f 503/1496/5301 505/1498/5302 74/1059/5303 69/1053/5304
f 503/1496/5305 501/1494/5306 506/1499/5307 505/1498/5308
f 506/1499/5309 501/1494/5310 499/1492/5311 498/1491/5312
f 122/1115/5313 22/1012/5314 21/1011/5315 117/1110/5316
f 87/1076/5317 86/1075/5318 67/1050/5319 66/1049/5320
f 85/1073/5321 59/1041/5322 84/1071/5323 83/1070/5324
f 80/1067/5325 79/1066/5326 66/1049/5327 65/1048/5328
f 507/1500/5329 515/1501/5330 514/1502/5331 513/1503/5332
f 507/1500/5333 517/1504/5334 516/1505/5335 515/1501/5336
f 507/1500/5337 513/1503/5338 518/1506/5339 517/1504/5340
f 508/1507/5341 521/1508/5342 520/1509/5343 519/1510/5344
f 508/1507/5345 523/1511/5346 522/1512/5347 521/1508/5348
f 508/1507/5349 519/1510/5350 524/1513/5351 523/1511/5352
f 509/1514/5353 527/1515/5354 526/1516/5355 525/1517/5356
f 509/1514/5357 529/1518/5358 528/1519/5359 527/1515/5360
f 509/1514/5361 525/1517/5362 530/1520/5363 529/1518/5364
f 510/1521/5365 533/1522/5366 532/1523/5367 531/1524/5368
f 510/1521/5369 535/1525/5370 534/1526/5371 533/1522/5372
f 510/1521/5373 537/1527/5374 536/1528/5375 535/1525/5376
f 511/1529/5377 540/1530/5378 539/1531/5379 538/1532/5380
f 511/1529/5381 538/1532/5382 542/1533/5383 541/1534/5384
f 511/1529/5385 544/1535/5386 543/1536/5387 540/1530/5388
f 512/1537/5389 547/1538/5390 546/1539/5391 545/1540/5392
f 512/1537/5393 550/1541/5394 549/1542/5395 548/1543/5396
f 512/1537/5397 545/1540/5398 551/1544/5399 550/1541/5400
f 552/1545/5401 563/1546/5402 562/1547/5403 561/1548/5404
f 552/1545/5405 561/1548/5406 565/1549/5407 564/1550/5408
f 552/1545/5409 564/1550/5410 567/1551/5411 566/1552/5412
f 553/1553/5413 570/1554/5414 569/1555/5415 568/1556/5416
f 554/1557/5417 573/1558/5418 572/1559/5419 571/1560/5420
f 554/1557/5421 571/1560/5422 530/1520/5423 574/1561/5424
f 554/1557/5425 574/1561/5426 576/1562/5427 575/1563/5428
f 555/1564/5429 577/1565/5430 572/1559/5431 573/1558/5432
f 556/1566/5433 580/1567/5434 579/1568/5435 578/1569/5436
f 557/1570/5437 583/1571/5438 582/1572/5439 581/1573/5440
f 557/1570/5441 581/1573/5442 585/1574/5443 584/1575/5444
f 557/1570/5445 584/1575/5446 587/1576/5447 586/1577/5448
f 558/1578/5449 588/1579/5450 562/1547/5451 563/1546/5452
f 559/1580/5453 591/1581/5454 590/1582/5455 589/1583/5456
f 559/1580/5457 593/1584/5458 592/1585/5459 591/1581/5460
f 559/1580/5461 514/1502/5462 515/1501/5463 593/1584/5464
f 54/1080/5465 91/1081/5466 517/1504/5467 518/1506/5468
f 55/1586/5469 92/1587/5470 520/1509/5471 521/1508/5472
f 55/1586/5473 521/1508/5474 522/1512/5475 93/1588/5476
f 56/1589/5477 594/1590/5478 520/1509/5479 92/1587/5480
f 560/1591/5481 512/1537/5482 548/1543/5483 595/1592/5484
f 560/1591/5485 596/1593/5486 547/1538/5487 512/1537/5488
f 596/1593/5489 598/1594/5490 597/1595/5491 547/1538/5492
f 598/1594/5493 600/1596/5494 599/1597/5495 597/1595/5496
f 600/1596/5497 602/1598/5498 601/1599/5499 599/1597/5500
f 602/1598/5501 604/1600/5502 603/1601/5503 601/1599/5504
f 604/1600/5505 606/1602/5506 605/1603/5507 603/1601/5508
f 606/1602/5509 575/1563/5510 576/1562/5511 605/1603/5512
f 605/1603/5513 608/1604/5514 607/1605/5515 603/1601/5516
f 605/1603/5517 576/1562/5518 609/1606/5519 608/1604/5520
f 609/1606/5521 611/1607/5522 610/1608/5523 608/1604/5524
f 609/1606/5525 613/1609/5526 612/1610/5527 611/1607/5528
f 609/1606/5529 576/1562/5530 574/1561/5531 613/1609/5532
f 613/1609/5533 525/1517/5534 526/1516/5535 612/1610/5536
f 613/1609/5537 574/1561/5538 530/1520/5539 525/1517/5540
f 612/1610/5541 615/1611/5542 614/1612/5543 611/1607/5544
f 612/1610/5545 526/1516/5546 616/1613/5547 615/1611/5548
f 616/1613/5549 526/1516/5550 527/1515/5551 617/1614/5552
f 616/1613/5553 619/1615/5554 618/1616/5555 615/1611/5556
f 616/1613/5557 617/1614/5558 620/1617/5559 619/1615/5560
f 620/1617/5561 617/1614/5562 622/1618/5563 621/1619/5564
f 620/1617/5565 624/1620/5566 623/1621/5567 619/1615/5568
f 620/1617/5569 621/1619/5570 625/1622/5571 624/1620/5572
f 625/1622/5573 621/1619/5574 627/1623/5575 626/1624/5576
f 625/1622/5577 629/1625/5578 628/1626/5579 624/1620/5580
f 625/1622/5581 626/1624/5582 630/1627/5583 629/1625/5584
f 630/1627/5585 626/1624/5586 632/1628/5587 631/1629/5588
f 630/1627/5589 634/1630/5590 633/1631/5591 629/1625/5592
f 630/1627/5593 631/1629/5594 635/1632/5595 634/1630/5596
f 635/1632/5597 631/1629/5598 637/1633/5599 636/1634/5600
f 635/1632/5601 639/1635/5602 638/1636/5603 634/1630/5604
f 635/1632/5605 636/1634/5606 640/1637/5607 639/1635/5608
f 640/1637/5609 642/1638/5610 641/1639/5611 639/1635/5612
f 642/1638/5613 644/1640/5614 643/1641/5615 641/1639/5616
f 644/1640/5617 646/1642/5618 645/1643/5619 643/1641/5620
f 646/1642/5621 648/1644/5622 647/1645/5623 645/1643/5624
f 648/1644/5625 650/1646/5626 649/1647/5627 647/1645/5628
f 650/1646/5629 652/1648/5630 651/1649/5631 649/1647/5632
f 652/1648/5633 654/1650/5634 653/1651/5635 651/1649/5636
f 654/1650/5637 656/1652/5638 655/1653/5639 653/1651/5640
f 656/1652/5641 578/1569/5642 579/1568/5643 655/1653/5644
f 655/1653/5645 658/1654/5646 657/1655/5647 653/1651/5648
f 655/1653/5649 579/1568/5650 659/1656/5651 658/1654/5652
f 659/1656/5653 661/1657/5654 660/1658/5655 658/1654/5656
f 659/1656/5657 663/1659/5658 662/1660/5659 661/1657/5660
f 659/1656/5661 579/1568/5662 580/1567/5663 663/1659/5664
f 662/1660/5665 665/1661/5666 664/1662/5667 661/1657/5668
f 665/1661/5669 667/1663/5670 666/1664/5671 664/1662/5672
f 667/1663/5673 669/1665/5674 668/1666/5675 666/1664/5676
f 669/1665/5677 671/1667/5678 670/1668/5679 668/1666/5680
f 671/1667/5681 673/1669/5682 672/1670/5683 670/1668/5684
f 673/1669/5685 566/1552/5686 567/1551/5687 672/1670/5688
f 672/1670/5689 675/1671/5690 674/1672/5691 670/1668/5692
f 672/1670/5693 567/1551/5694 676/1673/5695 675/1671/5696
f 676/1673/5697 678/1674/5698 677/1675/5699 675/1671/5700
f 676/1673/5701 680/1676/5702 679/1677/5703 678/1674/5704
f 676/1673/5705 567/1551/5706 564/1550/5707 680/1676/5708
f 680/1676/5709 682/1678/5710 681/1679/5711 679/1677/5712
f 680/1676/5713 564/1550/5714 565/1549/5715 682/1678/5716
f 682/1678/5717 684/1680/5718 683/1681/5719 681/1679/5720
f 682/1678/5721 565/1549/5722 685/1682/5723 684/1680/5724
f 685/1682/5725 687/1683/5726 686/1684/5727 684/1680/5728
f 685/1682/5729 689/1685/5730 688/1686/5731 687/1683/5732
f 685/1682/5733 565/1549/5734 561/1548/5735 689/1685/5736
f 689/1685/5737 587/1576/5738 584/1575/5739 688/1686/5740
f 689/1685/5741 561/1548/5742 562/1547/5743 587/1576/5744
f 688/1686/5745 691/1687/5746 690/1688/5747 687/1683/5748
f 688/1686/5749 584/1575/5750 585/1574/5751 691/1687/5752
f 691/1687/5753 693/1689/5754 692/1690/5755 690/1688/5756
f 691/1687/5757 585/1574/5758 694/1691/5759 693/1689/5760
f 694/1691/5761 696/1692/5762 695/1693/5763 693/1689/5764
f 694/1691/5765 698/1694/5766 697/1695/5767 696/1692/5768
f 694/1691/5769 585/1574/5770 581/1573/5771 698/1694/5772
f 698/1694/5773 700/1696/5774 699/1697/5775 697/1695/5776
f 698/1694/5777 581/1573/5778 582/1572/5779 700/1696/5780
f 700/1696/5781 590/1582/5782 591/1581/5783 699/1697/5784
f 700/1696/5785 582/1572/5786 569/1555/5787 590/1582/5788
f 699/1697/5789 702/1698/5790 701/1699/5791 697/1695/5792
f 699/1697/5793 591/1581/5794 592/1585/5795 702/1698/5796
f 702/1698/5797 704/1700/5798 703/1701/5799 701/1699/5800
f 702/1698/5801 592/1585/5802 705/1702/5803 704/1700/5804
f 705/1702/5805 207/1200/5806 206/1199/5807 704/1700/5808
f 705/1702/5809 706/1703/5810 208/1201/5811 207/1200/5812
f 705/1702/5813 592/1585/5814 593/1584/5815 706/1703/5816
f 706/1703/5817 516/1505/5818 210/1203/5819 208/1201/5820
f 706/1703/5821 593/1584/5822 515/1501/5823 516/1505/5824
f 210/1203/5825 516/1505/5826 517/1504/5827 91/1081/5828
f 206/1199/5829 211/1204/5830 703/1701/5831 704/1700/5832
f 211/1204/5833 213/1206/5834 707/1704/5835 703/1701/5836
f 213/1206/5837 215/1208/5838 708/1705/5839 707/1704/5840
f 215/1208/5841 217/1210/5842 709/1706/5843 708/1705/5844
f 217/1210/5845 219/1212/5846 710/1707/5847 709/1706/5848
f 219/1212/5849 221/1214/5850 711/1708/5851 710/1707/5852
f 221/1214/5853 223/1216/5854 712/1709/5855 711/1708/5856
f 223/1216/5857 225/1218/5858 713/1710/5859 712/1709/5860
f 225/1218/5861 227/1220/5862 714/1711/5863 713/1710/5864
f 227/1220/5865 229/1222/5866 715/1712/5867 714/1711/5868
f 229/1222/5869 231/1224/5870 716/1713/5871 715/1712/5872
f 231/1224/5873 233/1226/5874 717/1714/5875 716/1713/5876
f 233/1226/5877 235/1228/5878 718/1715/5879 717/1714/5880
f 721/1716/5881 724/1717/5882 723/1718/5883 720/1719/5884
f 721/1716/5885 722/1720/5886 725/1721/5887 724/1717/5888
f 725/1721/5889 722/1720/5890 727/1722/5891 726/1723/5892
f 725/1721/5893 729/1724/5894 728/1725/5895 724/1717/5896
f 725/1721/5897 726/1723/5898 730/1726/5899 729/1724/5900
f 730/1726/5901 726/1723/5902 732/1727/5903 731/1728/5904
f 730/1726/5905 734/1729/5906 733/1730/5907 729/1724/5908
f 730/1726/5909 731/1728/5910 735/1731/5911 734/1729/5912
f 735/1731/5913 731/1728/5914 737/1732/5915 736/1733/5916
f 735/1731/5917 739/1734/5918 738/1735/5919 734/1729/5920
f 735/1731/5921 736/1733/5922 740/1736/5923 739/1734/5924
f 740/1736/5925 736/1733/5926 543/1536/5927 544/1535/5928
f 740/1736/5929 742/1737/5930 741/1738/5931 739/1734/5932
f 740/1736/5933 544/1535/5934 743/1739/5935 742/1737/5936
f 743/1739/5937 544/1535/5938 511/1529/5939 744/1740/5940
f 743/1739/5941 746/1741/5942 745/1742/5943 742/1737/5944
f 743/1739/5945 744/1740/5946 747/1743/5947 746/1741/5948
f 747/1743/5949 744/1740/5950 749/1744/5951 748/1745/5952
f 747/1743/5953 750/1746/5954 677/1675/5955 746/1741/5956
f 747/1743/5957 748/1745/5958 751/1747/5959 750/1746/5960
f 751/1747/5961 748/1745/5962 753/1748/5963 752/1749/5964
f 751/1747/5965 754/1750/5966 674/1672/5967 750/1746/5968
f 751/1747/5969 752/1749/5970 755/1751/5971 754/1750/5972
f 755/1751/5973 752/1749/5974 757/1752/5975 756/1753/5976
f 755/1751/5977 666/1664/5978 668/1666/5979 754/1750/5980
f 755/1751/5981 756/1753/5982 664/1662/5983 666/1664/5984
f 757/1752/5985 760/1754/5986 759/1755/5987 758/1756/5988
f 757/1752/5989 752/1749/5990 753/1748/5991 760/1754/5992
f 757/1752/5993 758/1756/5994 660/1658/5995 756/1753/5996
f 760/1754/5997 762/1757/5998 761/1758/5999 759/1755/6000
f 760/1754/6001 753/1748/6002 763/1759/6003 762/1757/6004
f 763/1759/6005 765/1760/6006 764/1761/6007 762/1757/6008
f 763/1759/6009 749/1744/6010 541/1534/6011 765/1760/6012
f 763/1759/6013 753/1748/6014 748/1745/6015 749/1744/6016
f 765/1760/6017 767/1762/6018 766/1763/6019 764/1761/6020
f 765/1760/6021 541/1534/6022 542/1533/6023 767/1762/6024
f 767/1762/6025 769/1764/6026 768/1765/6027 766/1763/6028
f 767/1762/6029 542/1533/6030 770/1766/6031 769/1764/6032
f 770/1766/6033 772/1767/6034 771/1768/6035 769/1764/6036
f 770/1766/6037 774/1769/6038 773/1770/6039 772/1767/6040
f 770/1766/6041 542/1533/6042 538/1532/6043 774/1769/6044
f 774/1769/6045 776/1771/6046 775/1772/6047 773/1770/6048
f 774/1769/6049 538/1532/6050 539/1531/6051 776/1771/6052
f 776/1771/6053 778/1773/6054 777/1774/6055 775/1772/6056
f 776/1771/6057 539/1531/6058 779/1775/6059 778/1773/6060
f 779/1775/6061 781/1776/6062 780/1777/6063 778/1773/6064
f 779/1775/6065 783/1778/6066 782/1779/6067 781/1776/6068
f 779/1775/6069 539/1531/6070 540/1530/6071 783/1778/6072
f 783/1778/6073 785/1780/6074 784/1781/6075 782/1779/6076
f 783/1778/6077 540/1530/6078 543/1536/6079 785/1780/6080
f 785/1780/6081 737/1732/6082 786/1782/6083 784/1781/6084
f 785/1780/6085 543/1536/6086 736/1733/6087 737/1732/6088
f 786/1782/6089 788/1783/6090 787/1784/6091 784/1781/6092
f 786/1782/6093 732/1727/6094 789/1785/6095 788/1783/6096
f 786/1782/6097 737/1732/6098 731/1728/6099 732/1727/6100
f 789/1785/6101 732/1727/6102 726/1723/6103 727/1722/6104
f 308/1786/6105 310/1787/6106 791/1788/6107 790/1789/6108
f 310/1787/6109 312/1790/6110 792/1791/6111 791/1788/6112
f 312/1790/6113 314/1792/6114 793/1793/6115 792/1791/6116
f 314/1792/6117 316/1794/6118 794/1795/6119 793/1793/6120
f 316/1794/6121 318/1796/6122 795/1797/6123 794/1795/6124
f 318/1796/6125 320/1798/6126 796/1799/6127 795/1797/6128
f 320/1798/6129 322/1800/6130 797/1801/6131 796/1799/6132
f 322/1800/6133 324/1802/6134 798/1803/6135 797/1801/6136
f 324/1802/6137 326/1804/6138 799/1805/6139 798/1803/6140
f 326/1804/6141 328/1806/6142 800/1807/6143 799/1805/6144
f 328/1806/6145 330/1808/6146 801/1809/6147 800/1807/6148
f 330/1808/6149 332/1810/6150 802/1811/6151 801/1809/6152
f 332/1810/6153 93/1588/6154 522/1512/6155 802/1811/6156
f 802/1811/6157 803/1812/6158 549/1542/6159 801/1809/6160
f 802/1811/6161 522/1512/6162 523/1511/6163 803/1812/6164
f 803/1812/6165 804/1813/6166 548/1543/6167 549/1542/6168
f 803/1812/6169 523/1511/6170 524/1513/6171 804/1813/6172
f 804/1813/6173 805/1814/6174 595/1592/6175 548/1543/6176
f 804/1813/6177 524/1513/6178 806/1815/6179 805/1814/6180
f 806/1815/6181 524/1513/6182 519/1510/6183 807/1816/6184
f 807/1816/6185 519/1510/6186 520/1509/6187 594/1590/6188
f 801/1809/6189 549/1542/6190 550/1541/6191 800/1807/6192
f 800/1807/6193 550/1541/6194 551/1544/6195 799/1805/6196
f 799/1805/6197 551/1544/6198 808/1817/6199 798/1803/6200
f 808/1817/6201 809/1818/6202 797/1801/6203 798/1803/6204
f 808/1817/6205 811/1819/6206 810/1820/6207 809/1818/6208
f 808/1817/6209 551/1544/6210 545/1540/6211 811/1819/6212
f 811/1819/6213 813/1821/6214 812/1822/6215 810/1820/6216
f 811/1819/6217 545/1540/6218 546/1539/6219 813/1821/6220
f 813/1821/6221 815/1823/6222 814/1824/6223 812/1822/6224
f 813/1821/6225 546/1539/6226 816/1825/6227 815/1823/6228
f 816/1825/6229 818/1826/6230 817/1827/6231 815/1823/6232
f 816/1825/6233 597/1595/6234 599/1597/6235 818/1826/6236
f 816/1825/6237 546/1539/6238 547/1538/6239 597/1595/6240
f 818/1826/6241 820/1828/6242 819/1829/6243 817/1827/6244
f 818/1826/6245 599/1597/6246 601/1599/6247 820/1828/6248
f 820/1828/6249 607/1605/6250 821/1830/6251 819/1829/6252
f 820/1828/6253 601/1599/6254 603/1601/6255 607/1605/6256
f 821/1830/6257 823/1831/6258 822/1832/6259 819/1829/6260
f 821/1830/6261 610/1608/6262 824/1833/6263 823/1831/6264
f 821/1830/6265 607/1605/6266 608/1604/6267 610/1608/6268
f 824/1833/6269 826/1834/6270 825/1835/6271 823/1831/6272
f 824/1833/6273 614/1612/6274 827/1836/6275 826/1834/6276
f 824/1833/6277 610/1608/6278 611/1607/6279 614/1612/6280
f 827/1836/6281 829/1837/6282 828/1838/6283 826/1834/6284
f 827/1836/6285 618/1616/6286 830/1839/6287 829/1837/6288
f 827/1836/6289 614/1612/6290 615/1611/6291 618/1616/6292
f 830/1839/6293 537/1527/6294 510/1521/6295 829/1837/6296
f 830/1839/6297 623/1621/6298 831/1840/6299 537/1527/6300
f 830/1839/6301 618/1616/6302 619/1615/6303 623/1621/6304
f 831/1840/6305 623/1621/6306 624/1620/6307 628/1626/6308
f 831/1840/6309 832/1841/6310 536/1528/6311 537/1527/6312
f 831/1840/6313 628/1626/6314 833/1842/6315 832/1841/6316
f 833/1842/6317 628/1626/6318 629/1625/6319 633/1631/6320
f 833/1842/6321 835/1843/6322 834/1844/6323 832/1841/6324
f 833/1842/6325 633/1631/6326 836/1845/6327 835/1843/6328
f 836/1845/6329 633/1631/6330 634/1630/6331 638/1636/6332
f 836/1845/6333 838/1846/6334 837/1847/6335 835/1843/6336
f 836/1845/6337 638/1636/6338 839/1848/6339 838/1846/6340
f 839/1848/6341 638/1636/6342 639/1635/6343 641/1639/6344
f 839/1848/6345 841/1849/6346 840/1850/6347 838/1846/6348
f 839/1848/6349 641/1639/6350 643/1641/6351 841/1849/6352
f 841/1849/6353 843/1851/6354 842/1852/6355 840/1850/6356
f 841/1849/6357 643/1641/6358 645/1643/6359 843/1851/6360
f 843/1851/6361 845/1853/6362 844/1854/6363 842/1852/6364
f 843/1851/6365 645/1643/6366 647/1645/6367 845/1853/6368
f 845/1853/6369 846/1855/6370 761/1758/6371 844/1854/6372
f 845/1853/6373 647/1645/6374 649/1647/6375 846/1855/6376
f 846/1855/6377 847/1856/6378 759/1755/6379 761/1758/6380
f 846/1855/6381 649/1647/6382 651/1649/6383 847/1856/6384
f 847/1856/6385 657/1655/6386 758/1756/6387 759/1755/6388
f 847/1856/6389 651/1649/6390 653/1651/6391 657/1655/6392
f 844/1854/6393 764/1761/6394 766/1763/6395 842/1852/6396
f 844/1854/6397 761/1758/6398 762/1757/6399 764/1761/6400
f 842/1852/6401 766/1763/6402 768/1765/6403 840/1850/6404
f 840/1850/6405 768/1765/6406 837/1847/6407 838/1846/6408
f 837/1847/6409 771/1768/6410 834/1844/6411 835/1843/6412
f 837/1847/6413 768/1765/6414 769/1764/6415 771/1768/6416
f 834/1844/6417 848/1857/6418 536/1528/6419 832/1841/6420
f 834/1844/6421 771/1768/6422 772/1767/6423 848/1857/6424
f 848/1857/6425 849/1858/6426 535/1525/6427 536/1528/6428
f 848/1857/6429 772/1767/6430 773/1770/6431 849/1858/6432
f 849/1858/6433 850/1859/6434 534/1526/6435 535/1525/6436
f 849/1858/6437 773/1770/6438 775/1772/6439 850/1859/6440
f 850/1859/6441 852/1860/6442 851/1861/6443 534/1526/6444
f 850/1859/6445 775/1772/6446 777/1774/6447 852/1860/6448
f 852/1860/6449 854/1862/6450 853/1863/6451 851/1861/6452
f 852/1860/6453 777/1774/6454 855/1864/6455 854/1862/6456
f 855/1864/6457 857/1865/6458 856/1866/6459 854/1862/6460
f 855/1864/6461 780/1777/6462 858/1867/6463 857/1865/6464
f 855/1864/6465 777/1774/6466 778/1773/6467 780/1777/6468
f 858/1867/6469 780/1777/6470 781/1776/6471 859/1868/6472
f 859/1868/6473 781/1776/6474 782/1779/6475 860/1869/6476
f 860/1869/6477 782/1779/6478 784/1781/6479 787/1784/6480
f 861/1870/6481 853/1863/6482 854/1862/6483 856/1866/6484
f 861/1870/6485 862/1871/6486 863/1872/6487 853/1863/6488
f 863/1872/6489 862/1871/6490 865/1873/6491 864/1874/6492
f 863/1872/6493 866/1875/6494 851/1861/6495 853/1863/6496
f 863/1872/6497 864/1874/6498 867/1876/6499 866/1875/6500
f 867/1876/6501 864/1874/6502 869/1877/6503 868/1878/6504
f 867/1876/6505 532/1523/6506 533/1522/6507 866/1875/6508
f 867/1876/6509 868/1878/6510 870/1879/6511 532/1523/6512
f 870/1879/6513 868/1878/6514 872/1880/6515 871/1881/6516
f 870/1879/6517 873/1882/6518 531/1524/6519 532/1523/6520
f 870/1879/6521 871/1881/6522 874/1883/6523 873/1882/6524
f 874/1883/6525 871/1881/6526 876/1884/6527 875/1885/6528
f 874/1883/6529 878/1886/6530 877/1887/6531 873/1882/6532
f 874/1883/6533 875/1885/6534 879/1888/6535 878/1886/6536
f 879/1888/6537 875/1885/6538 881/1889/6539 880/1890/6540
f 879/1888/6541 883/1891/6542 882/1892/6543 878/1886/6544
f 879/1888/6545 880/1890/6546 884/1893/6547 883/1891/6548
f 884/1893/6549 880/1890/6550 886/1894/6551 885/1895/6552
f 884/1893/6553 814/1824/6554 887/1896/6555 883/1891/6556
f 884/1893/6557 885/1895/6558 812/1822/6559 814/1824/6560
f 887/1896/6561 822/1832/6562 882/1892/6563 883/1891/6564
f 887/1896/6565 817/1827/6566 819/1829/6567 822/1832/6568
f 887/1896/6569 814/1824/6570 815/1823/6571 817/1827/6572
f 886/1894/6573 890/1897/6574 889/1898/6575 888/1899/6576
f 886/1894/6577 880/1890/6578 881/1889/6579 890/1897/6580
f 886/1894/6581 888/1899/6582 891/1900/6583 885/1895/6584
f 891/1900/6585 888/1899/6586 893/1901/6587 892/1902/6588
f 891/1900/6589 810/1820/6590 812/1822/6591 885/1895/6592
f 891/1900/6593 892/1902/6594 809/1818/6595 810/1820/6596
f 893/1901/6597 894/1903/6598 794/1795/6599 795/1797/6600
f 893/1901/6601 888/1899/6602 889/1898/6603 894/1903/6604
f 893/1901/6605 795/1797/6606 796/1799/6607 892/1902/6608
f 894/1903/6609 895/1904/6610 793/1793/6611 794/1795/6612
f 894/1903/6613 889/1898/6614 896/1905/6615 895/1904/6616
f 896/1905/6617 898/1906/6618 897/1907/6619 895/1904/6620
f 896/1905/6621 900/1908/6622 899/1909/6623 898/1906/6624
f 896/1905/6625 889/1898/6626 890/1897/6627 900/1908/6628
f 900/1908/6629 902/1910/6630 901/1911/6631 899/1909/6632
f 900/1908/6633 890/1897/6634 881/1889/6635 902/1910/6636
f 902/1910/6637 876/1884/6638 903/1912/6639 901/1911/6640
f 902/1910/6641 881/1889/6642 875/1885/6643 876/1884/6644
f 903/1912/6645 905/1913/6646 904/1914/6647 901/1911/6648
f 903/1912/6649 872/1880/6650 906/1915/6651 905/1913/6652
f 903/1912/6653 876/1884/6654 871/1881/6655 872/1880/6656
f 906/1915/6657 908/1916/6658 907/1917/6659 905/1913/6660
f 906/1915/6661 869/1877/6662 909/1918/6663 908/1916/6664
f 906/1915/6665 872/1880/6666 868/1878/6667 869/1877/6668
f 909/1918/6669 869/1877/6670 864/1874/6671 865/1873/6672
f 910/1919/6673 904/1914/6674 905/1913/6675 907/1917/6676
f 910/1919/6677 911/1920/6678 912/1921/6679 904/1914/6680
f 912/1921/6681 911/1920/6682 914/1922/6683 913/1923/6684
f 912/1921/6685 899/1909/6686 901/1911/6687 904/1914/6688
f 912/1921/6689 913/1923/6690 898/1906/6691 899/1909/6692
f 914/1922/6693 915/1924/6694 916/1925/6695 913/1923/6696
f 916/1925/6697 915/1924/6698 790/1789/6699 791/1788/6700
f 916/1925/6701 897/1907/6702 898/1906/6703 913/1923/6704
f 916/1925/6705 791/1788/6706 792/1791/6707 897/1907/6708
f 897/1907/6709 792/1791/6710 793/1793/6711 895/1904/6712
f 892/1902/6713 796/1799/6714 797/1801/6715 809/1818/6716
f 882/1892/6717 825/1835/6718 877/1887/6719 878/1886/6720
f 882/1892/6721 822/1832/6722 823/1831/6723 825/1835/6724
f 877/1887/6725 828/1838/6726 531/1524/6727 873/1882/6728
f 877/1887/6729 825/1835/6730 826/1834/6731 828/1838/6732
f 866/1875/6733 533/1522/6734 534/1526/6735 851/1861/6736
f 829/1837/6737 510/1521/6738 531/1524/6739 828/1838/6740
f 758/1756/6741 657/1655/6742 658/1654/6743 660/1658/6744
f 756/1753/6745 660/1658/6746 661/1657/6747 664/1662/6748
f 754/1750/6749 668/1666/6750 670/1668/6751 674/1672/6752
f 750/1746/6753 674/1672/6754 675/1671/6755 677/1675/6756
f 749/1744/6757 744/1740/6758 511/1529/6759 541/1534/6760
f 746/1741/6761 677/1675/6762 678/1674/6763 745/1742/6764
f 745/1742/6765 917/1926/6766 741/1738/6767 742/1737/6768
f 745/1742/6769 678/1674/6770 679/1677/6771 917/1926/6772
f 917/1926/6773 919/1927/6774 918/1928/6775 741/1738/6776
f 917/1926/6777 679/1677/6778 681/1679/6779 919/1927/6780
f 919/1927/6781 921/1929/6782 920/1930/6783 918/1928/6784
f 919/1927/6785 681/1679/6786 683/1681/6787 921/1929/6788
f 921/1929/6789 923/1931/6790 922/1932/6791 920/1930/6792
f 921/1929/6793 683/1681/6794 924/1933/6795 923/1931/6796
f 924/1933/6797 926/1934/6798 925/1935/6799 923/1931/6800
f 924/1933/6801 686/1684/6802 927/1936/6803 926/1934/6804
f 924/1933/6805 683/1681/6806 684/1680/6807 686/1684/6808
f 927/1936/6809 929/1937/6810 928/1938/6811 926/1934/6812
f 927/1936/6813 690/1688/6814 692/1690/6815 929/1937/6816
f 927/1936/6817 686/1684/6818 687/1683/6819 690/1688/6820
f 929/1937/6821 931/1939/6822 930/1940/6823 928/1938/6824
f 929/1937/6825 692/1690/6826 932/1941/6827 931/1939/6828
f 932/1941/6829 934/1942/6830 933/1943/6831 931/1939/6832
f 932/1941/6833 695/1693/6834 935/1944/6835 934/1942/6836
f 932/1941/6837 692/1690/6838 693/1689/6839 695/1693/6840
f 935/1944/6841 708/1705/6842 709/1706/6843 934/1942/6844
f 935/1944/6845 936/1945/6846 707/1704/6847 708/1705/6848
f 935/1944/6849 695/1693/6850 696/1692/6851 936/1945/6852
f 936/1945/6853 701/1699/6854 703/1701/6855 707/1704/6856
f 936/1945/6857 696/1692/6858 697/1695/6859 701/1699/6860
f 934/1942/6861 709/1706/6862 710/1707/6863 933/1943/6864
f 933/1943/6865 937/1946/6866 930/1940/6867 931/1939/6868
f 933/1943/6869 710/1707/6870 711/1708/6871 937/1946/6872
f 937/1946/6873 939/1947/6874 938/1948/6875 930/1940/6876
f 937/1946/6877 711/1708/6878 712/1709/6879 939/1947/6880
f 939/1947/6881 941/1949/6882 940/1950/6883 938/1948/6884
f 939/1947/6885 712/1709/6886 713/1710/6887 941/1949/6888
f 941/1949/6889 943/1951/6890 942/1952/6891 940/1950/6892
f 941/1949/6893 713/1710/6894 714/1711/6895 943/1951/6896
f 943/1951/6897 945/1953/6898 944/1954/6899 942/1952/6900
f 943/1951/6901 714/1711/6902 715/1712/6903 945/1953/6904
f 945/1953/6905 947/1955/6906 946/1956/6907 944/1954/6908
f 945/1953/6909 715/1712/6910 716/1713/6911 947/1955/6912
f 947/1955/6913 949/1957/6914 948/1958/6915 946/1956/6916
f 947/1955/6917 716/1713/6918 717/1714/6919 949/1957/6920
f 949/1957/6921 951/1959/6922 950/1960/6923 948/1958/6924
f 949/1957/6925 717/1714/6926 718/1715/6927 951/1959/6928
f 950/1960/6929 719/1961/6930 952/1962/6931 948/1958/6932
f 952/1962/6933 719/1961/6934 720/1719/6935 723/1718/6936
f 952/1962/6937 953/1963/6938 946/1956/6939 948/1958/6940
f 952/1962/6941 723/1718/6942 954/1964/6943 953/1963/6944
f 954/1964/6945 723/1718/6946 724/1717/6947 728/1725/6948
f 954/1964/6949 956/1965/6950 955/1966/6951 953/1963/6952
f 954/1964/6953 728/1725/6954 957/1967/6955 956/1965/6956
f 957/1967/6957 728/1725/6958 729/1724/6959 733/1730/6960
f 957/1967/6961 959/1968/6962 958/1969/6963 956/1965/6964
f 957/1967/6965 733/1730/6966 960/1970/6967 959/1968/6968
f 960/1970/6969 733/1730/6970 734/1729/6971 738/1735/6972
f 960/1970/6973 920/1930/6974 922/1932/6975 959/1968/6976
f 960/1970/6977 738/1735/6978 918/1928/6979 920/1930/6980
f 959/1968/6981 922/1932/6982 961/1971/6983 958/1969/6984
f 961/1971/6985 963/1972/6986 962/1973/6987 958/1969/6988
f 961/1971/6989 925/1935/6990 964/1974/6991 963/1972/6992
f 961/1971/6993 922/1932/6994 923/1931/6995 925/1935/6996
f 964/1974/6997 938/1948/6998 940/1950/6999 963/1972/7000
f 964/1974/7001 928/1938/7002 930/1940/7003 938/1948/7004
f 964/1974/7005 925/1935/7006 926/1934/7007 928/1938/7008
f 963/1972/7009 940/1950/7010 942/1952/7011 962/1973/7012
f 962/1973/7013 955/1966/7014 956/1965/7015 958/1969/7016
f 962/1973/7017 942/1952/7018 944/1954/7019 955/1966/7020
f 955/1966/7021 944/1954/7022 946/1956/7023 953/1963/7024
f 918/1928/7025 738/1735/7026 739/1734/7027 741/1738/7028
f 637/1633/7029 631/1629/7030 632/1628/7031 965/1975/7032
f 965/1975/7033 632/1628/7034 967/1976/7035 966/1977/7036
f 967/1976/7037 969/1978/7038 968/1979/7039 966/1977/7040
f 967/1976/7041 627/1623/7042 970/1980/7043 969/1978/7044
f 967/1976/7045 632/1628/7046 626/1624/7047 627/1623/7048
f 970/1980/7049 972/1981/7050 971/1982/7051 969/1978/7052
f 970/1980/7053 622/1618/7054 528/1519/7055 972/1981/7056
f 970/1980/7057 627/1623/7058 621/1619/7059 622/1618/7060
f 972/1981/7061 974/1983/7062 973/1984/7063 971/1982/7064
f 972/1981/7065 528/1519/7066 529/1518/7067 974/1983/7068
f 974/1983/7069 571/1560/7070 572/1559/7071 973/1984/7072
f 974/1983/7073 529/1518/7074 530/1520/7075 571/1560/7076
f 973/1984/7077 572/1559/7078 577/1565/7079 975/1985/7080
f 973/1984/7081 975/1985/7082 976/1986/7083 971/1982/7084
f 976/1986/7085 968/1979/7086 969/1978/7087 971/1982/7088
f 622/1618/7089 617/1614/7090 527/1515/7091 528/1519/7092
f 590/1582/7093 569/1555/7094 570/1554/7095 589/1583/7096
f 588/1579/7097 586/1577/7098 587/1576/7099 562/1547/7100
f 583/1571/7101 568/1556/7102 569/1555/7103 582/1572/7104
f 7/1987/7105 978/1988/7106 979/1989/7107 8/1990/7108
f 12/1991/7109 983/1992/7110 978/1988/7111 7/1987/7112
f 8/1990/7113 979/1989/7114 1057/1993/7115 53/1994/7116
f 54/1995/7117 1063/1996/7118 983/1992/7119 12/1991/7120
f 514/1997/7121 1485/1998/7122 1486/1999/7123 513/2000/7124
f 513/2000/7125 1486/1999/7126 1489/2001/7127 518/2002/7128
f 559/2003/7129 1563/2004/7130 1485/1998/7131 514/1997/7132
f 518/2002/7133 1489/2001/7134 1063/1996/7135 54/1995/7136
f 60/2005/7137 1025/2006/7138 1022/2007/7139 46/2008/7140
f 46/2008/7141 1022/2007/7142 1028/2009/7143 63/2010/7144
f 77/2011/7145 1046/2012/7146 1043/2013/7147 50/2014/7148
f 52/2015/7149 1055/2016/7150 1025/2006/7151 60/2005/7152
f 162/2017/7153 1138/2018/7154 1139/2019/7155 163/2020/7156
f 163/2020/7157 1139/2019/7158 1046/2012/7159 77/2011/7160
f 165/2021/7161 1141/2022/7162 1138/2018/7163 162/2017/7164
f 167/2023/7165 1143/2024/7166 1141/2022/7167 165/2021/7168
f 169/2025/7169 1145/2026/7170 1143/2024/7171 167/2023/7172
f 171/2027/7173 1147/2028/7174 1145/2026/7175 169/2025/7176
f 173/2029/7177 1149/2030/7178 1147/2028/7179 171/2027/7180
f 63/2010/7181 1028/2009/7182 1149/2030/7183 173/2029/7184
f 47/2031/7185 1030/2032/7186 1031/2033/7187 65/2034/7188
f 67/2035/7189 1033/2036/7190 1030/2032/7191 47/2031/7192
f 80/2037/7193 1050/2038/7194 1047/2039/7195 51/2040/7196
f 51/2040/7197 1047/2039/7198 1053/2041/7199 83/2042/7200
f 85/2043/7201 1056/2044/7202 1055/2045/7203 52/2046/7204
f 53/1994/7205 1057/1993/7206 1058/2047/7207 86/2048/7208
f 86/2048/7209 1058/2047/7210 1033/2036/7211 67/2035/7212
f 83/2042/7213 1053/2041/7214 1056/2044/7215 85/2043/7216
f 65/2034/7217 1031/2033/7218 1050/2038/7219 80/2037/7220
f 70/2049/7221 1037/2050/7222 1034/2051/7223 48/2052/7224
f 48/2052/7225 1034/2051/7226 1039/2053/7227 72/2054/7228
f 49/2055/7229 1041/2056/7230 1037/2050/7231 70/2049/7232
f 94/2057/7233 1069/2058/7234 1068/2059/7235 56/2060/7236
f 57/2061/7237 1070/2062/7238 1071/2063/7239 95/2064/7240
f 96/2065/7241 1072/2066/7242 1070/2062/7243 57/2061/7244
f 98/2067/7245 1074/2068/7246 1072/2066/7247 96/2065/7248
f 100/2069/7249 1076/2070/7250 1074/2068/7251 98/2067/7252
f 102/2071/7253 1078/2072/7254 1076/2070/7255 100/2069/7256
f 104/2073/7257 1080/2074/7258 1078/2072/7259 102/2071/7260
f 106/2075/7261 1082/2076/7262 1080/2074/7263 104/2073/7264
f 72/2054/7265 1039/2053/7266 1082/2076/7267 106/2075/7268
f 95/2064/7269 1071/2063/7270 1310/2077/7271 335/2078/7272
f 335/2078/7273 1310/2077/7274 1311/2079/7275 336/2080/7276
f 336/2080/7277 1311/2079/7278 1312/2081/7279 337/2082/7280
f 337/2082/7281 1312/2081/7282 1069/2058/7283 94/2057/7284
f 554/2083/7285 1540/2084/7286 1541/2085/7287 573/2086/7288
f 575/2087/7289 1546/2088/7290 1540/2084/7291 554/2083/7292
f 573/2086/7293 1541/2085/7294 1547/2089/7295 555/2090/7296
f 56/2060/7297 1068/2059/7298 1569/2091/7299 594/2092/7300
f 595/2093/7301 1571/2094/7302 1570/2095/7303 560/2096/7304
f 560/2096/7305 1570/2095/7306 1572/2097/7307 596/2098/7308
f 596/2098/7309 1572/2097/7310 1573/2099/7311 598/2100/7312
f 598/2100/7313 1573/2099/7314 1575/2101/7315 600/2102/7316
f 600/2102/7317 1575/2101/7318 1577/2103/7319 602/2104/7320
f 602/2104/7321 1577/2103/7322 1579/2105/7323 604/2106/7324
f 604/2106/7325 1579/2105/7326 1581/2107/7327 606/2108/7328
f 606/2108/7329 1581/2107/7330 1546/2088/7331 575/2087/7332
f 805/2109/7333 1780/2110/7334 1571/2094/7335 595/2093/7336
f 806/2111/7337 1781/2112/7338 1780/2110/7339 805/2109/7340
f 807/2113/7341 1782/2114/7342 1781/2112/7343 806/2111/7344
f 594/2092/7345 1569/2091/7346 1782/2114/7347 807/2113/7348
f 74/2115/7349 1042/2116/7350 1041/2056/7351 49/2055/7352
f 50/2117/7353 1043/2118/7354 1044/2119/7355 75/2120/7356
f 136/2121/7357 1112/2122/7358 1113/2123/7359 137/2124/7360
f 140/2125/7361 1116/2126/7362 1112/2122/7363 136/2121/7364
f 142/2127/7365 1118/2128/7366 1116/2126/7367 140/2125/7368
f 144/2129/7369 1120/2130/7370 1118/2128/7371 142/2127/7372
f 146/2131/7373 1122/2132/7374 1120/2130/7375 144/2129/7376
f 148/2133/7377 1124/2134/7378 1122/2132/7379 146/2131/7380
f 150/2135/7381 1126/2136/7382 1124/2134/7383 148/2133/7384
f 152/2137/7385 1128/2138/7386 1126/2136/7387 150/2135/7388
f 154/2139/7389 1130/2140/7390 1128/2138/7391 152/2137/7392
f 156/2141/7393 1132/2142/7394 1130/2140/7395 154/2139/7396
f 75/2120/7397 1044/2119/7398 1132/2142/7399 156/2141/7400
f 137/2124/7401 1113/2123/7402 1471/2143/7403 495/2144/7404
f 495/2144/7405 1471/2143/7406 1472/2145/7407 496/2146/7408
f 496/2146/7409 1472/2145/7410 1474/2147/7411 498/2148/7412
f 505/2149/7413 1481/2150/7414 1042/2116/7415 74/2115/7416
f 506/2151/7417 1482/2152/7418 1481/2150/7419 505/2149/7420
f 498/2148/7421 1474/2147/7422 1482/2152/7423 506/2151/7424
f 234/2153/7425 1210/2154/7426 1211/2155/7427 235/2156/7428
f 238/2157/7429 1213/2158/7430 1212/2159/7431 237/2160/7432
f 239/2161/7433 1217/2162/7434 1213/2158/7435 238/2157/7436
f 244/2163/7437 1219/2164/7438 1217/2162/7439 239/2161/7440
f 304/2165/7441 1279/2166/7442 1280/2167/7443 305/2168/7444
f 305/2168/7445 1280/2167/7446 1281/2169/7447 306/2170/7448
f 306/2170/7449 1281/2169/7450 1219/2164/7451 244/2163/7452
f 308/2171/7453 1283/2172/7454 1282/2173/7455 307/2174/7456
f 386/2175/7457 1361/2176/7458 1362/2177/7459 387/2178/7460
f 387/2178/7461 1362/2177/7462 1363/2179/7463 388/2180/7464
f 388/2180/7465 1363/2179/7466 1364/2181/7467 389/2182/7468
f 389/2182/7469 1364/2181/7470 1365/2183/7471 390/2184/7472
f 390/2184/7473 1365/2183/7474 1279/2166/7475 304/2165/7476
f 391/2185/7477 1366/2186/7478 1361/2176/7479 386/2175/7480
f 392/2187/7481 1368/2188/7482 1366/2186/7483 391/2185/7484
f 395/2189/7485 1370/2190/7486 1368/2188/7487 392/2187/7488
f 437/2191/7489 1412/2192/7490 1413/2193/7491 438/2194/7492
f 438/2194/7493 1413/2193/7494 1414/2195/7495 439/2196/7496
f 439/2196/7497 1414/2195/7498 1370/2190/7499 395/2189/7500
f 440/2197/7501 1415/2198/7502 1412/2192/7503 437/2191/7504
f 441/2199/7505 1417/2200/7506 1415/2198/7507 440/2197/7508
f 444/2201/7509 1419/2202/7510 1417/2200/7511 441/2199/7512
f 445/2203/7513 1421/2204/7514 1419/2202/7515 444/2201/7516
f 307/2174/7517 1282/2173/7518 1421/2204/7519 445/2203/7520
f 480/2205/7521 1455/2206/7522 1456/2207/7523 481/2208/7524
f 481/2208/7525 1456/2207/7526 1210/2154/7527 234/2153/7528
f 236/2209/7529 1458/2210/7530 1455/2206/7531 480/2205/7532
f 237/2160/7533 1212/2159/7534 1458/2210/7535 236/2209/7536
f 235/2156/7537 1211/2155/7538 1694/2211/7539 718/2212/7540
f 720/2213/7541 1698/2214/7542 1695/2215/7543 721/2216/7544
f 721/2216/7545 1695/2215/7546 1699/2217/7547 722/2218/7548
f 722/2218/7549 1699/2217/7550 1701/2219/7551 727/2220/7552
f 788/2221/7553 1762/2222/7554 1763/2223/7555 787/2224/7556
f 789/2225/7557 1764/2226/7558 1762/2222/7559 788/2221/7560
f 727/2220/7561 1701/2219/7562 1764/2226/7563 789/2225/7564
f 790/2227/7565 1766/2228/7566 1283/2229/7567 308/2230/7568
f 857/2231/7569 1831/2232/7570 1832/2233/7571 856/2234/7572
f 858/2235/7573 1833/2236/7574 1831/2232/7575 857/2231/7576
f 859/2237/7577 1834/2238/7578 1833/2236/7579 858/2235/7580
f 860/2239/7581 1835/2240/7582 1834/2238/7583 859/2237/7584
f 787/2224/7585 1763/2223/7586 1835/2240/7587 860/2239/7588
f 856/2234/7589 1832/2233/7590 1836/2241/7591 861/2242/7592
f 861/2242/7593 1836/2241/7594 1837/2243/7595 862/2244/7596
f 862/2244/7597 1837/2243/7598 1839/2245/7599 865/2246/7600
f 908/2247/7601 1882/2248/7602 1883/2249/7603 907/2250/7604
f 909/2251/7605 1884/2252/7606 1882/2248/7607 908/2247/7608
f 865/2246/7609 1839/2245/7610 1884/2252/7611 909/2251/7612
f 907/2250/7613 1883/2249/7614 1885/2253/7615 910/2254/7616
f 910/2254/7617 1885/2253/7618 1886/2255/7619 911/2256/7620
f 911/2256/7621 1886/2255/7622 1888/2257/7623 914/2258/7624
f 914/2258/7625 1888/2257/7626 1890/2259/7627 915/2260/7628
f 915/2260/7629 1890/2259/7630 1766/2228/7631 790/2227/7632
f 951/2261/7633 1925/2262/7634 1926/2263/7635 950/2264/7636
f 718/2212/7637 1694/2211/7638 1925/2262/7639 951/2261/7640
f 950/2264/7641 1926/2263/7642 1927/2265/7643 719/2266/7644
f 719/2266/7645 1927/2265/7646 1698/2214/7647 720/2213/7648
f 552/2267/7649 1528/2268/7650 1529/2269/7651 563/2270/7652
f 566/2271/7653 1535/2272/7654 1528/2268/7655 552/2267/7656
f 556/2273/7657 1549/2274/7658 1550/2275/7659 580/2276/7660
f 563/2270/7661 1529/2269/7662 1561/2277/7663 558/2278/7664
f 663/2279/7665 1638/2280/7666 1639/2281/7667 662/2282/7668
f 580/2276/7669 1550/2275/7670 1638/2280/7671 663/2279/7672
f 662/2282/7673 1639/2281/7674 1640/2283/7675 665/2284/7676
f 665/2284/7677 1640/2283/7678 1642/2285/7679 667/2286/7680
f 667/2286/7681 1642/2285/7682 1644/2287/7683 669/2288/7684
f 669/2288/7685 1644/2287/7686 1646/2289/7687 671/2290/7688
f 671/2290/7689 1646/2289/7690 1648/2291/7691 673/2292/7692
f 673/2292/7693 1648/2291/7694 1535/2272/7695 566/2271/7696
f 553/2293/7697 1536/2294/7698 1537/2295/7699 570/2296/7700
f 568/2297/7701 1539/2298/7702 1536/2294/7703 553/2293/7704
f 557/2299/7705 1553/2300/7706 1554/2301/7707 583/2302/7708
f 586/2303/7709 1560/2304/7710 1553/2300/7711 557/2299/7712
f 558/2305/7713 1561/2306/7714 1562/2307/7715 588/2308/7716
f 589/2309/7717 1566/2310/7718 1563/2004/7719 559/2003/7720
f 570/2296/7721 1537/2295/7722 1566/2310/7723 589/2309/7724
f 588/2308/7725 1562/2307/7726 1560/2304/7727 586/2303/7728
f 583/2302/7729 1554/2301/7730 1539/2298/7731 568/2297/7732
f 555/2090/7733 1547/2089/7734 1548/2311/7735 577/2312/7736
f 578/2313/7737 1552/2314/7738 1549/2315/7739 556/2316/7740
f 637/2317/7741 1612/2318/7742 1613/2319/7743 636/2320/7744
f 636/2320/7745 1613/2319/7746 1616/2321/7747 640/2322/7748
f 640/2322/7749 1616/2321/7750 1617/2323/7751 642/2324/7752
f 642/2324/7753 1617/2323/7754 1619/2325/7755 644/2326/7756
f 644/2326/7757 1619/2325/7758 1621/2327/7759 646/2328/7760
f 646/2328/7761 1621/2327/7762 1623/2329/7763 648/2330/7764
f 648/2330/7765 1623/2329/7766 1625/2331/7767 650/2332/7768
f 650/2332/7769 1625/2331/7770 1627/2333/7771 652/2334/7772
f 652/2334/7773 1627/2333/7774 1629/2335/7775 654/2336/7776
f 654/2336/7777 1629/2335/7778 1631/2337/7779 656/2338/7780
f 656/2338/7781 1631/2337/7782 1552/2314/7783 578/2313/7784
f 965/2339/7785 1941/2340/7786 1612/2318/7787 637/2317/7788
f 966/2341/7789 1943/2342/7790 1941/2340/7791 965/2339/7792
f 968/2343/7793 1945/2344/7794 1943/2342/7795 966/2341/7796
f 577/2312/7797 1548/2311/7798 1951/2345/7799 975/2346/7800
f 975/2346/7801 1951/2345/7802 1952/2347/7803 976/2348/7804
f 976/2348/7805 1952/2347/7806 1945/2344/7807 968/2343/7808
g default
v 0.402463 0.009375 -0.034500
v 0.435342 0.009375 -0.034500
v 0.402463 0.093542 -0.034500
v 0.435342 0.093542 -0.034500
v 0.466579 0.017024 -0.034500
v 0.444588 0.097513 -0.034500
v 0.508631 0.345907 -0.034500
v 0.471898 0.345948 -0.034500
v 0.530232 0.396081 -0.034500
v 0.490197 0.418254 -0.034500
v 0.568223 0.425779 -0.034500
v 0.542553 0.473366 -0.034500
v 0.794700 0.437179 -0.034500
v 0.794700 0.533808 -0.034500
v 0.903317 0.466936 -0.034500
v 0.919939 0.564196 -0.034500
v 0.852575 0.512473 -0.034500
v 0.862544 0.612706 -0.034500
v 0.753058 0.451027 -0.034500
v 0.753058 0.525325 -0.034500
v 0.855559 0.387092 -0.034500
v 0.937375 0.406072 -0.034500
v 0.876064 0.352174 -0.034500
v 0.967474 0.295924 -0.034500
v 0.909637 0.272506 -0.034500
v 0.972821 0.186389 -0.034500
v 0.922911 0.185552 -0.034500
v 0.977383 0.488918 -0.034500
v 1.012421 0.346359 -0.034500
v 1.013565 0.192548 -0.034500
v 0.959932 0.075008 -0.034500
v 0.922021 0.104668 -0.034500
v 0.994202 0.054898 -0.034500
v 0.926409 -0.032295 -0.034500
v 0.896740 -0.011515 -0.034500
v 0.953226 -0.051078 -0.034500
v 0.709022 -0.280852 -0.034500
v 0.687518 -0.258731 -0.034500
v 0.737960 -0.306024 -0.034500
v 0.560928 -0.356632 -0.034500
v 0.539201 -0.321414 -0.034500
v 0.584013 -0.393577 -0.034500
v 0.511600 0.158381 -0.034500
v 0.473299 0.181898 -0.034500
v 0.740985 -0.225123 -0.034500
v 0.760808 -0.244778 -0.034500
v 0.788179 -0.267690 -0.034500
v 0.789680 -0.181170 -0.034500
v 0.809369 -0.199696 -0.034500
v 0.836703 -0.221643 -0.034500
v 0.833904 -0.126001 -0.034500
v 0.858287 -0.145336 -0.034500
v 0.885530 -0.166283 -0.034500
v 0.868439 -0.073113 -0.034500
v 0.895494 -0.093190 -0.034500
v 0.922551 -0.113073 -0.034500
v 0.591799 -0.304028 -0.034500
v 0.613252 -0.336293 -0.034500
v 0.637835 -0.368919 -0.034500
v 0.644873 -0.283592 -0.034500
v 0.663877 -0.309904 -0.034500
v 0.690568 -0.338875 -0.034500
v 0.472825 -0.343783 -0.034500
v 0.491296 -0.378914 -0.034500
v 0.507945 -0.420440 -0.034500
v 0.973714 0.001910 -0.034500
v 0.943170 0.021356 -0.034500
v 0.909381 0.046576 -0.034500
v 1.003883 0.123723 -0.034500
v 0.966377 0.130698 -0.034500
v 0.922466 0.145110 -0.034500
v 1.012993 0.269453 -0.034500
v 0.970147 0.241156 -0.034500
v 0.916274 0.229029 -0.034500
v 0.994902 0.417639 -0.034500
v 0.952424 0.350998 -0.034500
v 0.892850 0.312340 -0.034500
v 0.682114 0.509948 -0.034500
v 0.689984 0.446220 -0.034500
v 0.610391 0.497201 -0.034500
v 0.627687 0.438782 -0.034500
v 0.512657 0.096792 -0.034500
v 0.502572 0.060361 -0.034500
v 0.466424 0.125079 -0.034500
v 0.472552 0.161748 -0.034500
v 0.490021 0.032539 -0.034500
v 0.457080 0.110026 -0.034500
v 0.472144 0.304935 -0.034500
v 0.509464 0.299056 -0.034500
v 0.472517 0.263923 -0.034500
v 0.510176 0.252164 -0.034500
v 0.472958 0.222910 -0.034500
v 0.510888 0.205273 -0.034500
v 0.438267 -0.363546 -0.034500
v 0.462806 -0.388453 -0.034500
v 0.478691 -0.428579 -0.034500
v 0.425377 -0.389208 -0.034500
v 0.452829 -0.397210 -0.034500
v 0.468162 -0.433216 -0.034500
v 0.424358 -0.433165 -0.034500
v 0.440513 -0.433065 -0.034500
v 0.460589 -0.441046 -0.034500
v 0.424249 -0.454561 -0.034500
v 0.438943 -0.455294 -0.034500
v 0.458603 -0.453652 -0.034500
v 0.424424 -0.478178 -0.034500
v 0.441981 -0.476135 -0.034500
v 0.460756 -0.472236 -0.034500
v 0.430781 -0.496133 -0.034500
v 0.448220 -0.492426 -0.034500
v 0.465857 -0.488677 -0.034500
v 0.492901 -0.423590 -0.034500
v 0.475694 -0.383382 -0.034500
v 0.452787 -0.352088 -0.034500
v 0.545979 -0.407008 -0.034500
v 0.526112 -0.367773 -0.034500
v 0.506013 -0.332598 -0.034500
v 0.443413 -0.506899 -0.034500
v 0.458206 -0.503754 -0.034500
v 0.473169 -0.500574 -0.034500
v 0.817867 0.562975 -0.034500
v 0.846653 0.604845 -0.034500
v 0.402463 0.009375 0.034500
v 0.435342 0.009375 0.034500
v 0.435342 0.093542 0.034500
v 0.402463 0.093542 0.034500
v 0.466579 0.017024 0.034500
v 0.444588 0.097513 0.034500
v 0.490021 0.032539 0.034500
v 0.457080 0.110026 0.034500
v 0.472552 0.161748 0.034500
v 0.512657 0.096792 0.034500
v 0.511600 0.158381 0.034500
v 0.473299 0.181898 0.034500
v 0.508631 0.345907 0.034500
v 0.471898 0.345948 0.034500
v 0.530232 0.396081 0.034500
v 0.490197 0.418254 0.034500
v 0.568223 0.425779 0.034500
v 0.542553 0.473366 0.034500
v 0.682114 0.509948 0.034500
v 0.753058 0.525325 0.034500
v 0.689984 0.446220 0.034500
v 0.753058 0.451027 0.034500
v 0.817867 0.562975 0.034500
v 0.852575 0.512473 0.034500
v 0.862544 0.612706 0.034500
v 0.846653 0.604845 0.034500
v 0.903317 0.466936 0.034500
v 0.919939 0.564196 0.034500
v 0.794700 0.437179 0.034500
v 0.794700 0.533808 0.034500
v 0.855559 0.387092 0.034500
v 0.876064 0.352174 0.034500
v 0.937375 0.406072 0.034500
v 0.952424 0.350998 0.034500
v 0.892850 0.312340 0.034500
v 0.909637 0.272506 0.034500
v 0.967474 0.295924 0.034500
v 0.970147 0.241156 0.034500
v 0.916274 0.229029 0.034500
v 0.922911 0.185552 0.034500
v 0.972821 0.186389 0.034500
v 0.977383 0.488918 0.034500
v 0.994902 0.417639 0.034500
v 1.012421 0.346359 0.034500
v 1.012993 0.269453 0.034500
v 1.013565 0.192548 0.034500
v 0.966377 0.130698 0.034500
v 0.922466 0.145110 0.034500
v 0.922021 0.104668 0.034500
v 0.959932 0.075008 0.034500
v 1.003883 0.123723 0.034500
v 0.994202 0.054898 0.034500
v 0.943170 0.021356 0.034500
v 0.909381 0.046576 0.034500
v 0.896740 -0.011515 0.034500
v 0.926409 -0.032295 0.034500
v 0.973714 0.001910 0.034500
v 0.953226 -0.051078 0.034500
v 0.922551 -0.113073 0.034500
v 0.895494 -0.093190 0.034500
v 0.868439 -0.073113 0.034500
v 0.709022 -0.280852 0.034500
v 0.687518 -0.258731 0.034500
v 0.644873 -0.283592 0.034500
v 0.663877 -0.309904 0.034500
v 0.737960 -0.306024 0.034500
v 0.690568 -0.338875 0.034500
v 0.526112 -0.367773 0.034500
v 0.506013 -0.332598 0.034500
v 0.472825 -0.343783 0.034500
v 0.491296 -0.378914 0.034500
v 0.545979 -0.407008 0.034500
v 0.507945 -0.420440 0.034500
v 0.472144 0.304935 0.034500
v 0.509464 0.299056 0.034500
v 0.740985 -0.225123 0.034500
v 0.760808 -0.244778 0.034500
v 0.788179 -0.267690 0.034500
v 0.789680 -0.181170 0.034500
v 0.809369 -0.199696 0.034500
v 0.836703 -0.221643 0.034500
v 0.833904 -0.126001 0.034500
v 0.858287 -0.145336 0.034500
v 0.885530 -0.166283 0.034500
v 0.591799 -0.304028 0.034500
v 0.613252 -0.336293 0.034500
v 0.539201 -0.321414 0.034500
v 0.560928 -0.356632 0.034500
v 0.637835 -0.368919 0.034500
v 0.584013 -0.393577 0.034500
v 0.610391 0.497201 0.034500
v 0.627687 0.438782 0.034500
v 0.502572 0.060361 0.034500
v 0.466424 0.125079 0.034500
v 0.472517 0.263923 0.034500
v 0.510176 0.252164 0.034500
v 0.472958 0.222910 0.034500
v 0.510888 0.205273 0.034500
v 0.475694 -0.383382 0.034500
v 0.452787 -0.352088 0.034500
v 0.438267 -0.363546 0.034500
v 0.462806 -0.388453 0.034500
v 0.492901 -0.423590 0.034500
v 0.478691 -0.428579 0.034500
v 0.425377 -0.389208 0.034500
v 0.452829 -0.397210 0.034500
v 0.468162 -0.433216 0.034500
v 0.424358 -0.433165 0.034500
v 0.440513 -0.433065 0.034500
v 0.460589 -0.441046 0.034500
v 0.424249 -0.454561 0.034500
v 0.438943 -0.455294 0.034500
v 0.458603 -0.453652 0.034500
v 0.424424 -0.478178 0.034500
v 0.441981 -0.476135 0.034500
v 0.460756 -0.472236 0.034500
v 0.430781 -0.496133 0.034500
v 0.448220 -0.492426 0.034500
v 0.465857 -0.488677 0.034500
v 0.443413 -0.506899 0.034500
v 0.458206 -0.503754 0.034500
v 0.473169 -0.500574 0.034500
v 0.424463 -0.001625 -0.012500
v 0.436669 -0.001625 -0.012500
v 0.436669 -0.001625 0.012500
v 0.424463 -0.001625 0.012500
v 0.424463 0.104542 -0.012500
v 0.433079 0.104542 -0.012500
v 0.424463 0.104542 0.012500
v 0.433079 0.104542 0.012500
v 0.471054 0.006794 -0.012500
v 0.471054 0.006794 0.012500
v 0.438300 0.106784 -0.012500
v 0.438300 0.106784 0.012500
v 0.498741 0.025119 -0.012500
v 0.498741 0.025119 0.012500
v 0.448401 0.116902 -0.012500
v 0.448401 0.116902 0.012500
v 0.523683 0.095390 -0.012500
v 0.522599 0.158559 -0.012500
v 0.522599 0.158559 0.012500
v 0.523683 0.095390 0.012500
v 0.461586 0.162863 -0.012500
v 0.462297 0.182056 -0.012500
v 0.461586 0.162863 0.012500
v 0.462297 0.182056 0.012500
v 0.519671 0.343734 -0.012500
v 0.539223 0.389147 -0.012500
v 0.539223 0.389147 0.012500
v 0.519671 0.343734 0.012500
v 0.460889 0.347286 -0.012500
v 0.480239 0.423743 -0.012500
v 0.460889 0.347286 0.012500
v 0.480239 0.423743 0.012500
v 0.573022 0.415568 -0.012500
v 0.573022 0.415568 0.012500
v 0.536405 0.482865 -0.012500
v 0.536405 0.482865 0.012500
v 0.679986 0.520742 -0.012500
v 0.750795 0.536090 -0.012500
v 0.679986 0.520742 0.012500
v 0.750795 0.536090 0.012500
v 0.691054 0.435269 -0.012500
v 0.751687 0.439891 -0.012500
v 0.751687 0.439891 0.012500
v 0.691054 0.435269 0.012500
v 0.839210 0.613435 -0.012500
v 0.864134 0.625765 -0.012500
v 0.839210 0.613435 0.012500
v 0.864134 0.625765 0.012500
v 0.809018 0.569520 -0.012500
v 0.809018 0.569520 0.012500
v 0.927956 0.571823 -0.012500
v 0.927956 0.571823 0.012500
v 0.789289 0.427386 -0.012500
v 0.789289 0.427386 0.012500
v 0.788578 0.543787 -0.012500
v 0.788578 0.543787 0.012500
v 0.847062 0.379839 -0.012500
v 0.847062 0.379839 0.012500
v 0.866210 0.347232 -0.012500
v 0.866210 0.347232 0.012500
v 0.882714 0.308068 -0.012500
v 0.898969 0.269494 -0.012500
v 0.898969 0.269494 0.012500
v 0.882714 0.308068 0.012500
v 0.905400 0.227369 -0.012500
v 0.911902 0.184777 -0.012500
v 0.911902 0.184777 0.012500
v 0.905400 0.227369 0.012500
v 0.987518 0.493769 -0.012500
v 0.987518 0.493769 0.012500
v 1.005584 0.420264 -0.012500
v 1.023411 0.347731 -0.012500
v 1.005584 0.420264 0.012500
v 1.023411 0.347731 0.012500
v 1.023993 0.269535 -0.012500
v 1.024571 0.191818 -0.012500
v 1.023993 0.269535 0.012500
v 1.024571 0.191818 0.012500
v 0.911467 0.145231 -0.012500
v 0.911034 0.105911 -0.012500
v 0.911034 0.105911 0.012500
v 0.911467 0.145231 0.012500
v 1.014776 0.122191 -0.012500
v 1.004918 0.052112 -0.012500
v 1.014776 0.122191 0.012500
v 1.004918 0.052112 0.012500
v 0.898632 0.048915 -0.012500
v 0.886246 -0.008009 -0.012500
v 0.886246 -0.008009 0.012500
v 0.898632 0.048915 0.012500
v 0.983974 -0.002057 -0.012500
v 0.963306 -0.055510 -0.012500
v 0.983974 -0.002057 0.012500
v 0.963306 -0.055510 0.012500
v 0.932048 -0.118684 -0.012500
v 0.932048 -0.118684 0.012500
v 0.858784 -0.067781 -0.012500
v 0.858784 -0.067781 0.012500
v 0.681819 -0.249320 -0.012500
v 0.640096 -0.273644 -0.012500
v 0.640096 -0.273644 0.012500
v 0.681819 -0.249320 0.012500
v 0.744434 -0.314921 -0.012500
v 0.696435 -0.348192 -0.012500
v 0.744434 -0.314921 0.012500
v 0.696435 -0.348192 0.012500
v 0.502500 -0.322174 -0.012500
v 0.468958 -0.333479 -0.012500
v 0.468958 -0.333479 0.012500
v 0.502500 -0.322174 0.012500
v 0.549642 -0.417381 -0.012500
v 0.510916 -0.431056 -0.012500
v 0.549642 -0.417381 0.012500
v 0.510916 -0.431056 0.012500
v 0.461145 0.304852 -0.012500
v 0.461145 0.304852 0.012500
v 0.520463 0.299238 -0.012500
v 0.520463 0.299238 0.012500
v 0.734323 -0.216318 -0.012500
v 0.734323 -0.216318 0.012500
v 0.795323 -0.276075 -0.012500
v 0.795323 -0.276075 0.012500
v 0.781652 -0.173599 -0.012500
v 0.781652 -0.173599 0.012500
v 0.844630 -0.229286 -0.012500
v 0.844630 -0.229286 0.012500
v 0.824987 -0.119538 -0.012500
v 0.824987 -0.119538 0.012500
v 0.894198 -0.173085 -0.012500
v 0.894198 -0.173085 0.012500
v 0.588095 -0.293667 -0.012500
v 0.535718 -0.310979 -0.012500
v 0.535718 -0.310979 0.012500
v 0.588095 -0.293667 0.012500
v 0.642858 -0.378717 -0.012500
v 0.588144 -0.403784 -0.012500
v 0.642858 -0.378717 0.012500
v 0.588144 -0.403784 0.012500
v 0.607588 0.507875 -0.012500
v 0.607588 0.507875 0.012500
v 0.629519 0.427923 -0.012500
v 0.629519 0.427923 0.012500
v 0.512947 0.056610 -0.012500
v 0.512947 0.056610 0.012500
v 0.455933 0.129035 -0.012500
v 0.455933 0.129035 0.012500
v 0.461517 0.263814 -0.012500
v 0.461517 0.263814 0.012500
v 0.521175 0.252331 -0.012500
v 0.521175 0.252331 0.012500
v 0.461958 0.222806 -0.012500
v 0.461958 0.222806 0.012500
v 0.521887 0.205440 -0.012500
v 0.521887 0.205440 0.012500
v 0.447169 -0.342510 -0.012500
v 0.429534 -0.356424 -0.012500
v 0.429534 -0.356424 0.012500
v 0.447169 -0.342510 0.012500
v 0.495863 -0.434208 -0.012500
v 0.482736 -0.438817 -0.012500
v 0.495863 -0.434208 0.012500
v 0.482736 -0.438817 0.012500
v 0.414437 -0.386480 -0.012500
v 0.414437 -0.386480 0.012500
v 0.474570 -0.442413 -0.012500
v 0.474570 -0.442413 0.012500
v 0.413358 -0.433009 -0.012500
v 0.413358 -0.433009 0.012500
v 0.470913 -0.446194 -0.012500
v 0.470913 -0.446194 0.012500
v 0.413248 -0.454573 -0.012500
v 0.413248 -0.454573 0.012500
v 0.469703 -0.453879 -0.012500
v 0.469703 -0.453879 0.012500
v 0.413438 -0.480108 -0.012500
v 0.413438 -0.480108 0.012500
v 0.471565 -0.469954 -0.012500
v 0.471565 -0.469954 0.012500
v 0.421398 -0.502589 -0.012500
v 0.421398 -0.502589 0.012500
v 0.475953 -0.484096 -0.012500
v 0.475953 -0.484096 0.012500
v 0.440401 -0.518785 -0.012500
v 0.440401 -0.518785 0.012500
v 0.468256 -0.517841 -0.012500
v 0.468256 -0.517841 0.012500
v 0.490701 -0.508093 -0.012500
v 0.490701 -0.508093 0.012500
vt 0.780231 0.277048
vt 0.780231 0.270170
vt 0.797838 0.270170
vt 0.797838 0.277048
vt 0.781830 0.263635
vt 0.798668 0.268236
vt 0.785076 0.258731
vt 0.801286 0.265622
vt 0.812106 0.262386
vt 0.798517 0.253995
vt 0.811402 0.254217
vt 0.816321 0.262230
vt 0.850638 0.262530
vt 0.850633 0.254846
vt 0.861131 0.250331
vt 0.865766 0.258709
vt 0.867349 0.242387
vt 0.877301 0.247764
vt 0.888205 0.203737
vt 0.884975 0.218575
vt 0.871644 0.216916
vt 0.872662 0.203722
vt 0.896096 0.190190
vt 0.885540 0.182917
vt 0.906511 0.180856
vt 0.904863 0.184178
vt 0.876026 0.172291
vt 0.896377 0.168838
vt 0.869774 0.195006
vt 0.889989 0.195029
vt 0.859310 0.182261
vt 0.852010 0.177962
vt 0.863303 0.165150
vt 0.851785 0.161987
vt 0.843681 0.174439
vt 0.835351 0.170915
vt 0.840268 0.158823
vt 0.828811 0.158247
vt 0.826257 0.169513
vt 0.817163 0.168111
vt 0.817355 0.157670
vt 0.880644 0.156802
vt 0.865738 0.153119
vt 0.850832 0.149434
vt 0.834744 0.149292
vt 0.818657 0.149148
vt 0.805703 0.158998
vt 0.808701 0.168189
vt 0.800240 0.168268
vt 0.794050 0.160326
vt 0.804256 0.151149
vt 0.789856 0.153149
vt 0.782819 0.163811
vt 0.788081 0.170890
vt 0.775923 0.173511
vt 0.771588 0.167295
vt 0.778763 0.157413
vt 0.767670 0.161677
vt 0.754688 0.168068
vt 0.758835 0.173737
vt 0.763024 0.179405
vt 0.719490 0.212659
vt 0.724107 0.217169
vt 0.718885 0.226078
vt 0.713390 0.222090
vt 0.714238 0.206594
vt 0.707342 0.216492
vt 0.701216 0.250881
vt 0.708565 0.255103
vt 0.706208 0.262041
vt 0.698868 0.258159
vt 0.693018 0.246706
vt 0.690189 0.254656
vt 0.842059 0.262476
vt 0.840832 0.254668
vt 0.731164 0.205999
vt 0.727061 0.201843
vt 0.722281 0.196106
vt 0.740382 0.195833
vt 0.736515 0.191705
vt 0.731937 0.185977
vt 0.751944 0.186606
vt 0.747910 0.181497
vt 0.743540 0.175788
vt 0.707845 0.232667
vt 0.714584 0.237171
vt 0.710921 0.248166
vt 0.703564 0.243603
vt 0.701032 0.227509
vt 0.695847 0.238756
vt 0.882296 0.233576
vt 0.870078 0.229948
vt 0.790896 0.256105
vt 0.804435 0.263667
vt 0.833480 0.262396
vt 0.831022 0.254517
vt 0.824900 0.262302
vt 0.821212 0.254367
vt 0.697926 0.261421
vt 0.704461 0.266229
vt 0.702057 0.269260
vt 0.696859 0.264115
vt 0.688472 0.260772
vt 0.689523 0.257801
vt 0.696682 0.271944
vt 0.695022 0.266198
vt 0.687497 0.262972
vt 0.687486 0.272136
vt 0.687515 0.268756
vt 0.685855 0.264552
vt 0.683010 0.272148
vt 0.682864 0.269074
vt 0.683217 0.264962
vt 0.678069 0.272099
vt 0.678505 0.268427
vt 0.679331 0.264502
vt 0.674316 0.270760
vt 0.675101 0.267114
vt 0.675894 0.263426
vt 0.672070 0.268112
vt 0.672736 0.265019
vt 0.673409 0.261891
vt 0.654666 0.863791
vt 0.654666 0.881398
vt 0.647788 0.881397
vt 0.647788 0.863790
vt 0.645854 0.882228
vt 0.641253 0.865390
vt 0.643240 0.884846
vt 0.636349 0.868635
vt 0.640004 0.895666
vt 0.639848 0.899881
vt 0.631835 0.894961
vt 0.631614 0.882077
vt 0.640140 0.934200
vt 0.636312 0.949326
vt 0.627937 0.944687
vt 0.632456 0.934191
vt 0.625358 0.960855
vt 0.619989 0.950899
vt 0.581321 0.971722
vt 0.581321 0.956179
vt 0.594516 0.955174
vt 0.596162 0.968506
vt 0.567762 0.979597
vt 0.561739 0.988355
vt 0.558414 0.990000
vt 0.560502 0.969031
vt 0.546408 0.979850
vt 0.549887 0.959504
vt 0.572609 0.973496
vt 0.572610 0.953281
vt 0.559880 0.942802
vt 0.542764 0.946770
vt 0.555592 0.935497
vt 0.539617 0.935248
vt 0.536471 0.923726
vt 0.548572 0.918830
vt 0.552082 0.927163
vt 0.535915 0.912268
vt 0.535360 0.900811
vt 0.545801 0.900640
vt 0.547186 0.909735
vt 0.534392 0.964100
vt 0.530729 0.949188
vt 0.527066 0.934275
vt 0.526950 0.918185
vt 0.526836 0.902095
vt 0.536713 0.889161
vt 0.538069 0.877511
vt 0.545996 0.883721
vt 0.545898 0.892181
vt 0.528868 0.887697
vt 0.530903 0.873299
vt 0.541585 0.866290
vt 0.545102 0.855069
vt 0.551304 0.859423
vt 0.548649 0.871571
vt 0.535199 0.862216
vt 0.539497 0.851133
vt 0.545931 0.838171
vt 0.551585 0.842338
vt 0.557240 0.846545
vt 0.590661 0.803146
vt 0.600118 0.797088
vt 0.604082 0.802601
vt 0.595150 0.807783
vt 0.584618 0.797868
vt 0.594547 0.791016
vt 0.628965 0.785046
vt 0.636254 0.782732
vt 0.640101 0.790090
vt 0.633153 0.792414
vt 0.624828 0.776828
vt 0.632792 0.774037
vt 0.632282 0.924390
vt 0.640089 0.925620
vt 0.583952 0.814791
vt 0.579813 0.810671
vt 0.574095 0.805868
vt 0.573749 0.823967
vt 0.569637 0.820084
vt 0.563926 0.815483
vt 0.564479 0.835492
vt 0.559384 0.831440
vt 0.553692 0.827049
vt 0.610721 0.791590
vt 0.621676 0.787360
vt 0.626205 0.794737
vt 0.615194 0.798350
vt 0.605593 0.784754
vt 0.616865 0.779620
vt 0.607549 0.953619
vt 0.611167 0.965840
vt 0.633723 0.874455
vt 0.641285 0.887994
vt 0.632133 0.914580
vt 0.640011 0.917041
vt 0.631984 0.904771
vt 0.639919 0.908460
vt 0.639520 0.781805
vt 0.642219 0.780751
vt 0.647340 0.785973
vt 0.644297 0.788363
vt 0.638916 0.772348
vt 0.635941 0.773385
vt 0.644310 0.778924
vt 0.650049 0.780612
vt 0.641121 0.771383
vt 0.646905 0.771429
vt 0.650285 0.771416
vt 0.642709 0.769749
vt 0.647245 0.766780
vt 0.650319 0.766941
vt 0.643131 0.767113
vt 0.646621 0.762418
vt 0.650295 0.761999
vt 0.642691 0.763223
vt 0.645324 0.759007
vt 0.648974 0.758240
vt 0.641632 0.759781
vt 0.643241 0.756631
vt 0.646338 0.755981
vt 0.640109 0.757289
vt 0.014909 0.176652
vt 0.017416 0.176593
vt 0.017398 0.181823
vt 0.014944 0.181876
vt 0.024631 0.176479
vt 0.024490 0.181723
vt 0.031263 0.176412
vt 0.031094 0.181547
vt 0.046381 0.176280
vt 0.059406 0.176242
vt 0.059315 0.181558
vt 0.046267 0.181467
vt 0.098393 0.177090
vt 0.108932 0.177602
vt 0.108841 0.183027
vt 0.098278 0.182448
vt 0.118115 0.178126
vt 0.118013 0.183489
vt 0.143528 0.179116
vt 0.156455 0.179356
vt 0.156409 0.184718
vt 0.143484 0.184184
vt 0.164910 0.179677
vt 0.164884 0.185017
vt 0.180806 0.180143
vt 0.180812 0.185442
vt 0.188853 0.180352
vt 0.188875 0.185526
vt 0.197875 0.180429
vt 0.206773 0.180371
vt 0.206813 0.185687
vt 0.197916 0.185560
vt 0.215782 0.180447
vt 0.224898 0.180372
vt 0.224957 0.185650
vt 0.215838 0.185623
vt 0.233259 0.180382
vt 0.241572 0.180283
vt 0.241646 0.185593
vt 0.233329 0.185569
vt 0.253883 0.180280
vt 0.266181 0.180110
vt 0.266275 0.185432
vt 0.253973 0.185434
vt 0.280069 0.180053
vt 0.280184 0.185302
vt 0.334371 0.179506
vt 0.344575 0.179311
vt 0.344694 0.184613
vt 0.334491 0.184695
vt 0.375196 0.178723
vt 0.382523 0.178498
vt 0.382650 0.183783
vt 0.375334 0.184000
vt 0.088975 0.176861
vt 0.088865 0.181977
vt 0.321282 0.179613
vt 0.321401 0.184907
vt 0.307811 0.179762
vt 0.307933 0.185026
vt 0.293150 0.179955
vt 0.293278 0.185144
vt 0.356296 0.179162
vt 0.367866 0.178928
vt 0.367986 0.184164
vt 0.356417 0.184406
vt 0.130365 0.178742
vt 0.130300 0.183829
vt 0.038132 0.176223
vt 0.037978 0.181576
vt 0.079049 0.176610
vt 0.078971 0.181799
vt 0.069204 0.176397
vt 0.069120 0.181652
vt 0.387301 0.178326
vt 0.391784 0.178083
vt 0.391843 0.183250
vt 0.387411 0.183555
vt 0.398518 0.177648
vt 0.398524 0.182797
vt 0.407890 0.177054
vt 0.407995 0.182419
vt 0.412316 0.176942
vt 0.412412 0.182275
vt 0.417515 0.176828
vt 0.417572 0.181991
vt 0.422342 0.176650
vt 0.422390 0.181764
vt 0.427489 0.176344
vt 0.427523 0.181926
vt 0.010000 0.171945
vt 0.017228 0.171469
vt 0.017408 0.186975
vt 0.010260 0.186768
vt 0.024481 0.171336
vt 0.024570 0.186875
vt 0.030991 0.171300
vt 0.030991 0.186679
vt 0.046182 0.171133
vt 0.059234 0.171083
vt 0.059109 0.186693
vt 0.046082 0.186610
vt 0.098251 0.171945
vt 0.109135 0.172328
vt 0.108541 0.188299
vt 0.097677 0.187574
vt 0.118705 0.172971
vt 0.118132 0.188658
vt 0.143631 0.174110
vt 0.156452 0.174110
vt 0.156079 0.189956
vt 0.143263 0.189198
vt 0.165278 0.174476
vt 0.164918 0.190211
vt 0.181168 0.175011
vt 0.180913 0.190588
vt 0.189227 0.175301
vt 0.189075 0.190583
vt 0.197951 0.175370
vt 0.206806 0.175162
vt 0.206818 0.190893
vt 0.197911 0.190630
vt 0.215812 0.175342
vt 0.224883 0.175185
vt 0.224969 0.190835
vt 0.215869 0.190722
vt 0.233222 0.175272
vt 0.241550 0.175086
vt 0.241678 0.190788
vt 0.233331 0.190679
vt 0.253835 0.175195
vt 0.266096 0.174911
vt 0.266262 0.190631
vt 0.253984 0.190519
vt 0.280099 0.174891
vt 0.280280 0.190460
vt 0.334316 0.174394
vt 0.344534 0.174122
vt 0.344806 0.189800
vt 0.334564 0.189808
vt 0.375160 0.173585
vt 0.382552 0.173381
vt 0.383044 0.188871
vt 0.375594 0.189152
vt 0.088874 0.171810
vt 0.088351 0.186951
vt 0.321268 0.174425
vt 0.321503 0.190093
vt 0.307702 0.174594
vt 0.307923 0.190196
vt 0.293112 0.174842
vt 0.293322 0.190256
vt 0.356312 0.174028
vt 0.367836 0.173801
vt 0.368167 0.189318
vt 0.356603 0.189532
vt 0.130849 0.173746
vt 0.130385 0.188851
vt 0.037796 0.171106
vt 0.037751 0.186710
vt 0.079058 0.171429
vt 0.078716 0.186872
vt 0.069190 0.171192
vt 0.068942 0.186781
vt 0.387255 0.173231
vt 0.391421 0.172988
vt 0.392103 0.188381
vt 0.387829 0.188619
vt 0.397980 0.172550
vt 0.398586 0.187844
vt 0.407521 0.171914
vt 0.408070 0.187595
vt 0.412196 0.171749
vt 0.412702 0.187422
vt 0.417395 0.171720
vt 0.417842 0.187093
vt 0.421715 0.171511
vt 0.422111 0.186975
vt 0.425418 0.171073
vt 0.425773 0.187235
vt 0.487578 0.204555
vt 0.489455 0.204672
vt 0.489367 0.209844
vt 0.487494 0.209871
vt 0.486296 0.204508
vt 0.486226 0.209809
vt 0.483064 0.204433
vt 0.483029 0.209668
vt 0.468407 0.204136
vt 0.472502 0.204184
vt 0.472493 0.209402
vt 0.468393 0.209364
vt 0.417673 0.204623
vt 0.433849 0.204252
vt 0.433780 0.209481
vt 0.417555 0.209776
vt 0.400887 0.205037
vt 0.400784 0.210149
vt 0.354530 0.205409
vt 0.369879 0.205342
vt 0.369894 0.210643
vt 0.354583 0.210611
vt 0.346383 0.205055
vt 0.346408 0.210739
vt 0.442586 0.204087
vt 0.442582 0.209414
vt 0.385249 0.205247
vt 0.385211 0.210488
vt 0.479855 0.204292
vt 0.479836 0.209600
vt 0.451176 0.204077
vt 0.451179 0.209352
vt 0.459814 0.204090
vt 0.459802 0.209326
vt 0.488119 0.199300
vt 0.494814 0.200162
vt 0.494446 0.214656
vt 0.487738 0.215143
vt 0.486234 0.199294
vt 0.485859 0.215029
vt 0.483030 0.199271
vt 0.482690 0.214823
vt 0.468202 0.199049
vt 0.472285 0.199113
vt 0.472081 0.214466
vt 0.468050 0.214437
vt 0.417426 0.199474
vt 0.433570 0.199181
vt 0.433702 0.214562
vt 0.417575 0.214926
vt 0.400783 0.199942
vt 0.400913 0.215240
vt 0.354825 0.200272
vt 0.370077 0.200162
vt 0.370124 0.215822
vt 0.354804 0.215724
vt 0.346283 0.199684
vt 0.346236 0.216103
vt 0.442297 0.198918
vt 0.442428 0.214550
vt 0.385383 0.200154
vt 0.385478 0.215574
vt 0.479629 0.199034
vt 0.479332 0.214850
vt 0.451053 0.198844
vt 0.451060 0.214486
vt 0.459722 0.198937
vt 0.459619 0.214435
vt 0.323474 0.205813
vt 0.328892 0.205308
vt 0.328688 0.210444
vt 0.323246 0.210571
vt 0.339566 0.205086
vt 0.339504 0.210456
vt 0.323705 0.200744
vt 0.327940 0.200498
vt 0.328004 0.215339
vt 0.323818 0.215498
vt 0.338811 0.200137
vt 0.338777 0.215454
vt 0.306791 0.205989
vt 0.306597 0.211490
vt 0.286417 0.206470
vt 0.286334 0.211668
vt 0.255213 0.206563
vt 0.270799 0.206461
vt 0.270706 0.211889
vt 0.255144 0.211741
vt 0.222654 0.206372
vt 0.238915 0.206421
vt 0.238827 0.211759
vt 0.222578 0.211586
vt 0.193188 0.206190
vt 0.207965 0.206204
vt 0.207866 0.211533
vt 0.193097 0.211341
vt 0.169096 0.205907
vt 0.181076 0.206014
vt 0.180973 0.211337
vt 0.168988 0.211169
vt 0.154391 0.205772
vt 0.154273 0.211013
vt 0.085050 0.205044
vt 0.097269 0.205156
vt 0.097175 0.210443
vt 0.084957 0.210294
vt 0.042346 0.204615
vt 0.051014 0.204706
vt 0.050933 0.209974
vt 0.042283 0.209797
vt 0.110659 0.205327
vt 0.110561 0.210573
vt 0.124878 0.205466
vt 0.124774 0.210724
vt 0.140559 0.205635
vt 0.140445 0.210885
vt 0.059560 0.204827
vt 0.072156 0.204936
vt 0.072053 0.210180
vt 0.059467 0.210064
vt 0.035990 0.204477
vt 0.039078 0.204552
vt 0.039028 0.209771
vt 0.035944 0.209703
vt 0.033981 0.204367
vt 0.033933 0.209683
vt 0.032768 0.204274
vt 0.032728 0.209658
vt 0.307164 0.200810
vt 0.307284 0.216630
vt 0.286532 0.201297
vt 0.286543 0.216850
vt 0.255269 0.201429
vt 0.270921 0.201272
vt 0.270880 0.217070
vt 0.255165 0.216876
vt 0.222692 0.201218
vt 0.238985 0.201241
vt 0.238853 0.216937
vt 0.222534 0.216738
vt 0.193223 0.201082
vt 0.207959 0.201024
vt 0.207794 0.216710
vt 0.193048 0.216450
vt 0.169129 0.200743
vt 0.181170 0.200835
vt 0.180978 0.216514
vt 0.168920 0.216336
vt 0.154418 0.200601
vt 0.154210 0.216182
vt 0.085092 0.199868
vt 0.097329 0.199987
vt 0.097124 0.215614
vt 0.084902 0.215459
vt 0.042614 0.199520
vt 0.051128 0.199537
vt 0.050888 0.215141
vt 0.042361 0.214911
vt 0.110726 0.200155
vt 0.110519 0.215746
vt 0.124935 0.200302
vt 0.124728 0.215889
vt 0.140602 0.200468
vt 0.140393 0.216051
vt 0.059645 0.199680
vt 0.072197 0.199773
vt 0.072023 0.215347
vt 0.059432 0.215227
vt 0.036577 0.199352
vt 0.039531 0.199383
vt 0.039247 0.214950
vt 0.036270 0.214837
vt 0.034593 0.199190
vt 0.034275 0.214867
vt 0.032722 0.198959
vt 0.032424 0.214968
vt 0.031024 0.204194
vt 0.030991 0.209581
vt 0.027610 0.204144
vt 0.027543 0.209514
vt 0.024615 0.203947
vt 0.024415 0.209612
vt 0.019865 0.204982
vt 0.019443 0.209236
vt 0.030465 0.199086
vt 0.030239 0.214692
vt 0.026862 0.198885
vt 0.026790 0.214745
vt 0.022790 0.199081
vt 0.022920 0.214715
vt 0.019452 0.199796
vt 0.019626 0.214501
vt 0.010255 0.204522
vt 0.015573 0.204942
vt 0.015242 0.210145
vt 0.010000 0.210640
vt 0.012144 0.199358
vt 0.015458 0.199396
vt 0.015646 0.215439
vt 0.012353 0.215681
vn 0.000000 0.000000 1.000000
vn 0.000000 0.000000 1.000000
vn 0.000000 0.000000 1.000000
vn 0.000000 0.000000 1.000000
vn 0.000000 0.000000 1.000000
vn 0.000000 0.000000 1.000000
vn 0.000000 0.000000 1.000000
vn 0.000000 0.000000 1.000000
vn 0.000000 0.000000 1.000000
vn 0.000000 0.000000 1.000000
vn 0.000000 0.000000 1.000000
vn 0.000000 0.000000 1.000000
vn 0.000000 0.000000 1.000000
vn 0.000000 0.000000 1.000000
vn 0.000000 0.000000 1.000000
vn 0.000000 0.000000 1.000000
vn 0.000000 0.000000 1.000000
vn 0.000000 0.000000 1.000000
vn 0.000000 0.000000 1.000000
vn 0.000000 0.000000 1.000000
vn 0.000000 0.000000 1.000000
vn 0.000000 0.000000 1.000000
vn 0.000000 0.000000 1.000000
vn 0.000000 0.000000 1.000000
vn 0.000000 0.000000 1.000000
vn 0.000000 0.000000 1.000000
vn 0.000000 0.000000 1.000000
vn 0.000000 0.000000 1.000000
vn 0.000000 0.000000 1.000000
vn 0.000000 0.000000 1.000000
vn 0.000000 0.000000 1.000000
vn 0.000000 0.000000 1.000000
vn 0.000000 0.000000 1.000000
vn 0.000000 0.000000 1.000000
vn 0.000000 0.000000 1.000000
vn 0.000000 0.000000 1.000000
vn 0.000000 0.000000 1.000000
vn 0.000000 0.000000 1.000000
vn 0.000000 0.000000 1.000000
vn 0.000000 0.000000 1.000000
vn 0.000000 0.000000 1.000000
vn 0.000000 0.000000 1.000000
vn 0.000000 0.000000 1.000000
vn 0.000000 0.000000 1.000000
vn 0.000000 0.000000 1.000000
vn 0.000000 0.000000 1.000000
vn 0.000000 0.000000 1.000000
vn 0.000000 0.000000 1.000000
vn 0.000000 0.000000 1.000000
vn 0.000000 0.000000 1.000000
vn 0.000000 0.000000 1.000000
vn 0.000000 0.000000 1.000000
vn 0.000000 0.000000 1.000000
vn 0.000000 0.000000 1.000000
vn 0.000000 0.000000 1.000000
vn 0.000000 0.000000 1.000000
vn 0.000000 0.000000 1.000000
vn 0.000000 0.000000 1.000000
vn 0.000000 0.000000 1.000000
vn 0.000000 0.000000 1.000000
vn 0.000000 0.000000 1.000000
vn 0.000000 0.000000 1.000000
vn 0.000000 0.000000 1.000000
vn 0.000000 0.000000 1.000000
vn 0.000000 0.000000 1.000000
vn 0.000000 0.000000 1.000000
vn 0.000000 0.000000 1.000000
vn 0.000000 0.000000 1.000000
vn 0.000000 0.000000 1.000000
vn 0.000000 0.000000 1.000000
vn 0.000000 0.000000 1.000000
vn 0.000000 0.000000 1.000000
vn 0.000000 0.000000 1.000000
vn 0.000000 0.000000 1.000000
vn 0.000000 0.000000 1.000000
vn 0.000000 0.000000 1.000000
vn 0.000000 0.000000 1.000000
vn 0.000000 0.000000 1.000000
vn 0.000000 0.000000 1.000000
vn 0.000000 0.000000 1.000000
vn 0.000000 0.000000 1.000000
vn 0.000000 0.000000 1.000000
vn 0.000000 0.000000 1.000000
vn 0.000000 0.000000 1.000000
vn 0.000000 0.000000 1.000000
vn 0.000000 0.000000 1.000000
vn 0.000000 0.000000 1.000000
vn 0.000000 0.000000 1.000000
vn 0.000000 0.000000 1.000000
vn 0.000000 0.000000 1.000000
vn 0.000000 0.000000 1.000000
vn 0.000000 0.000000 1.000000
vn 0.000000 0.000000 1.000000
vn 0.000000 0.000000 1.000000
vn 0.000000 0.000000 1.000000
vn 0.000000 0.000000 1.000000
vn 0.000000 0.000000 1.000000
vn 0.000000 0.000000 1.000000
vn 0.000000 0.000000 1.000000
vn 0.000000 0.000000 1.000000
vn 0.000000 0.000000 1.000000
vn 0.000000 0.000000 1.000000
vn 0.000000 0.000000 1.000000
vn 0.000000 0.000000 1.000000
vn 0.000000 0.000000 1.000000
vn 0.000000 0.000000 1.000000
vn 0.000000 0.000000 1.000000
vn 0.000000 0.000000 1.000000
vn 0.000000 0.000000 1.000000
vn 0.000000 0.000000 1.000000
vn 0.000000 0.000000 1.000000
vn 0.000000 0.000000 1.000000
vn 0.000000 0.000000 1.000000
vn 0.000000 0.000000 1.000000
vn 0.000000 0.000000 1.000000
vn 0.000000 0.000000 1.000000
vn 0.000000 0.000000 1.000000
vn 0.000000 0.000000 1.000000
vn 0.000000 0.000000 1.000000
vn 0.000000 0.000000 1.000000
vn 0.000000 0.000000 1.000000
vn 0.000000 0.000000 1.000000
vn 0.000000 0.000000 1.000000
vn 0.000000 0.000000 1.000000
vn 0.000000 0.000000 1.000000
vn 0.000000 0.000000 1.000000
vn 0.000000 0.000000 1.000000
vn 0.000000 0.000000 1.000000
vn 0.000000 0.000000 1.000000
vn 0.000000 0.000000 1.000000
vn 0.000000 0.000000 1.000000
vn 0.000000 0.000000 1.000000
vn 0.000000 0.000000 1.000000
vn 0.000000 0.000000 1.000000
vn 0.000000 0.000000 1.000000
vn 0.000000 0.000000 1.000000
vn 0.000000 0.000000 1.000000
vn 0.000000 0.000000 1.000000
vn 0.000000 0.000000 1.000000
vn 0.000000 0.000000 1.000000
vn 0.000000 0.000000 1.000000
vn 0.000000 0.000000 1.000000
vn 0.000000 0.000000 1.000000
vn 0.000000 0.000000 1.000000
vn 0.000000 0.000000 1.000000
vn 0.000000 0.000000 1.000000
vn 0.000000 0.000000 1.000000
vn 0.000000 0.000000 1.000000
vn 0.000000 0.000000 1.000000
vn 0.000000 0.000000 1.000000
vn 0.000000 0.000000 1.000000
vn 0.000000 0.000000 1.000000
vn 0.000000 0.000000 1.000000
vn 0.000000 0.000000 1.000000
vn 0.000000 0.000000 1.000000
vn 0.000000 0.000000 1.000000
vn 0.000000 0.000000 1.000000
vn 0.000000 0.000000 1.000000
vn 0.000000 0.000000 1.000000
vn 0.000000 0.000000 1.000000
vn 0.000000 0.000000 1.000000
vn 0.000000 0.000000 1.000000
vn 0.000000 0.000000 1.000000
vn 0.000000 0.000000 1.000000
vn 0.000000 0.000000 1.000000
vn 0.000000 0.000000 1.000000
vn 0.000000 0.000000 1.000000
vn 0.000000 0.000000 1.000000
vn 0.000000 0.000000 1.000000
vn 0.000000 0.000000 1.000000
vn 0.000000 0.000000 1.000000
vn 0.000000 0.000000 1.000000
vn 0.000000 0.000000 1.000000
vn 0.000000 0.000000 1.000000
vn 0.000000 0.000000 1.000000
vn 0.000000 0.000000 1.000000
vn 0.000000 0.000000 1.000000
vn 0.000000 0.000000 1.000000
vn 0.000000 0.000000 1.000000
vn 0.000000 0.000000 1.000000
vn 0.000000 0.000000 1.000000
vn 0.000000 0.000000 1.000000
vn 0.000000 0.000000 1.000000
vn 0.000000 0.000000 1.000000
vn 0.000000 0.000000 1.000000
vn 0.000000 0.000000 1.000000
vn 0.000000 0.000000 1.000000
vn 0.000000 0.000000 1.000000
vn 0.000000 0.000000 1.000000
vn 0.000000 0.000000 1.000000
vn 0.000000 0.000000 1.000000
vn 0.000000 0.000000 1.000000
vn 0.000000 0.000000 1.000000
vn 0.000000 0.000000 1.000000
vn 0.000000 0.000000 1.000000
vn 0.000000 0.000000 1.000000
vn 0.000000 0.000000 1.000000
vn 0.000000 0.000000 1.000000
vn 0.000000 0.000000 1.000000
vn 0.000000 0.000000 1.000000
vn 0.000000 0.000000 1.000000
vn 0.000000 0.000000 1.000000
vn 0.000000 0.000000 1.000000
vn 0.000000 0.000000 1.000000
vn 0.000000 0.000000 1.000000
vn 0.000000 0.000000 1.000000
vn 0.000000 0.000000 1.000000
vn 0.000000 0.000000 1.000000
vn 0.000000 0.000000 1.000000
vn 0.000000 0.000000 1.000000
vn 0.000000 0.000000 1.000000
vn 0.000000 0.000000 1.000000
vn 0.000000 0.000000 1.000000
vn 0.000000 0.000000 1.000000
vn 0.000000 0.000000 1.000000
vn 0.000000 0.000000 1.000000
vn 0.000000 0.000000 1.000000
vn 0.000000 0.000000 1.000000
vn 0.000000 0.000000 1.000000
vn 0.000000 0.000000 1.000000
vn 0.000000 0.000000 1.000000
vn 0.000000 0.000000 1.000000
vn 0.000000 0.000000 1.000000
vn 0.000000 0.000000 1.000000
vn 0.000000 0.000000 1.000000
vn 0.000000 0.000000 1.000000
vn 0.000000 0.000000 1.000000
vn 0.000000 0.000000 1.000000
vn 0.000000 0.000000 1.000000
vn 0.000000 0.000000 1.000000
vn 0.000000 0.000000 1.000000
vn 0.000000 0.000000 1.000000
vn 0.000000 0.000000 1.000000
vn 0.000000 0.000000 1.000000
vn 0.000000 0.000000 1.000000
vn 0.000000 0.000000 1.000000
vn 0.000000 0.000000 1.000000
vn 0.000000 0.000000 1.000000
vn 0.000000 0.000000 1.000000
vn 0.000000 0.000000 1.000000
vn 0.000000 0.000000 1.000000
vn 0.000000 0.000000 1.000000
vn 0.000000 0.000000 1.000000
vn 0.000000 0.000000 1.000000
vn 0.000000 0.000000 1.000000
vn 0.000000 0.000000 1.000000
vn 0.000000 0.000000 1.000000
vn 0.000000 0.000000 1.000000
vn 0.000000 0.000000 1.000000
vn 0.000000 0.000000 1.000000
vn 0.000000 0.000000 1.000000
vn 0.000000 0.000000 1.000000
vn 0.000000 0.000000 1.000000
vn 0.000000 0.000000 1.000000
vn 0.000000 0.000000 1.000000
vn 0.000000 0.000000 1.000000
vn 0.000000 0.000000 1.000000
vn 0.000000 0.000000 1.000000
vn 0.000000 0.000000 1.000000
vn 0.000000 0.000000 1.000000
vn 0.000000 0.000000 1.000000
vn 0.000000 0.000000 1.000000
vn 0.000000 0.000000 1.000000
vn 0.000000 0.000000 1.000000
vn 0.000000 0.000000 1.000000
vn 0.000000 0.000000 1.000000
vn 0.000000 0.000000 1.000000
vn 0.000000 0.000000 1.000000
vn 0.000000 0.000000 1.000000
vn 0.000000 0.000000 1.000000
vn 0.000000 0.000000 1.000000
vn 0.000000 0.000000 1.000000
vn 0.000000 0.000000 1.000000
vn 0.000000 0.000000 1.000000
vn 0.000000 0.000000 1.000000
vn 0.000000 0.000000 1.000000
vn 0.000000 0.000000 1.000000
vn 0.000000 0.000000 1.000000
vn 0.000000 0.000000 1.000000
vn 0.000000 0.000000 1.000000
vn 0.000000 0.000000 1.000000
vn 0.000000 0.000000 1.000000
vn 0.000000 0.000000 1.000000
vn 0.000000 0.000000 1.000000
vn 0.000000 0.000000 1.000000
vn 0.000000 0.000000 1.000000
vn 0.000000 0.000000 1.000000
vn 0.000000 0.000000 1.000000
vn 0.000000 0.000000 1.000000
vn 0.000000 0.000000 1.000000
vn 0.000000 0.000000 1.000000
vn 0.000000 0.000000 1.000000
vn 0.000000 0.000000 1.000000
vn 0.000000 0.000000 1.000000
vn 0.000000 0.000000 1.000000
vn 0.000000 0.000000 1.000000
vn 0.000000 0.000000 -1.000000
vn 0.000000 0.000000 -1.000000
vn 0.000000 0.000000 -1.000000
vn 0.000000 0.000000 -1.000000
vn 0.000000 0.000000 -1.000000
vn 0.000000 0.000000 -1.000000
vn 0.000000 0.000000 -1.000000
vn 0.000000 0.000000 -1.000000
vn 0.000000 0.000000 -1.000000
vn 0.000000 0.000000 -1.000000
vn 0.000000 0.000000 -1.000000
vn 0.000000 0.000000 -1.000000
vn 0.000000 0.000000 -1.000000
vn 0.000000 0.000000 -1.000000
vn 0.000000 0.000000 -1.000000
vn 0.000000 0.000000 -1.000000
vn 0.000000 0.000000 -1.000000
vn 0.000000 0.000000 -1.000000
vn 0.000000 0.000000 -1.000000
vn 0.000000 0.000000 -1.000000
vn 0.000000 0.000000 -1.000000
vn 0.000000 0.000000 -1.000000
vn 0.000000 0.000000 -1.000000
vn 0.000000 0.000000 -1.000000
vn 0.000000 0.000000 -1.000000
vn 0.000000 0.000000 -1.000000
vn 0.000000 0.000000 -1.000000
vn 0.000000 0.000000 -1.000000
vn 0.000000 0.000000 -1.000000
vn 0.000000 0.000000 -1.000000
vn 0.000000 0.000000 -1.000000
vn 0.000000 0.000000 -1.000000
vn 0.000000 0.000000 -1.000000
vn 0.000000 0.000000 -1.000000
vn 0.000000 0.000000 -1.000000
vn 0.000000 0.000000 -1.000000
vn 0.000000 0.000000 -1.000000
vn 0.000000 0.000000 -1.000000
vn 0.000000 0.000000 -1.000000
vn 0.000000 0.000000 -1.000000
vn 0.000000 0.000000 -1.000000
vn 0.000000 0.000000 -1.000000
vn 0.000000 0.000000 -1.000000
vn 0.000000 0.000000 -1.000000
vn 0.000000 0.000000 -1.000000
vn 0.000000 0.000000 -1.000000
vn 0.000000 0.000000 -1.000000
vn 0.000000 0.000000 -1.000000
vn 0.000000 0.000000 -1.000000
vn 0.000000 0.000000 -1.000000
vn 0.000000 0.000000 -1.000000
vn 0.000000 0.000000 -1.000000
vn 0.000000 0.000000 -1.000000
vn 0.000000 0.000000 -1.000000
vn 0.000000 0.000000 -1.000000
vn 0.000000 0.000000 -1.000000
vn 0.000000 0.000000 -1.000000
vn 0.000000 0.000000 -1.000000
vn 0.000000 0.000000 -1.000000
vn 0.000000 0.000000 -1.000000
vn 0.000000 0.000000 -1.000000
vn 0.000000 0.000000 -1.000000
vn 0.000000 0.000000 -1.000000
vn 0.000000 0.000000 -1.000000
vn 0.000000 0.000000 -1.000000
vn 0.000000 0.000000 -1.000000
vn 0.000000 0.000000 -1.000000
vn 0.000000 0.000000 -1.000000
vn 0.000000 0.000000 -1.000000
vn 0.000000 0.000000 -1.000000
vn 0.000000 0.000000 -1.000000
vn 0.000000 0.000000 -1.000000
vn 0.000000 0.000000 -1.000000
vn 0.000000 0.000000 -1.000000
vn 0.000000 0.000000 -1.000000
vn 0.000000 0.000000 -1.000000
vn 0.000000 0.000000 -1.000000
vn 0.000000 0.000000 -1.000000
vn 0.000000 0.000000 -1.000000
vn 0.000000 0.000000 -1.000000
vn 0.000000 0.000000 -1.000000
vn 0.000000 0.000000 -1.000000
vn 0.000000 0.000000 -1.000000
vn 0.000000 0.000000 -1.000000
vn 0.000000 0.000000 -1.000000
vn 0.000000 0.000000 -1.000000
vn 0.000000 0.000000 -1.000000
vn 0.000000 0.000000 -1.000000
vn 0.000000 0.000000 -1.000000
vn 0.000000 0.000000 -1.000000
vn 0.000000 0.000000 -1.000000
vn 0.000000 0.000000 -1.000000
vn 0.000000 0.000000 -1.000000
vn 0.000000 0.000000 -1.000000
vn 0.000000 0.000000 -1.000000
vn 0.000000 0.000000 -1.000000
vn 0.000000 0.000000 -1.000000
vn 0.000000 0.000000 -1.000000
vn 0.000000 0.000000 -1.000000
vn 0.000000 0.000000 -1.000000
vn 0.000000 0.000000 -1.000000
vn 0.000000 0.000000 -1.000000
vn 0.000000 0.000000 -1.000000
vn 0.000000 0.000000 -1.000000
vn 0.000000 0.000000 -1.000000
vn 0.000000 0.000000 -1.000000
vn 0.000000 0.000000 -1.000000
vn 0.000000 0.000000 -1.000000
vn 0.000000 0.000000 -1.000000
vn 0.000000 0.000000 -1.000000
vn 0.000000 0.000000 -1.000000
vn 0.000000 0.000000 -1.000000
vn 0.000000 0.000000 -1.000000
vn 0.000000 0.000000 -1.000000
vn 0.000000 0.000000 -1.000000
vn 0.000000 0.000000 -1.000000
vn 0.000000 0.000000 -1.000000
vn 0.000000 0.000000 -1.000000
vn 0.000000 0.000000 -1.000000
vn 0.000000 0.000000 -1.000000
vn 0.000000 0.000000 -1.000000
vn 0.000000 0.000000 -1.000000
vn 0.000000 0.000000 -1.000000
vn 0.000000 0.000000 -1.000000
vn 0.000000 0.000000 -1.000000
vn 0.000000 0.000000 -1.000000
vn 0.000000 0.000000 -1.000000
vn 0.000000 0.000000 -1.000000
vn 0.000000 0.000000 -1.000000
vn 0.000000 0.000000 -1.000000
vn 0.000000 0.000000 -1.000000
vn 0.000000 0.000000 -1.000000
vn 0.000000 0.000000 -1.000000
vn 0.000000 0.000000 -1.000000
vn 0.000000 0.000000 -1.000000
vn 0.000000 0.000000 -1.000000
vn 0.000000 0.000000 -1.000000
vn 0.000000 0.000000 -1.000000
vn 0.000000 0.000000 -1.000000
vn 0.000000 0.000000 -1.000000
vn 0.000000 0.000000 -1.000000
vn 0.000000 0.000000 -1.000000
vn 0.000000 0.000000 -1.000000
vn 0.000000 0.000000 -1.000000
vn 0.000000 0.000000 -1.000000
vn 0.000000 0.000000 -1.000000
vn 0.000000 0.000000 -1.000000
vn 0.000000 0.000000 -1.000000
vn 0.000000 0.000000 -1.000000
vn 0.000000 0.000000 -1.000000
vn 0.000000 0.000000 -1.000000
vn 0.000000 0.000000 -1.000000
vn 0.000000 0.000000 -1.000000
vn 0.000000 0.000000 -1.000000
vn 0.000000 0.000000 -1.000000
vn 0.000000 0.000000 -1.000000
vn 0.000000 0.000000 -1.000000
vn 0.000000 0.000000 -1.000000
vn 0.000000 0.000000 -1.000000
vn 0.000000 0.000000 -1.000000
vn 0.000000 0.000000 -1.000000
vn 0.000000 0.000000 -1.000000
vn 0.000000 0.000000 -1.000000
vn 0.000000 0.000000 -1.000000
vn 0.000000 0.000000 -1.000000
vn 0.000000 0.000000 -1.000000
vn 0.000000 0.000000 -1.000000
vn 0.000000 0.000000 -1.000000
vn 0.000000 0.000000 -1.000000
vn 0.000000 0.000000 -1.000000
vn 0.000000 0.000000 -1.000000
vn 0.000000 0.000000 -1.000000
vn 0.000000 0.000000 -1.000000
vn 0.000000 0.000000 -1.000000
vn 0.000000 0.000000 -1.000000
vn 0.000000 0.000000 -1.000000
vn 0.000000 0.000000 -1.000000
vn 0.000000 0.000000 -1.000000
vn 0.000000 0.000000 -1.000000
vn 0.000000 0.000000 -1.000000
vn 0.000000 0.000000 -1.000000
vn 0.000000 0.000000 -1.000000
vn 0.000000 0.000000 -1.000000
vn 0.000000 0.000000 -1.000000
vn 0.000000 0.000000 -1.000000
vn 0.000000 0.000000 -1.000000
vn 0.000000 0.000000 -1.000000
vn 0.000000 0.000000 -1.000000
vn 0.000000 0.000000 -1.000000
vn 0.000000 0.000000 -1.000000
vn 0.000000 0.000000 -1.000000
vn 0.000000 0.000000 -1.000000
vn 0.000000 0.000000 -1.000000
vn 0.000000 0.000000 -1.000000
vn 0.000000 0.000000 -1.000000
vn 0.000000 0.000000 -1.000000
vn 0.000000 0.000000 -1.000000
vn 0.000000 0.000000 -1.000000
vn 0.000000 0.000000 -1.000000
vn 0.000000 0.000000 -1.000000
vn 0.000000 0.000000 -1.000000
vn 0.000000 0.000000 -1.000000
vn 0.000000 0.000000 -1.000000
vn 0.000000 0.000000 -1.000000
vn 0.000000 0.000000 -1.000000
vn 0.000000 0.000000 -1.000000
vn 0.000000 0.000000 -1.000000
vn 0.000000 0.000000 -1.000000
vn 0.000000 0.000000 -1.000000
vn 0.000000 0.000000 -1.000000
vn 0.000000 0.000000 -1.000000
vn 0.000000 0.000000 -1.000000
vn 0.000000 0.000000 -1.000000
vn 0.000000 0.000000 -1.000000
vn 0.000000 0.000000 -1.000000
vn 0.000000 0.000000 -1.000000
vn 0.000000 0.000000 -1.000000
vn 0.000000 0.000000 -1.000000
vn 0.000000 0.000000 -1.000000
vn 0.000000 0.000000 -1.000000
vn 0.000000 0.000000 -1.000000
vn 0.000000 0.000000 -1.000000
vn 0.000000 0.000000 -1.000000
vn 0.000000 0.000000 -1.000000
vn 0.000000 0.000000 -1.000000
vn 0.000000 0.000000 -1.000000
vn 0.000000 0.000000 -1.000000
vn 0.000000 0.000000 -1.000000
vn 0.000000 0.000000 -1.000000
vn 0.000000 0.000000 -1.000000
vn 0.000000 0.000000 -1.000000
vn 0.000000 0.000000 -1.000000
vn 0.000000 0.000000 -1.000000
vn 0.000000 0.000000 -1.000000
vn 0.000000 0.000000 -1.000000
vn 0.000000 0.000000 -1.000000
vn 0.000000 0.000000 -1.000000
vn 0.000000 0.000000 -1.000000
vn 0.000000 0.000000 -1.000000
vn 0.000000 0.000000 -1.000000
vn 0.000000 0.000000 -1.000000
vn 0.000000 0.000000 -1.000000
vn 0.000000 0.000000 -1.000000
vn 0.000000 0.000000 -1.000000
vn 0.000000 0.000000 -1.000000
vn 0.000000 0.000000 -1.000000
vn 0.000000 0.000000 -1.000000
vn 0.000000 0.000000 -1.000000
vn 0.000000 0.000000 -1.000000
vn 0.000000 0.000000 -1.000000
vn 0.000000 0.000000 -1.000000
vn 0.000000 0.000000 -1.000000
vn 0.000000 0.000000 -1.000000
vn 0.000000 0.000000 -1.000000
vn 0.000000 0.000000 -1.000000
vn 0.000000 0.000000 -1.000000
vn 0.000000 0.000000 -1.000000
vn 0.000000 0.000000 -1.000000
vn 0.000000 0.000000 -1.000000
vn 0.000000 0.000000 -1.000000
vn 0.000000 0.000000 -1.000000
vn 0.000000 0.000000 -1.000000
vn 0.000000 0.000000 -1.000000
vn 0.000000 0.000000 -1.000000
vn 0.000000 0.000000 -1.000000
vn 0.000000 0.000000 -1.000000
vn 0.000000 0.000000 -1.000000
vn 0.000000 0.000000 -1.000000
vn 0.000000 0.000000 -1.000000
vn 0.000000 0.000000 -1.000000
vn 0.000000 0.000000 -1.000000
vn 0.000000 0.000000 -1.000000
vn 0.000000 0.000000 -1.000000
vn 0.000000 0.000000 -1.000000
vn 0.000000 0.000000 -1.000000
vn 0.000000 0.000000 -1.000000
vn 0.000000 0.000000 -1.000000
vn 0.000000 0.000000 -1.000000
vn 0.000000 0.000000 -1.000000
vn 0.000000 0.000000 -1.000000
vn 0.000000 0.000000 -1.000000
vn 0.000000 0.000000 -1.000000
vn 0.000000 0.000000 -1.000000
vn 0.000000 0.000000 -1.000000
vn 0.000000 0.000000 -1.000000
vn 0.000000 0.000000 -1.000000
vn 0.000000 0.000000 -1.000000
vn 0.000000 0.000000 -1.000000
vn 0.000000 0.000000 -1.000000
vn 0.000000 0.000000 -1.000000
vn 0.000000 0.000000 -1.000000
vn 0.000000 0.000000 -1.000000
vn 0.000000 0.000000 -1.000000
vn 0.000000 0.000000 -1.000000
vn 0.000000 0.000000 -1.000000
vn 0.000000 0.000000 -1.000000
vn -0.156386 -0.975237 -0.156386
vn 0.116526 -0.965871 -0.231333
vn 0.116526 -0.965871 0.231333
vn -0.156386 -0.975237 0.156386
vn 0.116526 -0.965871 -0.231333
vn 0.389772 -0.890942 -0.233026
vn 0.389772 -0.890942 0.233026
vn 0.116526 -0.965871 0.231333
vn 0.389772 -0.890942 -0.233026
vn 0.739640 -0.629280 -0.238621
vn 0.739640 -0.629280 0.238621
vn 0.389772 -0.890942 0.233026
vn 0.964944 -0.122680 -0.232019
vn 0.973120 0.015739 -0.229759
vn 0.973120 0.015739 0.229759
vn 0.964944 -0.122680 0.232019
vn 0.953754 -0.187760 -0.234734
vn 0.769362 -0.593327 -0.236740
vn 0.769362 -0.593327 0.236740
vn 0.953754 -0.187760 0.234734
vn 0.769362 -0.593327 -0.236740
vn 0.413441 -0.879596 -0.235326
vn 0.413441 -0.879596 0.235326
vn 0.769362 -0.593327 0.236740
vn 0.094691 -0.968619 -0.229805
vn -0.118787 -0.964927 -0.234108
vn -0.118787 -0.964927 0.234108
vn 0.094691 -0.968619 0.229805
vn -0.118787 -0.964927 -0.234108
vn -0.470292 -0.851067 -0.233473
vn -0.470292 -0.851067 0.233473
vn -0.118787 -0.964927 0.234108
vn -0.470292 -0.851067 -0.233473
vn -0.739623 -0.631348 -0.233145
vn -0.739623 -0.631348 0.233145
vn -0.470292 -0.851067 0.233473
vn -0.739623 -0.631348 -0.233145
vn -0.869855 -0.436291 -0.230224
vn -0.869855 -0.436291 0.230224
vn -0.739623 -0.631348 0.233145
vn -0.896869 -0.377945 -0.229749
vn -0.936256 -0.264322 -0.231428
vn -0.936256 -0.264322 0.231428
vn -0.896869 -0.377945 0.229749
vn -0.962102 -0.146875 -0.229754
vn -0.970680 -0.068297 -0.230470
vn -0.970680 -0.068297 0.230470
vn -0.962102 -0.146875 0.229754
vn -0.973191 0.010711 -0.229749
vn -0.966817 0.109357 -0.230882
vn -0.966817 0.109357 0.230882
vn -0.973191 0.010711 0.229749
vn -0.950996 0.206929 -0.229756
vn -0.922798 0.308334 -0.231028
vn -0.922798 0.308334 0.231028
vn -0.950996 0.206929 0.229756
vn -0.922798 0.308334 -0.231028
vn -0.851840 0.470439 -0.230339
vn -0.851840 0.470439 0.230339
vn -0.922798 0.308334 0.231028
vn -0.504118 0.832504 -0.229788
vn -0.421226 0.877188 -0.230456
vn -0.421226 0.877188 0.230456
vn -0.504118 0.832504 0.229788
vn -0.310828 0.922279 -0.229754
vn -0.341930 0.911177 -0.229869
vn -0.341930 0.911177 0.229869
vn -0.310828 0.922279 0.229754
vn 0.973116 0.016044 -0.229757
vn 0.953754 -0.187760 -0.234734
vn 0.953754 -0.187760 0.234734
vn 0.973116 0.016044 0.229757
vn -0.587101 0.775984 -0.230569
vn -0.504118 0.832504 -0.229788
vn -0.504118 0.832504 0.229788
vn -0.587101 0.775984 0.230569
vn -0.707915 0.667644 -0.230451
vn -0.587101 0.775984 -0.230569
vn -0.587101 0.775984 0.230569
vn -0.707915 0.667644 0.230451
vn -0.788026 0.571063 -0.230003
vn -0.707915 0.667644 -0.230451
vn -0.707915 0.667644 0.230451
vn -0.788026 0.571063 0.230003
vn -0.851840 0.470439 -0.230339
vn -0.788026 0.571063 -0.230003
vn -0.788026 0.571063 0.230003
vn -0.851840 0.470439 0.230339
vn -0.327669 0.916415 -0.229821
vn -0.308128 0.923183 -0.229762
vn -0.308128 0.923183 0.229762
vn -0.327669 0.916415 0.229821
vn -0.421226 0.877188 -0.230456
vn -0.327669 0.916415 -0.229821
vn -0.327669 0.916415 0.229821
vn -0.421226 0.877188 0.230456
vn -0.966817 0.109357 -0.230882
vn -0.950996 0.206929 -0.229756
vn -0.950996 0.206929 0.229756
vn -0.966817 0.109357 0.230882
vn -0.970680 -0.068297 -0.230470
vn -0.973191 0.010711 -0.229749
vn -0.973191 0.010711 0.229749
vn -0.970680 -0.068297 0.230470
vn -0.936256 -0.264322 -0.231428
vn -0.962102 -0.146875 -0.229754
vn -0.962102 -0.146875 0.229754
vn -0.936256 -0.264322 0.231428
vn -0.869855 -0.436291 -0.230224
vn -0.896869 -0.377945 -0.229749
vn -0.896869 -0.377945 0.229749
vn -0.869855 -0.436291 0.230224
vn 0.161822 -0.959641 -0.230008
vn 0.094691 -0.968619 -0.229805
vn 0.094691 -0.968619 0.229805
vn 0.161822 -0.959641 0.230008
vn 0.413441 -0.879596 -0.235326
vn 0.161822 -0.959641 -0.230008
vn 0.161822 -0.959641 0.230008
vn 0.413441 -0.879596 0.235326
vn 0.915122 -0.330863 -0.230395
vn 0.964944 -0.122680 -0.232019
vn 0.964944 -0.122680 0.232019
vn 0.915122 -0.330863 0.230395
vn 0.739640 -0.629280 -0.238621
vn 0.915122 -0.330863 -0.230395
vn 0.915122 -0.330863 0.230395
vn 0.739640 -0.629280 0.238621
vn 0.973136 0.014774 -0.229759
vn 0.973116 0.016044 -0.229757
vn 0.973116 0.016044 0.229757
vn 0.973136 0.014774 0.229759
vn 0.973135 0.014777 -0.229759
vn 0.973136 0.014774 -0.229759
vn 0.973136 0.014774 0.229759
vn 0.973135 0.014777 0.229759
vn 0.973120 0.015739 -0.229759
vn 0.973135 0.014777 -0.229759
vn 0.973135 0.014777 0.229759
vn 0.973120 0.015739 0.229759
vn -0.492153 0.839074 -0.231819
vn -0.753254 0.614295 -0.235055
vn -0.753254 0.614295 0.235055
vn -0.492153 0.839074 0.231819
vn -0.753254 0.614295 -0.235055
vn -0.943083 0.235124 -0.235184
vn -0.943083 0.235124 0.235184
vn -0.753254 0.614295 0.235055
vn -0.943083 0.235124 -0.235184
vn -0.973147 0.013763 -0.229773
vn -0.973147 0.013763 0.229773
vn -0.943083 0.235124 0.235184
vn -0.973147 0.013763 -0.229773
vn -0.973245 -0.001136 -0.229767
vn -0.973245 -0.001136 0.229767
vn -0.973147 0.013763 0.229773
vn -0.973245 -0.001136 -0.229767
vn -0.957862 -0.168238 -0.232802
vn -0.957862 -0.168238 0.232802
vn -0.973245 -0.001136 0.229767
vn -0.957862 -0.168238 -0.232802
vn -0.800284 -0.550607 -0.237440
vn -0.800284 -0.550607 0.237440
vn -0.957862 -0.168238 0.232802
vn -0.341930 0.911177 -0.229869
vn -0.492153 0.839074 -0.231819
vn -0.492153 0.839074 0.231819
vn -0.341930 0.911177 0.229869
vn -0.308128 0.923183 -0.229762
vn -0.310828 0.922279 -0.229754
vn -0.310828 0.922279 0.229754
vn -0.308128 0.923183 0.229762
vn -0.800284 -0.550607 -0.237440
vn -0.631306 -0.740720 -0.229752
vn -0.631306 -0.740720 0.229752
vn -0.800284 -0.550607 0.237440
vn 0.000000 -0.894427 -0.447214
vn 0.106976 -0.886695 -0.449808
vn 0.116526 -0.965871 -0.231333
vn -0.156386 -0.975237 -0.156386
vn 0.106976 -0.886695 0.449808
vn 0.000000 -0.894427 0.447214
vn -0.156386 -0.975237 0.156386
vn 0.116526 -0.965871 0.231333
vn -0.447213 -0.894427 0.000000
vn -0.447213 -0.894427 0.000000
vn -0.156386 -0.975237 -0.156386
vn -0.156386 -0.975237 0.156386
vn 0.106976 -0.886695 -0.449808
vn 0.357410 -0.816965 -0.452577
vn 0.389772 -0.890942 -0.233026
vn 0.116526 -0.965871 -0.231333
vn 0.357410 -0.816965 0.452577
vn 0.106976 -0.886695 0.449808
vn 0.116526 -0.965871 0.231333
vn 0.389772 -0.890942 0.233026
vn 0.357410 -0.816965 -0.452577
vn 0.675618 -0.574812 -0.461662
vn 0.739640 -0.629280 -0.238621
vn 0.389772 -0.890942 -0.233026
vn 0.675618 -0.574812 0.461662
vn 0.357410 -0.816965 0.452577
vn 0.389772 -0.890942 0.233026
vn 0.739640 -0.629280 0.238621
vn 0.885432 -0.112569 -0.450931
vn 0.894304 0.014464 -0.447225
vn 0.973120 0.015739 -0.229759
vn 0.964944 -0.122680 -0.232019
vn 0.894304 0.014464 0.447225
vn 0.885432 -0.112569 0.450931
vn 0.964944 -0.122680 0.232019
vn 0.973120 0.015739 0.229759
vn 0.873541 -0.171969 -0.455361
vn 0.703685 -0.542675 -0.458619
vn 0.769362 -0.593327 -0.236740
vn 0.953754 -0.187760 -0.234734
vn 0.703685 -0.542675 0.458619
vn 0.873541 -0.171969 0.455361
vn 0.953754 -0.187760 0.234734
vn 0.769362 -0.593327 0.236740
vn 0.703685 -0.542675 -0.458619
vn 0.378514 -0.805292 -0.456325
vn 0.413441 -0.879596 -0.235326
vn 0.769362 -0.593327 -0.236740
vn 0.378514 -0.805292 0.456325
vn 0.703685 -0.542675 0.458619
vn 0.769362 -0.593327 0.236740
vn 0.413441 -0.879596 0.235326
vn 0.087019 -0.890141 -0.447299
vn -0.108844 -0.884153 -0.454342
vn -0.118787 -0.964927 -0.234108
vn 0.094691 -0.968619 -0.229805
vn -0.108844 -0.884153 0.454342
vn 0.087019 -0.890141 0.447299
vn 0.094691 -0.968619 0.229805
vn -0.118787 -0.964927 0.234108
vn -0.108844 -0.884153 -0.454342
vn -0.431111 -0.780164 -0.453307
vn -0.470292 -0.851067 -0.233473
vn -0.118787 -0.964927 -0.234108
vn -0.431111 -0.780164 0.453307
vn -0.108844 -0.884153 0.454342
vn -0.118787 -0.964927 0.234108
vn -0.470292 -0.851067 0.233473
vn -0.431111 -0.780164 -0.453307
vn -0.678158 -0.578880 -0.452770
vn -0.739623 -0.631348 -0.233145
vn -0.470292 -0.851067 -0.233473
vn -0.678158 -0.578880 0.452770
vn -0.431111 -0.780164 0.453307
vn -0.470292 -0.851067 0.233473
vn -0.739623 -0.631348 0.233145
vn -0.678158 -0.578880 -0.452770
vn -0.799153 -0.400828 -0.447986
vn -0.869855 -0.436291 -0.230224
vn -0.739623 -0.631348 -0.233145
vn -0.799153 -0.400828 0.447986
vn -0.678158 -0.578880 0.452770
vn -0.739623 -0.631348 0.233145
vn -0.869855 -0.436291 0.230224
vn -0.824234 -0.347338 -0.447207
vn -0.859453 -0.242641 -0.449963
vn -0.936256 -0.264322 -0.231428
vn -0.896869 -0.377945 -0.229749
vn -0.859453 -0.242641 0.449963
vn -0.824234 -0.347338 0.447207
vn -0.896869 -0.377945 0.229749
vn -0.936256 -0.264322 0.231428
vn -0.884183 -0.134978 -0.447215
vn -0.891633 -0.062734 -0.448391
vn -0.970680 -0.068297 -0.230470
vn -0.962102 -0.146875 -0.229754
vn -0.891633 -0.062734 0.448391
vn -0.884183 -0.134978 0.447215
vn -0.962102 -0.146875 0.229754
vn -0.970680 -0.068297 0.230470
vn -0.894377 0.009843 -0.447206
vn -0.887837 0.100421 -0.449068
vn -0.966817 0.109357 -0.230882
vn -0.973191 0.010711 -0.229749
vn -0.887837 0.100421 0.449068
vn -0.894377 0.009843 0.447206
vn -0.973191 0.010711 0.229749
vn -0.966817 0.109357 0.230882
vn -0.873974 0.190171 -0.447218
vn -0.847330 0.283121 -0.449305
vn -0.922798 0.308334 -0.231028
vn -0.950996 0.206929 -0.229756
vn -0.847330 0.283121 0.449305
vn -0.873974 0.190171 0.447218
vn -0.950996 0.206929 0.229756
vn -0.922798 0.308334 0.231028
vn -0.847330 0.283121 -0.449305
vn -0.782541 0.432167 -0.448176
vn -0.851840 0.470439 -0.230339
vn -0.922798 0.308334 -0.231028
vn -0.782541 0.432167 0.448176
vn -0.847330 0.283121 0.449305
vn -0.922798 0.308334 0.231028
vn -0.851840 0.470439 0.230339
vn -0.463279 0.765062 -0.447272
vn -0.386926 0.805762 -0.448370
vn -0.421226 0.877188 -0.230456
vn -0.504118 0.832504 -0.229788
vn -0.386926 0.805762 0.448370
vn -0.463279 0.765062 0.447272
vn -0.504118 0.832504 0.229788
vn -0.421226 0.877188 0.230456
vn -0.285650 0.847586 -0.447216
vn -0.314210 0.837319 -0.447403
vn -0.341930 0.911177 -0.229869
vn -0.310828 0.922279 -0.229754
vn -0.314210 0.837319 0.447403
vn -0.285650 0.847586 0.447216
vn -0.310828 0.922279 0.229754
vn -0.341930 0.911177 0.229869
vn 0.894302 0.014743 -0.447221
vn 0.873541 -0.171969 -0.455361
vn 0.953754 -0.187760 -0.234734
vn 0.973116 0.016044 -0.229757
vn 0.873541 -0.171969 0.455361
vn 0.894302 0.014743 0.447221
vn 0.973116 0.016044 0.229757
vn 0.953754 -0.187760 0.234734
vn -0.539257 0.712742 -0.448554
vn -0.463279 0.765062 -0.447272
vn -0.504118 0.832504 -0.229788
vn -0.587101 0.775984 -0.230569
vn -0.463279 0.765062 0.447272
vn -0.539257 0.712742 0.448554
vn -0.587101 0.775984 0.230569
vn -0.504118 0.832504 0.229788
vn -0.650276 0.613283 -0.448359
vn -0.539257 0.712742 -0.448554
vn -0.587101 0.775984 -0.230569
vn -0.707915 0.667644 -0.230451
vn -0.539257 0.712742 0.448554
vn -0.650276 0.613283 0.448359
vn -0.707915 0.667644 0.230451
vn -0.587101 0.775984 0.230569
vn -0.724083 0.524725 -0.447624
vn -0.650276 0.613283 -0.448359
vn -0.707915 0.667644 -0.230451
vn -0.788026 0.571063 -0.230003
vn -0.650276 0.613283 0.448359
vn -0.724083 0.524725 0.447624
vn -0.788026 0.571063 0.230003
vn -0.707915 0.667644 0.230451
vn -0.782541 0.432167 -0.448176
vn -0.724083 0.524725 -0.447624
vn -0.788026 0.571063 -0.230003
vn -0.851840 0.470439 -0.230339
vn -0.724083 0.524725 0.447624
vn -0.782541 0.432167 0.448176
vn -0.851840 0.470439 0.230339
vn -0.788026 0.571063 0.230003
vn -0.301119 0.842156 -0.447326
vn -0.283171 0.848410 -0.447230
vn -0.308128 0.923183 -0.229762
vn -0.327669 0.916415 -0.229821
vn -0.283171 0.848410 0.447230
vn -0.301119 0.842156 0.447326
vn -0.327669 0.916415 0.229821
vn -0.308128 0.923183 0.229762
vn -0.386926 0.805762 -0.448370
vn -0.301119 0.842156 -0.447326
vn -0.327669 0.916415 -0.229821
vn -0.421226 0.877188 -0.230456
vn -0.301119 0.842156 0.447326
vn -0.386926 0.805762 0.448370
vn -0.421226 0.877188 0.230456
vn -0.327669 0.916415 0.229821
vn -0.887837 0.100421 -0.449068
vn -0.873974 0.190171 -0.447218
vn -0.950996 0.206929 -0.229756
vn -0.966817 0.109357 -0.230882
vn -0.873974 0.190171 0.447218
vn -0.887837 0.100421 0.449068
vn -0.966817 0.109357 0.230882
vn -0.950996 0.206929 0.229756
vn -0.891633 -0.062734 -0.448391
vn -0.894377 0.009843 -0.447206
vn -0.973191 0.010711 -0.229749
vn -0.970680 -0.068297 -0.230470
vn -0.894377 0.009843 0.447206
vn -0.891633 -0.062734 0.448391
vn -0.970680 -0.068297 0.230470
vn -0.973191 0.010711 0.229749
vn -0.859453 -0.242641 -0.449963
vn -0.884183 -0.134978 -0.447215
vn -0.962102 -0.146875 -0.229754
vn -0.936256 -0.264322 -0.231428
vn -0.884183 -0.134978 0.447215
vn -0.859453 -0.242641 0.449963
vn -0.936256 -0.264322 0.231428
vn -0.962102 -0.146875 0.229754
vn -0.799153 -0.400828 -0.447986
vn -0.824234 -0.347338 -0.447207
vn -0.896869 -0.377945 -0.229749
vn -0.869855 -0.436291 -0.230224
vn -0.824234 -0.347338 0.447207
vn -0.799153 -0.400828 0.447986
vn -0.869855 -0.436291 0.230224
vn -0.896869 -0.377945 0.229749
vn 0.148691 -0.881768 -0.447634
vn 0.087019 -0.890141 -0.447299
vn 0.094691 -0.968619 -0.229805
vn 0.161822 -0.959641 -0.230008
vn 0.087019 -0.890141 0.447299
vn 0.148691 -0.881768 0.447634
vn 0.161822 -0.959641 0.230008
vn 0.094691 -0.968619 0.229805
vn 0.378514 -0.805292 -0.456325
vn 0.148691 -0.881768 -0.447634
vn 0.161822 -0.959641 -0.230008
vn 0.413441 -0.879596 -0.235326
vn 0.148691 -0.881768 0.447634
vn 0.378514 -0.805292 0.456325
vn 0.413441 -0.879596 0.235326
vn 0.161822 -0.959641 0.230008
vn 0.840642 -0.303933 -0.448269
vn 0.885432 -0.112569 -0.450931
vn 0.964944 -0.122680 -0.232019
vn 0.915122 -0.330863 -0.230395
vn 0.885432 -0.112569 0.450931
vn 0.840642 -0.303933 0.448269
vn 0.915122 -0.330863 0.230395
vn 0.964944 -0.122680 0.232019
vn 0.675618 -0.574812 -0.461662
vn 0.840642 -0.303933 -0.448269
vn 0.915122 -0.330863 -0.230395
vn 0.739640 -0.629280 -0.238621
vn 0.840642 -0.303933 0.448269
vn 0.675618 -0.574812 0.461662
vn 0.739640 -0.629280 0.238621
vn 0.915122 -0.330863 0.230395
vn 0.894319 0.013578 -0.447224
vn 0.894302 0.014743 -0.447221
vn 0.973116 0.016044 -0.229757
vn 0.973136 0.014774 -0.229759
vn 0.894302 0.014743 0.447221
vn 0.894319 0.013578 0.447224
vn 0.973136 0.014774 0.229759
vn 0.973116 0.016044 0.229757
vn 0.894319 0.013580 -0.447224
vn 0.894319 0.013578 -0.447224
vn 0.973136 0.014774 -0.229759
vn 0.973135 0.014777 -0.229759
vn 0.894319 0.013578 0.447224
vn 0.894319 0.013580 0.447224
vn 0.973135 0.014777 0.229759
vn 0.973136 0.014774 0.229759
vn 0.894304 0.014464 -0.447225
vn 0.894319 0.013580 -0.447224
vn 0.973135 0.014777 -0.229759
vn 0.973120 0.015739 -0.229759
vn 0.894319 0.013580 0.447224
vn 0.894304 0.014464 0.447225
vn 0.973120 0.015739 0.229759
vn 0.973135 0.014777 0.229759
vn -0.451667 0.770036 -0.450602
vn -0.689755 0.562502 -0.455883
vn -0.753254 0.614295 -0.235055
vn -0.492153 0.839074 -0.231819
vn -0.689755 0.562502 0.455883
vn -0.451667 0.770036 0.450602
vn -0.492153 0.839074 0.231819
vn -0.753254 0.614295 0.235055
vn -0.689755 0.562502 -0.455883
vn -0.863499 0.215282 -0.456095
vn -0.943083 0.235124 -0.235184
vn -0.753254 0.614295 -0.235055
vn -0.863499 0.215282 0.456095
vn -0.689755 0.562502 0.455883
vn -0.753254 0.614295 0.235055
vn -0.943083 0.235124 0.235184
vn -0.863499 0.215282 -0.456095
vn -0.894321 0.012646 -0.447248
vn -0.973147 0.013763 -0.229773
vn -0.943083 0.235124 -0.235184
vn -0.894321 0.012646 0.447248
vn -0.863499 0.215282 0.456095
vn -0.943083 0.235124 0.235184
vn -0.973147 0.013763 0.229773
vn -0.894321 0.012646 -0.447248
vn -0.894414 -0.001041 -0.447239
vn -0.973245 -0.001136 -0.229767
vn -0.973147 0.013763 -0.229773
vn -0.894414 -0.001041 0.447239
vn -0.894321 0.012646 0.447248
vn -0.973147 0.013763 0.229773
vn -0.973245 -0.001136 0.229767
vn -0.894414 -0.001041 -0.447239
vn -0.878465 -0.154287 -0.452211
vn -0.957862 -0.168238 -0.232802
vn -0.973245 -0.001136 -0.229767
vn -0.878465 -0.154287 0.452211
vn -0.894414 -0.001041 0.447239
vn -0.973245 -0.001136 0.229767
vn -0.957862 -0.168238 0.232802
vn -0.878465 -0.154287 -0.452211
vn -0.731614 -0.503359 -0.459752
vn -0.800284 -0.550607 -0.237440
vn -0.957862 -0.168238 -0.232802
vn -0.731614 -0.503359 0.459752
vn -0.878465 -0.154287 0.452211
vn -0.957862 -0.168238 0.232802
vn -0.800284 -0.550607 0.237440
vn -0.314210 0.837319 -0.447403
vn -0.451667 0.770036 -0.450602
vn -0.492153 0.839074 -0.231819
vn -0.341930 0.911177 -0.229869
vn -0.451667 0.770036 0.450602
vn -0.314210 0.837319 0.447403
vn -0.341930 0.911177 0.229869
vn -0.492153 0.839074 0.231819
vn -0.283171 0.848410 -0.447230
vn -0.285650 0.847586 -0.447216
vn -0.310828 0.922279 -0.229754
vn -0.308128 0.923183 -0.229762
vn -0.285650 0.847586 0.447216
vn -0.283171 0.848410 0.447230
vn -0.308128 0.923183 0.229762
vn -0.310828 0.922279 0.229754
vn -0.731614 -0.503359 -0.459752
vn -0.580178 -0.680732 -0.447211
vn -0.631306 -0.740720 -0.229752
vn -0.800284 -0.550607 -0.237440
vn -0.580178 -0.680732 0.447211
vn -0.731614 -0.503359 0.459752
vn -0.800284 -0.550607 0.237440
vn -0.631306 -0.740720 0.229752
vn -0.195817 0.952239 -0.234300
vn -0.156386 0.975237 -0.156386
vn -0.156386 0.975237 0.156386
vn -0.195817 0.952239 0.234300
vn -0.545731 0.804698 -0.233751
vn -0.195817 0.952239 -0.234300
vn -0.195817 0.952239 0.234300
vn -0.545731 0.804698 0.233751
vn -0.762554 0.604206 -0.231187
vn -0.545731 0.804698 -0.233751
vn -0.545731 0.804698 0.233751
vn -0.762554 0.604206 0.231187
vn -0.973135 0.013973 -0.229813
vn -0.968154 0.098419 -0.230201
vn -0.968154 0.098419 0.230201
vn -0.973135 0.013973 0.229813
vn -0.850780 0.469013 -0.237065
vn -0.965725 0.117354 -0.231522
vn -0.965725 0.117354 0.231522
vn -0.850780 0.469013 0.237065
vn -0.528032 0.815781 -0.235972
vn -0.850780 0.469013 -0.237065
vn -0.850780 0.469013 0.237065
vn -0.528032 0.815781 0.235972
vn -0.200224 0.952429 -0.229758
vn -0.188265 0.954858 -0.229790
vn -0.188265 0.954858 0.229790
vn -0.200224 0.952429 0.229758
vn -0.194275 0.953661 -0.229755
vn -0.200224 0.952429 -0.229758
vn -0.200224 0.952429 0.229758
vn -0.194275 0.953661 0.229755
vn -0.965725 0.117354 -0.231522
vn -0.973221 -0.007346 -0.229753
vn -0.973221 -0.007346 0.229753
vn -0.965725 0.117354 0.231522
vn -0.188265 0.954858 -0.229790
vn -0.247227 0.941150 -0.230466
vn -0.247227 0.941150 0.230466
vn -0.188265 0.954858 0.229790
vn -0.247227 0.941150 -0.230466
vn -0.528032 0.815781 -0.235972
vn -0.528032 0.815781 0.235972
vn -0.247227 0.941150 0.230466
vn -0.968154 0.098419 -0.230201
vn -0.909730 0.343015 -0.233947
vn -0.909730 0.343015 0.233947
vn -0.968154 0.098419 0.230201
vn -0.909730 0.343015 -0.233947
vn -0.762554 0.604206 -0.231187
vn -0.762554 0.604206 0.231187
vn -0.909730 0.343015 0.233947
vn -0.973221 -0.007346 -0.229753
vn -0.973200 -0.009647 -0.229757
vn -0.973200 -0.009647 0.229757
vn -0.973221 -0.007346 0.229753
vn -0.973200 -0.009647 -0.229757
vn -0.973203 -0.009280 -0.229761
vn -0.973203 -0.009280 0.229761
vn -0.973200 -0.009647 0.229757
vn -0.973203 -0.009280 -0.229761
vn -0.973135 0.013973 -0.229813
vn -0.973135 0.013973 0.229813
vn -0.973203 -0.009280 0.229761
vn -0.179410 0.872410 -0.454656
vn 0.000000 0.894427 -0.447214
vn -0.156386 0.975237 -0.156386
vn -0.195817 0.952239 -0.234300
vn -0.447213 0.894427 0.000000
vn -0.447213 0.894427 0.000000
vn -0.156386 0.975237 0.156386
vn -0.156386 0.975237 -0.156386
vn 0.000000 0.894427 0.447214
vn -0.179410 0.872410 0.454656
vn -0.195817 0.952239 0.234300
vn -0.156386 0.975237 0.156386
vn -0.500177 0.737513 -0.453759
vn -0.179410 0.872410 -0.454656
vn -0.195817 0.952239 -0.234300
vn -0.545731 0.804698 -0.233751
vn -0.179410 0.872410 0.454656
vn -0.500177 0.737513 0.453759
vn -0.545731 0.804698 0.233751
vn -0.195817 0.952239 0.234300
vn -0.700117 0.554729 -0.449568
vn -0.500177 0.737513 -0.453759
vn -0.545731 0.804698 -0.233751
vn -0.762554 0.604206 -0.231187
vn -0.500177 0.737513 0.453759
vn -0.700117 0.554729 0.449569
vn -0.762554 0.604206 0.231187
vn -0.545731 0.804698 0.233751
vn -0.894285 0.012845 -0.447313
vn -0.889475 0.090425 -0.447949
vn -0.968154 0.098419 -0.230201
vn -0.973135 0.013973 -0.229813
vn -0.889475 0.090425 0.447949
vn -0.894285 0.012845 0.447313
vn -0.973135 0.013973 0.229813
vn -0.968154 0.098419 0.230201
vn -0.777977 0.428878 -0.459146
vn -0.886448 0.107723 -0.450118
vn -0.965725 0.117354 -0.231522
vn -0.850780 0.469013 -0.237065
vn -0.886448 0.107723 0.450118
vn -0.777977 0.428878 0.459146
vn -0.850780 0.469013 0.237065
vn -0.965725 0.117354 0.231522
vn -0.483213 0.746536 -0.457372
vn -0.777977 0.428878 -0.459146
vn -0.850780 0.469013 -0.237065
vn -0.528032 0.815781 -0.235972
vn -0.777977 0.428878 0.459146
vn -0.483213 0.746536 0.457372
vn -0.528032 0.815781 0.235972
vn -0.850780 0.469013 0.237065
vn -0.184006 0.875291 -0.447222
vn -0.173013 0.877504 -0.447274
vn -0.188265 0.954858 -0.229790
vn -0.200224 0.952429 -0.229758
vn -0.173013 0.877504 0.447274
vn -0.184006 0.875291 0.447222
vn -0.200224 0.952429 0.229758
vn -0.188265 0.954858 0.229790
vn -0.178539 0.876425 -0.447218
vn -0.184006 0.875291 -0.447222
vn -0.200224 0.952429 -0.229758
vn -0.194275 0.953661 -0.229755
vn -0.184006 0.875291 0.447222
vn -0.178539 0.876425 0.447218
vn -0.194275 0.953661 0.229755
vn -0.200224 0.952429 0.229758
vn -0.886448 0.107723 -0.450118
vn -0.894402 -0.006751 -0.447213
vn -0.973221 -0.007346 -0.229753
vn -0.965725 0.117354 -0.231522
vn -0.894402 -0.006751 0.447213
vn -0.886448 0.107723 0.450118
vn -0.965725 0.117354 0.231522
vn -0.973221 -0.007346 0.229753
vn -0.173013 0.877504 -0.447274
vn -0.227096 0.864511 -0.448384
vn -0.247227 0.941150 -0.230466
vn -0.188265 0.954858 -0.229790
vn -0.227096 0.864511 0.448384
vn -0.173013 0.877504 0.447274
vn -0.188265 0.954858 0.229790
vn -0.247227 0.941150 0.230466
vn -0.227096 0.864511 -0.448384
vn -0.483213 0.746536 -0.457372
vn -0.528032 0.815781 -0.235972
vn -0.247227 0.941150 -0.230466
vn -0.483213 0.746536 0.457372
vn -0.227096 0.864511 0.448384
vn -0.247227 0.941150 0.230466
vn -0.528032 0.815781 0.235972
vn -0.889475 0.090425 -0.447949
vn -0.833672 0.314333 -0.454078
vn -0.909730 0.343015 -0.233947
vn -0.968154 0.098419 -0.230201
vn -0.833672 0.314333 0.454078
vn -0.889475 0.090425 0.447949
vn -0.968154 0.098419 0.230201
vn -0.909730 0.343015 0.233947
vn -0.833672 0.314333 -0.454078
vn -0.700117 0.554729 -0.449568
vn -0.762554 0.604206 -0.231187
vn -0.909730 0.343015 -0.233947
vn -0.700117 0.554729 0.449569
vn -0.833672 0.314333 0.454078
vn -0.909730 0.343015 0.233947
vn -0.762554 0.604206 0.231187
vn -0.894402 -0.006751 -0.447213
vn -0.894380 -0.008869 -0.447221
vn -0.973200 -0.009647 -0.229757
vn -0.973221 -0.007346 -0.229753
vn -0.894380 -0.008869 0.447221
vn -0.894402 -0.006751 0.447213
vn -0.973221 -0.007346 0.229753
vn -0.973200 -0.009647 0.229757
vn -0.894380 -0.008869 -0.447221
vn -0.894379 -0.008528 -0.447229
vn -0.973203 -0.009280 -0.229761
vn -0.973200 -0.009647 -0.229757
vn -0.894379 -0.008528 0.447229
vn -0.894380 -0.008869 0.447221
vn -0.973200 -0.009647 0.229757
vn -0.973203 -0.009280 0.229761
vn -0.894379 -0.008528 -0.447229
vn -0.894285 0.012845 -0.447313
vn -0.973135 0.013973 -0.229813
vn -0.973203 -0.009280 -0.229761
vn -0.894285 0.012845 0.447313
vn -0.894379 -0.008528 0.447229
vn -0.973203 -0.009280 0.229761
vn -0.973135 0.013973 0.229813
vn -0.431549 0.872342 -0.229750
vn -0.636173 0.734252 -0.236977
vn -0.636173 0.734252 0.236977
vn -0.431549 0.872342 0.229750
vn -0.636173 0.734252 -0.236977
vn -0.782484 0.578682 -0.229882
vn -0.782484 0.578682 0.229882
vn -0.636173 0.734252 0.236977
vn -0.782484 0.578682 -0.229882
vn -0.762092 0.605334 -0.229756
vn -0.762092 0.605334 0.229756
vn -0.782484 0.578682 0.229882
vn -0.396596 0.801696 -0.447209
vn -0.581769 0.671463 -0.459002
vn -0.636173 0.734252 -0.236977
vn -0.431549 0.872342 -0.229750
vn -0.581769 0.671463 0.459002
vn -0.396596 0.801696 0.447209
vn -0.431549 0.872342 0.229750
vn -0.636173 0.734252 0.236977
vn -0.581769 0.671463 -0.459002
vn -0.719050 0.531767 -0.447426
vn -0.782484 0.578682 -0.229882
vn -0.636173 0.734252 -0.236977
vn -0.719050 0.531767 0.447426
vn -0.581769 0.671463 0.459002
vn -0.636173 0.734252 0.236977
vn -0.782484 0.578682 0.229882
vn -0.719050 0.531767 -0.447426
vn -0.700372 0.556304 -0.447219
vn -0.762092 0.605334 -0.229756
vn -0.782484 0.578682 -0.229882
vn -0.700372 0.556304 0.447219
vn -0.719050 0.531767 0.447426
vn -0.782484 0.578682 0.229882
vn -0.762092 0.605334 0.229756
vn 0.704915 0.670607 -0.231045
vn 0.628247 0.743315 -0.229756
vn 0.628247 0.743315 0.229756
vn 0.704915 0.670607 0.231045
vn 0.876868 0.419704 -0.234417
vn 0.704915 0.670607 -0.231045
vn 0.704915 0.670607 0.231045
vn 0.876868 0.419704 0.234417
vn 0.965399 0.120544 -0.231244
vn 0.945122 0.232291 -0.229750
vn 0.945122 0.232291 0.229750
vn 0.965399 0.120544 0.231244
vn 0.970979 -0.064335 -0.230349
vn 0.973221 0.007240 -0.229757
vn 0.973221 0.007240 0.229757
vn 0.970979 -0.064335 0.230349
vn 0.941609 -0.244796 -0.231187
vn 0.963760 -0.135574 -0.229754
vn 0.963760 -0.135574 0.229754
vn 0.941609 -0.244796 0.231187
vn 0.890896 -0.391681 -0.229979
vn 0.907757 -0.350985 -0.229753
vn 0.907757 -0.350985 0.229753
vn 0.890896 -0.391681 0.229979
vn 0.837790 -0.495019 -0.230357
vn 0.890896 -0.391681 -0.229979
vn 0.890896 -0.391681 0.229979
vn 0.837790 -0.495019 0.230357
vn 0.518597 -0.823514 -0.229962
vn 0.572633 -0.786942 -0.229810
vn 0.572633 -0.786942 0.229810
vn 0.518597 -0.823514 0.229962
vn 0.262318 -0.937114 -0.230233
vn 0.324077 -0.917707 -0.229758
vn 0.324077 -0.917707 0.229758
vn 0.262318 -0.937114 0.230233
vn 0.572633 -0.786942 -0.229810
vn 0.631091 -0.740805 -0.230069
vn 0.631091 -0.740805 0.230069
vn 0.572633 -0.786942 0.229810
vn 0.631091 -0.740805 -0.230069
vn 0.700575 -0.675505 -0.229973
vn 0.700575 -0.675505 0.229973
vn 0.631091 -0.740805 0.230069
vn 0.700575 -0.675505 -0.229973
vn 0.765605 -0.600745 -0.230117
vn 0.765605 -0.600745 0.230117
vn 0.700575 -0.675505 0.229973
vn 0.765605 -0.600745 -0.230117
vn 0.837790 -0.495019 -0.230357
vn 0.837790 -0.495019 0.230357
vn 0.765605 -0.600745 0.230117
vn 0.365078 -0.902124 -0.229977
vn 0.443990 -0.866020 -0.229962
vn 0.443990 -0.866020 0.229962
vn 0.365078 -0.902124 0.229977
vn 0.443990 -0.866020 -0.229962
vn 0.518597 -0.823514 -0.229962
vn 0.518597 -0.823514 0.229962
vn 0.443990 -0.866020 0.229962
vn 0.907757 -0.350985 -0.229753
vn 0.941609 -0.244796 -0.231187
vn 0.941609 -0.244796 0.231187
vn 0.907757 -0.350985 0.229753
vn 0.963760 -0.135574 -0.229754
vn 0.970979 -0.064335 -0.230349
vn 0.970979 -0.064335 0.230349
vn 0.963760 -0.135574 0.229754
vn 0.973221 0.007240 -0.229757
vn 0.965399 0.120544 -0.231244
vn 0.965399 0.120544 0.231244
vn 0.973221 0.007240 0.229757
vn 0.945122 0.232291 -0.229750
vn 0.876868 0.419704 -0.234417
vn 0.876868 0.419704 0.234417
vn 0.945122 0.232291 0.229750
vn 0.357582 -0.905139 -0.229911
vn 0.261474 -0.937353 -0.230217
vn 0.261474 -0.937353 0.230217
vn 0.357582 -0.905139 0.229911
vn 0.555738 -0.797779 -0.233888
vn 0.357582 -0.905139 -0.229911
vn 0.357582 -0.905139 0.229911
vn 0.555738 -0.797779 0.233888
vn 0.699568 -0.676623 -0.229752
vn 0.555738 -0.797779 -0.233888
vn 0.555738 -0.797779 0.233888
vn 0.699568 -0.676623 0.229752
vn 0.261474 -0.937353 -0.230217
vn 0.262318 -0.937114 -0.230233
vn 0.262318 -0.937114 0.230233
vn 0.261474 -0.937353 0.230217
vn 0.324077 -0.917707 -0.229758
vn 0.365078 -0.902124 -0.229977
vn 0.365078 -0.902124 0.229977
vn 0.324077 -0.917707 0.229758
vn 0.647258 0.615756 -0.449335
vn 0.577365 0.683114 -0.447220
vn 0.628247 0.743315 -0.229756
vn 0.704915 0.670607 -0.231045
vn 0.577365 0.683114 0.447220
vn 0.647258 0.615756 0.449335
vn 0.704915 0.670607 0.231045
vn 0.628247 0.743315 0.229756
vn 0.803296 0.384489 -0.454845
vn 0.647258 0.615756 -0.449335
vn 0.704915 0.670607 -0.231045
vn 0.876868 0.419704 -0.234417
vn 0.647258 0.615756 0.449335
vn 0.803296 0.384489 0.454845
vn 0.876868 0.419704 0.234417
vn 0.704915 0.670607 0.231045
vn 0.886316 0.110669 -0.449662
vn 0.868580 0.213479 -0.447208
vn 0.945122 0.232291 -0.229750
vn 0.965399 0.120544 -0.231244
vn 0.868580 0.213479 0.447208
vn 0.886316 0.110669 0.449662
vn 0.965399 0.120544 0.231244
vn 0.945122 0.232291 0.229750
vn 0.891981 -0.059101 -0.448194
vn 0.894399 0.006653 -0.447221
vn 0.973221 0.007240 -0.229757
vn 0.970979 -0.064335 -0.230349
vn 0.894399 0.006653 0.447221
vn 0.891981 -0.059101 0.448194
vn 0.970979 -0.064335 0.230349
vn 0.973221 0.007240 0.229757
vn 0.864509 -0.224752 -0.449567
vn 0.885706 -0.124593 -0.447216
vn 0.963760 -0.135574 -0.229754
vn 0.941609 -0.244796 -0.231187
vn 0.885706 -0.124593 0.447216
vn 0.864509 -0.224752 0.449567
vn 0.941609 -0.244796 0.231187
vn 0.963760 -0.135574 0.229754
vn 0.818618 -0.359904 -0.447586
vn 0.834239 -0.322560 -0.447214
vn 0.907757 -0.350985 -0.229753
vn 0.890896 -0.391681 -0.229979
vn 0.834239 -0.322560 0.447214
vn 0.818618 -0.359904 0.447586
vn 0.890896 -0.391681 0.229979
vn 0.907757 -0.350985 0.229753
vn 0.769624 -0.454742 -0.448207
vn 0.818618 -0.359904 -0.447586
vn 0.890896 -0.391681 -0.229979
vn 0.837790 -0.495019 -0.230357
vn 0.818618 -0.359904 0.447586
vn 0.769624 -0.454742 0.448207
vn 0.837790 -0.495019 0.230357
vn 0.890896 -0.391681 0.229979
vn 0.476530 -0.756711 -0.447557
vn 0.526237 -0.723181 -0.447308
vn 0.572633 -0.786942 -0.229810
vn 0.518597 -0.823514 -0.229962
vn 0.526237 -0.723181 0.447308
vn 0.476530 -0.756711 0.447557
vn 0.518597 -0.823514 0.229962
vn 0.572633 -0.786942 0.229810
vn 0.240997 -0.860938 -0.448002
vn 0.297831 -0.843379 -0.447222
vn 0.324077 -0.917707 -0.229758
vn 0.262318 -0.937114 -0.230233
vn 0.297831 -0.843379 0.447222
vn 0.240997 -0.860938 0.448002
vn 0.262318 -0.937114 0.230233
vn 0.324077 -0.917707 0.229758
vn 0.526237 -0.723181 -0.447308
vn 0.579856 -0.680663 -0.447733
vn 0.631091 -0.740805 -0.230069
vn 0.572633 -0.786942 -0.229810
vn 0.579856 -0.680663 0.447733
vn 0.526237 -0.723181 0.447308
vn 0.572633 -0.786942 0.229810
vn 0.631091 -0.740805 0.230069
vn 0.579856 -0.680663 -0.447733
vn 0.643741 -0.620704 -0.447577
vn 0.700575 -0.675505 -0.229973
vn 0.631091 -0.740805 -0.230069
vn 0.643741 -0.620704 0.447577
vn 0.579856 -0.680663 0.447733
vn 0.631091 -0.740805 0.230069
vn 0.700575 -0.675505 0.229973
vn 0.643741 -0.620704 -0.447577
vn 0.703426 -0.551956 -0.447814
vn 0.765605 -0.600745 -0.230117
vn 0.700575 -0.675505 -0.229973
vn 0.703426 -0.551956 0.447814
vn 0.643741 -0.620704 0.447577
vn 0.700575 -0.675505 0.229973
vn 0.765605 -0.600745 0.230117
vn 0.703426 -0.551956 -0.447814
vn 0.769624 -0.454742 -0.448207
vn 0.837790 -0.495019 -0.230357
vn 0.765605 -0.600745 -0.230117
vn 0.769624 -0.454742 0.448207
vn 0.703426 -0.551956 0.447814
vn 0.765605 -0.600745 0.230117
vn 0.837790 -0.495019 0.230357
vn 0.335458 -0.828938 -0.447583
vn 0.407974 -0.795770 -0.447557
vn 0.443990 -0.866020 -0.229962
vn 0.365078 -0.902124 -0.229977
vn 0.407974 -0.795770 0.447557
vn 0.335458 -0.828938 0.447583
vn 0.365078 -0.902124 0.229977
vn 0.443990 -0.866020 0.229962
vn 0.407974 -0.795770 -0.447557
vn 0.476530 -0.756711 -0.447557
vn 0.518597 -0.823514 -0.229962
vn 0.443990 -0.866020 -0.229962
vn 0.476530 -0.756711 0.447557
vn 0.407974 -0.795770 0.447557
vn 0.443990 -0.866020 0.229962
vn 0.518597 -0.823514 0.229962
vn 0.834239 -0.322560 -0.447214
vn 0.864509 -0.224752 -0.449567
vn 0.941609 -0.244796 -0.231187
vn 0.907757 -0.350985 -0.229753
vn 0.864509 -0.224752 0.449567
vn 0.834239 -0.322560 0.447214
vn 0.907757 -0.350985 0.229753
vn 0.941609 -0.244796 0.231187
vn 0.885706 -0.124593 -0.447216
vn 0.891981 -0.059101 -0.448194
vn 0.970979 -0.064335 -0.230349
vn 0.963760 -0.135574 -0.229754
vn 0.891981 -0.059101 0.448194
vn 0.885706 -0.124593 0.447216
vn 0.963760 -0.135574 0.229754
vn 0.970979 -0.064335 0.230349
vn 0.894399 0.006653 -0.447221
vn 0.886316 0.110669 -0.449662
vn 0.965399 0.120544 -0.231244
vn 0.973221 0.007240 -0.229757
vn 0.886316 0.110669 0.449662
vn 0.894399 0.006653 0.447221
vn 0.973221 0.007240 0.229757
vn 0.965399 0.120544 0.231244
vn 0.868580 0.213479 -0.447208
vn 0.803296 0.384489 -0.454845
vn 0.876868 0.419704 -0.234417
vn 0.945122 0.232291 -0.229750
vn 0.803296 0.384489 0.454845
vn 0.868580 0.213479 0.447208
vn 0.945122 0.232291 0.229750
vn 0.876868 0.419704 0.234417
vn 0.328590 -0.831743 -0.447473
vn 0.240220 -0.861170 -0.447975
vn 0.261474 -0.937353 -0.230217
vn 0.357582 -0.905139 -0.229911
vn 0.240220 -0.861170 0.447975
vn 0.328590 -0.831743 0.447473
vn 0.357582 -0.905139 0.229911
vn 0.261474 -0.937353 0.230217
vn 0.509300 -0.731104 -0.453982
vn 0.328590 -0.831743 -0.447473
vn 0.357582 -0.905139 -0.229911
vn 0.555738 -0.797779 -0.233888
vn 0.328590 -0.831743 0.447473
vn 0.509300 -0.731104 0.453982
vn 0.555738 -0.797779 0.233888
vn 0.357582 -0.905139 0.229911
vn 0.642916 -0.621821 -0.447211
vn 0.509300 -0.731104 -0.453982
vn 0.555738 -0.797779 -0.233888
vn 0.699568 -0.676623 -0.229752
vn 0.509300 -0.731104 0.453982
vn 0.642916 -0.621821 0.447211
vn 0.699568 -0.676623 0.229752
vn 0.555738 -0.797779 0.233888
vn 0.240220 -0.861170 -0.447975
vn 0.240997 -0.860938 -0.448002
vn 0.262318 -0.937114 -0.230233
vn 0.261474 -0.937353 -0.230217
vn 0.240997 -0.860938 0.448002
vn 0.240220 -0.861170 0.447975
vn 0.261474 -0.937353 0.230217
vn 0.262318 -0.937114 0.230233
vn 0.297831 -0.843379 -0.447222
vn 0.335458 -0.828938 -0.447583
vn 0.365078 -0.902124 -0.229977
vn 0.324077 -0.917707 -0.229758
vn 0.335458 -0.828938 0.447583
vn 0.297831 -0.843379 0.447222
vn 0.324077 -0.917707 0.229758
vn 0.365078 -0.902124 0.229977
vn 0.972568 -0.019878 -0.231769
vn 0.961402 -0.151399 -0.229747
vn 0.961402 -0.151399 0.229747
vn 0.972568 -0.019878 0.231769
vn 0.952036 0.201020 -0.230691
vn 0.972568 -0.019878 -0.231769
vn 0.972568 -0.019878 0.231769
vn 0.952036 0.201020 0.230691
vn 0.885911 0.401978 -0.231464
vn 0.952036 0.201020 -0.230691
vn 0.952036 0.201020 0.230691
vn 0.885911 0.401978 0.231464
vn 0.829174 0.509594 -0.229750
vn 0.885911 0.401978 -0.231464
vn 0.885911 0.401978 0.231464
vn 0.829174 0.509594 0.229750
vn 0.892579 -0.018254 -0.450522
vn 0.883540 -0.139165 -0.447204
vn 0.961402 -0.151399 -0.229747
vn 0.972568 -0.019878 -0.231769
vn 0.883540 -0.139165 0.447204
vn 0.892579 -0.018254 0.450522
vn 0.972568 -0.019878 0.231769
vn 0.961402 -0.151399 0.229747
vn 0.874376 0.184623 -0.448754
vn 0.892579 -0.018254 -0.450522
vn 0.972568 -0.019878 -0.231769
vn 0.952036 0.201020 -0.230691
vn 0.892579 -0.018254 0.450522
vn 0.874376 0.184623 0.448754
vn 0.952036 0.201020 0.230691
vn 0.972568 -0.019878 0.231769
vn 0.813219 0.368994 -0.450021
vn 0.874376 0.184623 -0.448754
vn 0.952036 0.201020 -0.230691
vn 0.885911 0.401978 -0.231464
vn 0.874376 0.184623 0.448754
vn 0.813219 0.368994 0.450021
vn 0.885911 0.401978 0.231464
vn 0.952036 0.201020 0.230691
vn 0.762020 0.468327 -0.447208
vn 0.813219 0.368994 -0.450021
vn 0.885911 0.401978 -0.231464
vn 0.829174 0.509594 -0.229750
vn 0.813219 0.368994 0.450021
vn 0.762020 0.468327 0.447208
vn 0.829174 0.509594 0.229750
vn 0.885911 0.401978 0.231464
vn 0.060024 -0.961529 -0.268065
vn 0.206967 -0.936663 -0.282537
vn 0.206967 -0.936663 0.282537
vn 0.060024 -0.961529 0.268065
vn 0.206967 -0.936663 -0.282537
vn 0.350263 -0.890396 -0.290708
vn 0.350263 -0.890396 0.290708
vn 0.206967 -0.936663 0.282537
vn 0.081736 -0.852499 -0.516299
vn 0.177556 -0.823396 -0.538974
vn 0.206967 -0.936663 -0.282537
vn 0.060024 -0.961529 -0.268065
vn 0.177556 -0.823396 0.538974
vn 0.081736 -0.852499 0.516299
vn 0.060024 -0.961529 0.268065
vn 0.206967 -0.936663 0.282537
vn 0.177556 -0.823396 -0.538974
vn 0.271504 -0.785612 -0.555967
vn 0.350263 -0.890396 -0.290708
vn 0.206967 -0.936663 -0.282537
vn 0.271504 -0.785612 0.555967
vn 0.177556 -0.823396 0.538974
vn 0.206967 -0.936663 0.282537
vn 0.350263 -0.890396 0.290708
s off
g Glass_holder_coat:Handle
usemtl aiStandardSurface1SG
f 2075/2349/7809 2076/2350/7810 2077/2351/7811 2078/2352/7812
f 2077/2351/7813 2076/2350/7814 2079/2353/7815 2080/2354/7816
f 2080/2354/7817 2079/2353/7818 2081/2355/7819 2082/2356/7820
f 2083/2357/7821 2084/2358/7822 2085/2359/7823 2086/2360/7824
f 2088/2361/7825 2087/2362/7826 2089/2363/7827 2090/2364/7828
f 2090/2364/7829 2089/2363/7830 2091/2365/7831 2092/2366/7832
f 2094/2367/7833 2093/2368/7834 2095/2369/7835 2096/2370/7836
f 2097/2371/7837 2098/2372/7838 2099/2373/7839 2100/2374/7840
f 2099/2373/7841 2098/2372/7842 2101/2375/7843 2102/2376/7844
f 2094/2367/7845 2096/2370/7846 2103/2377/7847 2104/2378/7848
f 2101/2375/7849 2098/2372/7850 2103/2377/7851 2105/2379/7852
f 2101/2375/7853 2105/2379/7854 2106/2380/7855 2107/2381/7856
f 2108/2382/7857 2109/2383/7858 2110/2384/7859 2111/2385/7860
f 2112/2386/7861 2113/2387/7862 2114/2388/7863 2115/2389/7864
f 2102/2376/7865 2101/2375/7866 2107/2381/7867 2116/2390/7868
f 2117/2391/7869 2108/2382/7870 2111/2385/7871 2118/2392/7872
f 2119/2393/7873 2112/2386/7874 2115/2389/7875 2120/2394/7876
f 2121/2395/7877 2122/2396/7878 2123/2397/7879 2124/2398/7880
f 2125/2399/7881 2121/2395/7882 2124/2398/7883 2126/2400/7884
f 2127/2401/7885 2128/2402/7886 2129/2403/7887 2130/2404/7888
f 2131/2405/7889 2127/2401/7890 2130/2404/7891 2132/2406/7892
f 2133/2407/7893 2132/2406/7894 2130/2404/7895 2134/2408/7896
f 2129/2403/7897 2135/2409/7898 2134/2408/7899 2130/2404/7900
f 2136/2410/7901 2137/2411/7902 2138/2412/7903 2139/2413/7904
f 2140/2414/7905 2136/2410/7906 2139/2413/7907 2141/2415/7908
f 2142/2416/7909 2143/2417/7910 2144/2418/7911 2145/2419/7912
f 2146/2420/7913 2142/2416/7914 2145/2419/7915 2147/2421/7916
f 2088/2361/7917 2148/2422/7918 2149/2423/7919 2087/2362/7920
f 2150/2424/7921 2137/2411/7922 2136/2410/7923 2151/2425/7924
f 2140/2414/7925 2152/2426/7926 2151/2425/7927 2136/2410/7928
f 2153/2427/7929 2150/2424/7930 2151/2425/7931 2154/2428/7932
f 2152/2426/7933 2155/2429/7934 2154/2428/7935 2151/2425/7936
f 2156/2430/7937 2153/2427/7938 2154/2428/7939 2157/2431/7940
f 2155/2429/7941 2158/2432/7942 2157/2431/7943 2154/2428/7944
f 2135/2409/7945 2156/2430/7946 2157/2431/7947 2134/2408/7948
f 2158/2432/7949 2133/2407/7950 2134/2408/7951 2157/2431/7952
f 2160/2433/7953 2159/2434/7954 2161/2435/7955 2162/2436/7956
f 2163/2437/7957 2160/2433/7958 2162/2436/7959 2164/2438/7960
f 2139/2413/7961 2138/2412/7962 2159/2434/7963 2160/2433/7964
f 2141/2415/7965 2139/2413/7966 2160/2433/7967 2163/2437/7968
f 2126/2400/7969 2124/2398/7970 2127/2401/7971 2131/2405/7972
f 2124/2398/7973 2123/2397/7974 2128/2402/7975 2127/2401/7976
f 2120/2394/7977 2115/2389/7978 2121/2395/7979 2125/2399/7980
f 2115/2389/7981 2114/2388/7982 2122/2396/7983 2121/2395/7984
f 2118/2392/7985 2111/2385/7986 2112/2386/7987 2119/2393/7988
f 2111/2385/7989 2110/2384/7990 2113/2387/7991 2112/2386/7992
f 2116/2390/7993 2107/2381/7994 2108/2382/7995 2117/2391/7996
f 2107/2381/7997 2106/2380/7998 2109/2383/7999 2108/2382/8000
f 2093/2368/8001 2165/2439/8002 2166/2440/8003 2095/2369/8004
f 2165/2439/8005 2092/2366/8006 2091/2365/8007 2166/2440/8008
f 2167/2441/8009 2084/2358/8010 2083/2357/8011 2168/2442/8012
f 2082/2356/8013 2081/2355/8014 2167/2441/8015 2168/2442/8016
f 2148/2422/8017 2169/2443/8018 2170/2444/8019 2149/2423/8020
f 2169/2443/8021 2171/2445/8022 2172/2446/8023 2170/2444/8024
f 2171/2445/8025 2086/2360/8026 2085/2359/8027 2172/2446/8028
f 2173/2447/8029 2174/2448/8030 2175/2449/8031 2176/2450/8032
f 2178/2451/8033 2177/2452/8034 2173/2447/8035 2176/2450/8036
f 2176/2450/8037 2175/2449/8038 2179/2453/8039 2180/2454/8040
f 2178/2451/8041 2176/2450/8042 2180/2454/8043 2181/2455/8044
f 2180/2454/8045 2179/2453/8046 2182/2456/8047 2183/2457/8048
f 2181/2455/8049 2180/2454/8050 2183/2457/8051 2184/2458/8052
f 2183/2457/8053 2182/2456/8054 2185/2459/8055 2186/2460/8056
f 2184/2458/8057 2183/2457/8058 2186/2460/8059 2187/2461/8060
f 2186/2460/8061 2185/2459/8062 2188/2462/8063 2189/2463/8064
f 2187/2461/8065 2186/2460/8066 2189/2463/8067 2190/2464/8068
f 2189/2463/8069 2188/2462/8070 2191/2465/8071 2192/2466/8072
f 2190/2464/8073 2189/2463/8074 2192/2466/8075 2193/2467/8076
f 2173/2447/8077 2177/2452/8078 2147/2421/8079 2145/2419/8080
f 2145/2419/8081 2144/2418/8082 2174/2448/8083 2173/2447/8084
f 2164/2438/8085 2162/2436/8086 2142/2416/8087 2146/2420/8088
f 2162/2436/8089 2161/2435/8090 2143/2417/8091 2142/2416/8092
f 2192/2466/8093 2191/2465/8094 2194/2468/8095 2195/2469/8096
f 2193/2467/8097 2192/2466/8098 2195/2469/8099 2196/2470/8100
f 2104/2378/8101 2103/2377/8102 2098/2372/8103 2097/2371/8104
f 1953/2471/8105 1955/2472/8106 1956/2473/8107 1954/2474/8108
f 1956/2473/8109 1958/2475/8110 1957/2476/8111 1954/2474/8112
f 1958/2475/8113 2039/2477/8114 2038/2478/8115 1957/2476/8116
f 2037/2479/8117 1996/2480/8118 1995/2481/8119 2034/2482/8120
f 1960/2483/8121 1962/2484/8122 1961/2485/8123 1959/2486/8124
f 1962/2484/8125 1964/2487/8126 1963/2488/8127 1961/2485/8128
f 1972/2489/8129 1971/2490/8130 2031/2491/8131 2030/2492/8132
f 2073/2493/8133 2074/2494/8134 1970/2495/8135 1969/2496/8136
f 1970/2495/8137 1968/2497/8138 1967/2498/8139 1969/2496/8140
f 1972/2489/8141 1966/2499/8142 1965/2500/8143 1971/2490/8144
f 1967/2498/8145 1973/2501/8146 1965/2500/8147 1969/2496/8148
f 1967/2498/8149 1974/2502/8150 1975/2503/8151 1973/2501/8152
f 2028/2504/8153 1976/2505/8154 1977/2506/8155 2029/2507/8156
f 2025/2508/8157 1978/2509/8158 1979/2510/8159 2026/2511/8160
f 1968/2497/8161 1980/2512/8162 1974/2502/8163 1967/2498/8164
f 2027/2513/8165 1981/2514/8166 1976/2505/8167 2028/2504/8168
f 2024/2515/8169 1982/2516/8170 1978/2509/8171 2025/2508/8172
f 2022/2517/8173 1983/2518/8174 1984/2519/8175 2023/2520/8176
f 2021/2521/8177 1985/2522/8178 1983/2518/8179 2022/2517/8180
f 2019/2523/8181 1986/2524/8182 1987/2525/8183 2020/2526/8184
f 2018/2527/8185 1988/2528/8186 1986/2524/8187 2019/2523/8188
f 2008/2529/8189 2007/2530/8190 1986/2524/8191 1988/2528/8192
f 1987/2525/8193 1986/2524/8194 2007/2530/8195 2006/2531/8196
f 1989/2532/8197 2013/2533/8198 2012/2534/8199 1990/2535/8200
f 1991/2536/8201 2014/2537/8202 2013/2533/8203 1989/2532/8204
f 2068/2538/8205 2016/2539/8206 2015/2540/8207 2069/2541/8208
f 2067/2542/8209 2017/2543/8210 2016/2539/8211 2068/2538/8212
f 1960/2483/8213 1959/2486/8214 2041/2544/8215 2040/2545/8216
f 1997/2546/8217 1998/2547/8218 1989/2532/8219 1990/2535/8220
f 1991/2536/8221 1989/2532/8222 1998/2547/8223 1999/2548/8224
f 2000/2549/8225 2001/2550/8226 1998/2547/8227 1997/2546/8228
f 1999/2548/8229 1998/2547/8230 2001/2550/8231 2002/2551/8232
f 2003/2552/8233 2004/2553/8234 2001/2550/8235 2000/2549/8236
f 2002/2551/8237 2001/2550/8238 2004/2553/8239 2005/2554/8240
f 2006/2531/8241 2007/2530/8242 2004/2553/8243 2003/2552/8244
f 2005/2554/8245 2004/2553/8246 2007/2530/8247 2008/2529/8248
f 2010/2555/8249 1992/2556/8250 1993/2557/8251 2009/2558/8252
f 2011/2559/8253 1994/2560/8254 1992/2556/8255 2010/2555/8256
f 2013/2533/8257 2010/2555/8258 2009/2558/8259 2012/2534/8260
f 2014/2537/8261 2011/2559/8262 2010/2555/8263 2013/2533/8264
f 1985/2522/8265 2018/2527/8266 2019/2523/8267 1983/2518/8268
f 1983/2518/8269 2019/2523/8270 2020/2526/8271 1984/2519/8272
f 1982/2516/8273 2021/2521/8274 2022/2517/8275 1978/2509/8276
f 1978/2509/8277 2022/2517/8278 2023/2520/8279 1979/2510/8280
f 1981/2514/8281 2024/2515/8282 2025/2508/8283 1976/2505/8284
f 1976/2505/8285 2025/2508/8286 2026/2511/8287 1977/2506/8288
f 1980/2512/8289 2027/2513/8290 2028/2504/8291 1974/2502/8292
f 1974/2502/8293 2028/2504/8294 2029/2507/8295 1975/2503/8296
f 2030/2492/8297 2031/2491/8298 2033/2561/8299 2032/2562/8300
f 2032/2562/8301 2033/2561/8302 1963/2488/8303 1964/2487/8304
f 2035/2563/8305 2036/2564/8306 2037/2479/8307 2034/2482/8308
f 2039/2477/8309 2036/2564/8310 2035/2563/8311 2038/2478/8312
f 2040/2545/8313 2041/2544/8314 2043/2565/8315 2042/2566/8316
f 2042/2566/8317 2043/2565/8318 2045/2567/8319 2044/2568/8320
f 2044/2568/8321 2045/2567/8322 1995/2481/8323 1996/2480/8324
f 2065/2569/8325 2047/2570/8326 2046/2571/8327 2066/2572/8328
f 2048/2573/8329 2047/2570/8330 2065/2569/8331 2064/2574/8332
f 2047/2570/8333 2050/2575/8334 2049/2576/8335 2046/2571/8336
f 2048/2573/8337 2051/2577/8338 2050/2575/8339 2047/2570/8340
f 2050/2575/8341 2053/2578/8342 2052/2579/8343 2049/2576/8344
f 2051/2577/8345 2054/2580/8346 2053/2578/8347 2050/2575/8348
f 2053/2578/8349 2056/2581/8350 2055/2582/8351 2052/2579/8352
f 2054/2580/8353 2057/2583/8354 2056/2581/8355 2053/2578/8356
f 2056/2581/8357 2059/2584/8358 2058/2585/8359 2055/2582/8360
f 2057/2583/8361 2060/2586/8362 2059/2584/8363 2056/2581/8364
f 2059/2584/8365 2062/2587/8366 2061/2588/8367 2058/2585/8368
f 2060/2586/8369 2063/2589/8370 2062/2587/8371 2059/2584/8372
f 2065/2569/8373 2016/2539/8374 2017/2543/8375 2064/2574/8376
f 2016/2539/8377 2065/2569/8378 2066/2572/8379 2015/2540/8380
f 1994/2560/8381 2067/2542/8382 2068/2538/8383 1992/2556/8384
f 1992/2556/8385 2068/2538/8386 2069/2541/8387 1993/2557/8388
f 2062/2587/8389 2071/2590/8390 2070/2591/8391 2061/2588/8392
f 2063/2589/8393 2072/2592/8394 2071/2590/8395 2062/2587/8396
f 1966/2499/8397 2073/2493/8398 1969/2496/8399 1965/2500/8400
f 2197/2593/8401 2198/2594/8402 2199/2595/8403 2200/2596/8404
f 2198/2594/8405 2205/2597/8406 2206/2598/8407 2199/2595/8408
f 2205/2597/8409 2209/2599/8410 2210/2600/8411 2206/2598/8412
f 2213/2601/8413 2214/2602/8414 2215/2603/8415 2216/2604/8416
f 2221/2605/8417 2222/2606/8418 2223/2607/8419 2224/2608/8420
f 2222/2606/8421 2229/2609/8422 2230/2610/8423 2223/2607/8424
f 2237/2611/8425 2238/2612/8426 2239/2613/8427 2240/2614/8428
f 2238/2612/8429 2249/2615/8430 2250/2616/8431 2239/2613/8432
f 2249/2615/8433 2253/2617/8434 2254/2618/8435 2250/2616/8436
f 2253/2617/8437 2255/2619/8438 2256/2620/8439 2254/2618/8440
f 2257/2621/8441 2258/2622/8442 2259/2623/8443 2260/2624/8444
f 2261/2625/8445 2262/2626/8446 2263/2627/8447 2264/2628/8448
f 2275/2629/8449 2276/2630/8450 2277/2631/8451 2278/2632/8452
f 2283/2633/8453 2284/2634/8454 2285/2635/8455 2286/2636/8456
f 2284/2634/8457 2293/2637/8458 2294/2638/8459 2285/2635/8460
f 2295/2639/8461 2296/2640/8462 2297/2641/8463 2298/2642/8464
f 2303/2643/8465 2304/2644/8466 2305/2645/8467 2306/2646/8468
f 2313/2647/8469 2221/2605/8470 2224/2608/8471 2314/2648/8472
f 2315/2649/8473 2295/2639/8474 2298/2642/8475 2316/2650/8476
f 2319/2651/8477 2315/2649/8478 2316/2650/8479 2320/2652/8480
f 2323/2653/8481 2319/2651/8482 2320/2652/8483 2324/2654/8484
f 2293/2637/8485 2323/2653/8486 2324/2654/8487 2294/2638/8488
f 2327/2655/8489 2328/2656/8490 2329/2657/8491 2330/2658/8492
f 2296/2640/8493 2327/2655/8494 2330/2658/8495 2297/2641/8496
f 2276/2630/8497 2283/2633/8498 2286/2636/8499 2277/2631/8500
f 2262/2626/8501 2275/2629/8502 2278/2632/8503 2263/2627/8504
f 2258/2622/8505 2261/2625/8506 2264/2628/8507 2259/2623/8508
f 2255/2619/8509 2257/2621/8510 2260/2624/8511 2256/2620/8512
f 2337/2659/8513 2237/2611/8514 2240/2614/8515 2338/2660/8516
f 2229/2609/8517 2337/2659/8518 2338/2660/8519 2230/2610/8520
f 2339/2661/8521 2213/2601/8522 2216/2604/8523 2340/2662/8524
f 2209/2599/8525 2339/2661/8526 2340/2662/8527 2210/2600/8528
f 2345/2663/8529 2313/2647/8530 2314/2648/8531 2346/2664/8532
f 2349/2665/8533 2345/2663/8534 2346/2664/8535 2350/2666/8536
f 2214/2602/8537 2349/2665/8538 2350/2666/8539 2215/2603/8540
f 2351/2667/8541 2352/2668/8542 2353/2669/8543 2354/2670/8544
f 2352/2668/8545 2359/2671/8546 2360/2672/8547 2353/2669/8548
f 2359/2671/8549 2363/2673/8550 2364/2674/8551 2360/2672/8552
f 2363/2673/8553 2367/2675/8554 2368/2676/8555 2364/2674/8556
f 2367/2675/8557 2371/2677/8558 2372/2678/8559 2368/2676/8560
f 2371/2677/8561 2375/2679/8562 2376/2680/8563 2372/2678/8564
f 2304/2644/8565 2351/2667/8566 2354/2670/8567 2305/2645/8568
f 2328/2656/8569 2303/2643/8570 2306/2646/8571 2329/2657/8572
f 2375/2679/8573 2379/2681/8574 2380/2682/8575 2376/2680/8576
f 1953/2683/8577 1954/2684/8578 2198/2594/8579 2197/2593/8580
f 2076/2685/8581 2075/2686/8582 2200/2596/8583 2199/2595/8584
f 2075/2686/8585 1953/2683/8586 2197/2593/8587 2200/2596/8588
f 1954/2684/8589 1957/2687/8590 2205/2597/8591 2198/2594/8592
f 2079/2688/8593 2076/2685/8594 2199/2595/8595 2206/2598/8596
f 1957/2687/8597 2038/2689/8598 2209/2599/8599 2205/2597/8600
f 2081/2690/8601 2079/2688/8602 2206/2598/8603 2210/2600/8604
f 2034/2691/8605 1995/2692/8606 2214/2602/8607 2213/2601/8608
f 2085/2693/8609 2084/2694/8610 2216/2604/8611 2215/2603/8612
f 1959/2695/8613 1961/2696/8614 2222/2606/8615 2221/2605/8616
f 2089/2697/8617 2087/2698/8618 2224/2608/8619 2223/2607/8620
f 1961/2696/8621 1963/2699/8622 2229/2609/8623 2222/2606/8624
f 2091/2700/8625 2089/2697/8626 2223/2607/8627 2230/2610/8628
f 2031/2701/8629 1971/2702/8630 2238/2612/8631 2237/2611/8632
f 2096/2703/8633 2095/2704/8634 2240/2614/8635 2239/2613/8636
f 1971/2702/8637 1965/2705/8638 2249/2615/8639 2238/2612/8640
f 2103/2706/8641 2096/2703/8642 2239/2613/8643 2250/2616/8644
f 1965/2705/8645 1973/2707/8646 2253/2617/8647 2249/2615/8648
f 2105/2708/8649 2103/2706/8650 2250/2616/8651 2254/2618/8652
f 1973/2707/8653 1975/2709/8654 2255/2619/8655 2253/2617/8656
f 2106/2710/8657 2105/2708/8658 2254/2618/8659 2256/2620/8660
f 2029/2711/8661 1977/2712/8662 2258/2622/8663 2257/2621/8664
f 2110/2713/8665 2109/2714/8666 2260/2624/8667 2259/2623/8668
f 2026/2715/8669 1979/2716/8670 2262/2626/8671 2261/2625/8672
f 2114/2717/8673 2113/2718/8674 2264/2628/8675 2263/2627/8676
f 2023/2719/8677 1984/2720/8678 2276/2630/8679 2275/2629/8680
f 2123/2721/8681 2122/2722/8682 2278/2632/8683 2277/2631/8684
f 2020/2723/8685 1987/2724/8686 2284/2634/8687 2283/2633/8688
f 2129/2725/8689 2128/2726/8690 2286/2636/8691 2285/2635/8692
f 1987/2724/8693 2006/2727/8694 2293/2637/8695 2284/2634/8696
f 2135/2728/8697 2129/2725/8698 2285/2635/8699 2294/2638/8700
f 1990/2729/8701 2012/2730/8702 2296/2640/8703 2295/2639/8704
f 2138/2731/8705 2137/2732/8706 2298/2642/8707 2297/2641/8708
f 2069/2733/8709 2015/2734/8710 2304/2644/8711 2303/2643/8712
f 2144/2735/8713 2143/2736/8714 2306/2646/8715 2305/2645/8716
f 2041/2737/8717 1959/2695/8718 2221/2605/8719 2313/2647/8720
f 2087/2698/8721 2149/2738/8722 2314/2648/8723 2224/2608/8724
f 1997/2739/8725 1990/2729/8726 2295/2639/8727 2315/2649/8728
f 2137/2732/8729 2150/2740/8730 2316/2650/8731 2298/2642/8732
f 2000/2741/8733 1997/2739/8734 2315/2649/8735 2319/2651/8736
f 2150/2740/8737 2153/2742/8738 2320/2652/8739 2316/2650/8740
f 2003/2743/8741 2000/2741/8742 2319/2651/8743 2323/2653/8744
f 2153/2742/8745 2156/2744/8746 2324/2654/8747 2320/2652/8748
f 2006/2727/8749 2003/2743/8750 2323/2653/8751 2293/2637/8752
f 2156/2744/8753 2135/2728/8754 2294/2638/8755 2324/2654/8756
f 2009/2745/8757 1993/2746/8758 2328/2656/8759 2327/2655/8760
f 2161/2747/8761 2159/2748/8762 2330/2658/8763 2329/2657/8764
f 2012/2730/8765 2009/2745/8766 2327/2655/8767 2296/2640/8768
f 2159/2748/8769 2138/2731/8770 2297/2641/8771 2330/2658/8772
f 1984/2720/8773 2020/2723/8774 2283/2633/8775 2276/2630/8776
f 2128/2726/8777 2123/2721/8778 2277/2631/8779 2286/2636/8780
f 1979/2716/8781 2023/2719/8782 2275/2629/8783 2262/2626/8784
f 2122/2722/8785 2114/2717/8786 2263/2627/8787 2278/2632/8788
f 1977/2712/8789 2026/2715/8790 2261/2625/8791 2258/2622/8792
f 2113/2718/8793 2110/2713/8794 2259/2623/8795 2264/2628/8796
f 1975/2709/8797 2029/2711/8798 2257/2621/8799 2255/2619/8800
f 2109/2714/8801 2106/2710/8802 2256/2620/8803 2260/2624/8804
f 2033/2749/8805 2031/2701/8806 2237/2611/8807 2337/2659/8808
f 2095/2704/8809 2166/2750/8810 2338/2660/8811 2240/2614/8812
f 1963/2699/8813 2033/2749/8814 2337/2659/8815 2229/2609/8816
f 2166/2750/8817 2091/2700/8818 2230/2610/8819 2338/2660/8820
f 2035/2751/8821 2034/2691/8822 2213/2601/8823 2339/2661/8824
f 2084/2694/8825 2167/2752/8826 2340/2662/8827 2216/2604/8828
f 2038/2689/8829 2035/2751/8830 2339/2661/8831 2209/2599/8832
f 2167/2752/8833 2081/2690/8834 2210/2600/8835 2340/2662/8836
f 2043/2753/8837 2041/2737/8838 2313/2647/8839 2345/2663/8840
f 2149/2738/8841 2170/2754/8842 2346/2664/8843 2314/2648/8844
f 2045/2755/8845 2043/2753/8846 2345/2663/8847 2349/2665/8848
f 2170/2754/8849 2172/2756/8850 2350/2666/8851 2346/2664/8852
f 1995/2692/8853 2045/2755/8854 2349/2665/8855 2214/2602/8856
f 2172/2756/8857 2085/2693/8858 2215/2603/8859 2350/2666/8860
f 2066/2757/8861 2046/2758/8862 2352/2668/8863 2351/2667/8864
f 2175/2759/8865 2174/2760/8866 2354/2670/8867 2353/2669/8868
f 2046/2758/8869 2049/2761/8870 2359/2671/8871 2352/2668/8872
f 2179/2762/8873 2175/2759/8874 2353/2669/8875 2360/2672/8876
f 2049/2761/8877 2052/2763/8878 2363/2673/8879 2359/2671/8880
f 2182/2764/8881 2179/2762/8882 2360/2672/8883 2364/2674/8884
f 2052/2763/8885 2055/2765/8886 2367/2675/8887 2363/2673/8888
f 2185/2766/8889 2182/2764/8890 2364/2674/8891 2368/2676/8892
f 2055/2765/8893 2058/2767/8894 2371/2677/8895 2367/2675/8896
f 2188/2768/8897 2185/2766/8898 2368/2676/8899 2372/2678/8900
f 2058/2767/8901 2061/2769/8902 2375/2679/8903 2371/2677/8904
f 2191/2770/8905 2188/2768/8906 2372/2678/8907 2376/2680/8908
f 2015/2734/8909 2066/2757/8910 2351/2667/8911 2304/2644/8912
f 2174/2760/8913 2144/2735/8914 2305/2645/8915 2354/2670/8916
f 1993/2746/8917 2069/2733/8918 2303/2643/8919 2328/2656/8920
f 2143/2736/8921 2161/2747/8922 2329/2657/8923 2306/2646/8924
f 2061/2769/8925 2070/2771/8926 2379/2681/8927 2375/2679/8928
f 2194/2772/8929 2191/2770/8930 2376/2680/8931 2380/2682/8932
f 2202/2773/8933 2201/2774/8934 2203/2775/8935 2204/2776/8936
f 2207/2777/8937 2202/2773/8938 2204/2776/8939 2208/2778/8940
f 2211/2779/8941 2207/2777/8942 2208/2778/8943 2212/2780/8944
f 2218/2781/8945 2217/2782/8946 2219/2783/8947 2220/2784/8948
f 2226/2785/8949 2225/2786/8950 2227/2787/8951 2228/2788/8952
f 2231/2789/8953 2226/2785/8954 2228/2788/8955 2232/2790/8956
f 2234/2791/8957 2233/2792/8958 2235/2793/8959 2236/2794/8960
f 2251/2795/8961 2234/2791/8962 2236/2794/8963 2252/2796/8964
f 2225/2786/8965 2311/2797/8966 2312/2798/8967 2227/2787/8968
f 2233/2792/8969 2335/2799/8970 2336/2800/8971 2235/2793/8972
f 2335/2799/8973 2231/2789/8974 2232/2790/8975 2336/2800/8976
f 2217/2782/8977 2341/2801/8978 2342/2802/8979 2219/2783/8980
f 2341/2801/8981 2211/2779/8982 2212/2780/8983 2342/2802/8984
f 2311/2797/8985 2343/2803/8986 2344/2804/8987 2312/2798/8988
f 2343/2803/8989 2347/2805/8990 2348/2806/8991 2344/2804/8992
f 2347/2805/8993 2218/2781/8994 2220/2784/8995 2348/2806/8996
f 1956/2807/8997 1955/2808/8998 2201/2774/8999 2202/2773/9000
f 1955/2808/9001 2078/2809/9002 2203/2775/9003 2201/2774/9004
f 2078/2809/9005 2077/2810/9006 2204/2776/9007 2203/2775/9008
f 1958/2811/9009 1956/2807/9010 2202/2773/9011 2207/2777/9012
f 2077/2810/9013 2080/2812/9014 2208/2778/9015 2204/2776/9016
f 2039/2813/9017 1958/2811/9018 2207/2777/9019 2211/2779/9020
f 2080/2812/9021 2082/2814/9022 2212/2780/9023 2208/2778/9024
f 1996/2815/9025 2037/2816/9026 2217/2782/9027 2218/2781/9028
f 2083/2817/9029 2086/2818/9030 2220/2784/9031 2219/2783/9032
f 1962/2819/9033 1960/2820/9034 2225/2786/9035 2226/2785/9036
f 2088/2821/9037 2090/2822/9038 2228/2788/9039 2227/2787/9040
f 1964/2823/9041 1962/2819/9042 2226/2785/9043 2231/2789/9044
f 2090/2822/9045 2092/2824/9046 2232/2790/9047 2228/2788/9048
f 1972/2825/9049 2030/2826/9050 2233/2792/9051 2234/2791/9052
f 2093/2827/9053 2094/2828/9054 2236/2794/9055 2235/2793/9056
f 1966/2829/9057 1972/2825/9058 2234/2791/9059 2251/2795/9060
f 2094/2828/9061 2104/2830/9062 2252/2796/9063 2236/2794/9064
f 1960/2820/9065 2040/2831/9066 2311/2797/9067 2225/2786/9068
f 2148/2832/9069 2088/2821/9070 2227/2787/9071 2312/2798/9072
f 2030/2826/9073 2032/2833/9074 2335/2799/9075 2233/2792/9076
f 2165/2834/9077 2093/2827/9078 2235/2793/9079 2336/2800/9080
f 2032/2833/9081 1964/2823/9082 2231/2789/9083 2335/2799/9084
f 2092/2824/9085 2165/2834/9086 2336/2800/9087 2232/2790/9088
f 2037/2816/9089 2036/2835/9090 2341/2801/9091 2217/2782/9092
f 2168/2836/9093 2083/2817/9094 2219/2783/9095 2342/2802/9096
f 2036/2835/9097 2039/2813/9098 2211/2779/9099 2341/2801/9100
f 2082/2814/9101 2168/2836/9102 2342/2802/9103 2212/2780/9104
f 2040/2831/9105 2042/2837/9106 2343/2803/9107 2311/2797/9108
f 2169/2838/9109 2148/2832/9110 2312/2798/9111 2344/2804/9112
f 2042/2837/9113 2044/2839/9114 2347/2805/9115 2343/2803/9116
f 2171/2840/9117 2169/2838/9118 2344/2804/9119 2348/2806/9120
f 2044/2839/9121 1996/2815/9122 2218/2781/9123 2347/2805/9124
f 2086/2818/9125 2171/2840/9126 2348/2806/9127 2220/2784/9128
f 2242/2841/9129 2241/2842/9130 2243/2843/9131 2244/2844/9132
f 2241/2842/9133 2245/2845/9134 2246/2846/9135 2243/2843/9136
f 2245/2845/9137 2251/2795/9138 2252/2796/9139 2246/2846/9140
f 1970/2847/9141 2074/2848/9142 2241/2842/9143 2242/2841/9144
f 2100/2849/9145 2099/2850/9146 2244/2844/9147 2243/2843/9148
f 2074/2848/9149 2073/2851/9150 2245/2845/9151 2241/2842/9152
f 2097/2852/9153 2100/2849/9154 2243/2843/9155 2246/2846/9156
f 2073/2851/9157 1966/2829/9158 2251/2795/9159 2245/2845/9160
f 2104/2830/9161 2097/2852/9162 2246/2846/9163 2252/2796/9164
f 2247/2853/9165 2242/2841/9166 2244/2844/9167 2248/2854/9168
f 2265/2855/9169 2247/2853/9170 2248/2854/9171 2266/2856/9172
f 2268/2857/9173 2267/2858/9174 2269/2859/9175 2270/2860/9176
f 2272/2861/9177 2271/2862/9178 2273/2863/9179 2274/2864/9180
f 2280/2865/9181 2279/2866/9182 2281/2867/9183 2282/2868/9184
f 2288/2869/9185 2287/2870/9186 2289/2871/9187 2290/2872/9188
f 2291/2873/9189 2288/2869/9190 2290/2872/9191 2292/2874/9192
f 2300/2875/9193 2299/2876/9194 2301/2877/9195 2302/2878/9196
f 2308/2879/9197 2307/2880/9198 2309/2881/9199 2310/2882/9200
f 2299/2876/9201 2317/2883/9202 2318/2884/9203 2301/2877/9204
f 2317/2883/9205 2321/2885/9206 2322/2886/9207 2318/2884/9208
f 2321/2885/9209 2325/2887/9210 2326/2888/9211 2322/2886/9212
f 2325/2887/9213 2291/2873/9214 2292/2874/9215 2326/2888/9216
f 2332/2889/9217 2331/2890/9218 2333/2891/9219 2334/2892/9220
f 2331/2890/9221 2300/2875/9222 2302/2878/9223 2333/2891/9224
f 2287/2870/9225 2280/2865/9226 2282/2868/9227 2289/2871/9228
f 2279/2866/9229 2272/2861/9230 2274/2864/9231 2281/2867/9232
f 2271/2862/9233 2268/2857/9234 2270/2860/9235 2273/2863/9236
f 2267/2858/9237 2265/2855/9238 2266/2856/9239 2269/2859/9240
f 2356/2893/9241 2355/2894/9242 2357/2895/9243 2358/2896/9244
f 2361/2897/9245 2356/2893/9246 2358/2896/9247 2362/2898/9248
f 2365/2899/9249 2361/2897/9250 2362/2898/9251 2366/2900/9252
f 2355/2894/9253 2308/2879/9254 2310/2882/9255 2357/2895/9256
f 2307/2880/9257 2332/2889/9258 2334/2892/9259 2309/2881/9260
f 1968/2901/9261 1970/2847/9262 2242/2841/9263 2247/2853/9264
f 2099/2850/9265 2102/2902/9266 2248/2854/9267 2244/2844/9268
f 1980/2903/9269 1968/2901/9270 2247/2853/9271 2265/2855/9272
f 2102/2902/9273 2116/2904/9274 2266/2856/9275 2248/2854/9276
f 1981/2905/9277 2027/2906/9278 2267/2858/9279 2268/2857/9280
f 2117/2907/9281 2118/2908/9282 2270/2860/9283 2269/2859/9284
f 1982/2909/9285 2024/2910/9286 2271/2862/9287 2272/2861/9288
f 2119/2911/9289 2120/2912/9290 2274/2864/9291 2273/2863/9292
f 1985/2913/9293 2021/2914/9294 2279/2866/9295 2280/2865/9296
f 2125/2915/9297 2126/2916/9298 2282/2868/9299 2281/2867/9300
f 1988/2917/9301 2018/2918/9302 2287/2870/9303 2288/2869/9304
f 2131/2919/9305 2132/2920/9306 2290/2872/9307 2289/2871/9308
f 2008/2921/9309 1988/2917/9310 2288/2869/9311 2291/2873/9312
f 2132/2920/9313 2133/2922/9314 2292/2874/9315 2290/2872/9316
f 2014/2923/9317 1991/2924/9318 2299/2876/9319 2300/2875/9320
f 2140/2925/9321 2141/2926/9322 2302/2878/9323 2301/2877/9324
f 2017/2927/9325 2067/2928/9326 2307/2880/9327 2308/2879/9328
f 2146/2929/9329 2147/2930/9330 2310/2882/9331 2309/2881/9332
f 1991/2924/9333 1999/2931/9334 2317/2883/9335 2299/2876/9336
f 2152/2932/9337 2140/2925/9338 2301/2877/9339 2318/2884/9340
f 1999/2931/9341 2002/2933/9342 2321/2885/9343 2317/2883/9344
f 2155/2934/9345 2152/2932/9346 2318/2884/9347 2322/2886/9348
f 2002/2933/9349 2005/2935/9350 2325/2887/9351 2321/2885/9352
f 2158/2936/9353 2155/2934/9354 2322/2886/9355 2326/2888/9356
f 2005/2935/9357 2008/2921/9358 2291/2873/9359 2325/2887/9360
f 2133/2922/9361 2158/2936/9362 2326/2888/9363 2292/2874/9364
f 1994/2937/9365 2011/2938/9366 2331/2890/9367 2332/2889/9368
f 2163/2939/9369 2164/2940/9370 2334/2892/9371 2333/2891/9372
f 2011/2938/9373 2014/2923/9374 2300/2875/9375 2331/2890/9376
f 2141/2926/9377 2163/2939/9378 2333/2891/9379 2302/2878/9380
f 2018/2918/9381 1985/2913/9382 2280/2865/9383 2287/2870/9384
f 2126/2916/9385 2131/2919/9386 2289/2871/9387 2282/2868/9388
f 2021/2914/9389 1982/2909/9390 2272/2861/9391 2279/2866/9392
f 2120/2912/9393 2125/2915/9394 2281/2867/9395 2274/2864/9396
f 2024/2910/9397 1981/2905/9398 2268/2857/9399 2271/2862/9400
f 2118/2908/9401 2119/2911/9402 2273/2863/9403 2270/2860/9404
f 2027/2906/9405 1980/2903/9406 2265/2855/9407 2267/2858/9408
f 2116/2904/9409 2117/2907/9410 2269/2859/9411 2266/2856/9412
f 2048/2941/9413 2064/2942/9414 2355/2894/9415 2356/2893/9416
f 2177/2943/9417 2178/2944/9418 2358/2896/9419 2357/2895/9420
f 2051/2945/9421 2048/2941/9422 2356/2893/9423 2361/2897/9424
f 2178/2944/9425 2181/2946/9426 2362/2898/9427 2358/2896/9428
f 2054/2947/9429 2051/2945/9430 2361/2897/9431 2365/2899/9432
f 2181/2946/9433 2184/2948/9434 2366/2900/9435 2362/2898/9436
f 2064/2942/9437 2017/2927/9438 2308/2879/9439 2355/2894/9440
f 2147/2930/9441 2177/2943/9442 2357/2895/9443 2310/2882/9444
f 2067/2928/9445 1994/2937/9446 2332/2889/9447 2307/2880/9448
f 2164/2940/9449 2146/2929/9450 2309/2881/9451 2334/2892/9452
f 2369/2949/9453 2365/2899/9454 2366/2900/9455 2370/2950/9456
f 2373/2951/9457 2369/2949/9458 2370/2950/9459 2374/2952/9460
f 2377/2953/9461 2373/2951/9462 2374/2952/9463 2378/2954/9464
f 2383/2955/9465 2377/2953/9466 2378/2954/9467 2384/2956/9468
f 2057/2957/9469 2054/2947/9470 2365/2899/9471 2369/2949/9472
f 2184/2948/9473 2187/2958/9474 2370/2950/9475 2366/2900/9476
f 2060/2959/9477 2057/2957/9478 2369/2949/9479 2373/2951/9480
f 2187/2958/9481 2190/2960/9482 2374/2952/9483 2370/2950/9484
f 2063/2961/9485 2060/2959/9486 2373/2951/9487 2377/2953/9488
f 2190/2960/9489 2193/2962/9490 2378/2954/9491 2374/2952/9492
f 2072/2963/9493 2063/2961/9494 2377/2953/9495 2383/2955/9496
f 2193/2962/9497 2196/2964/9498 2384/2956/9499 2378/2954/9500
f 2379/2965/9501 2381/2966/9502 2382/2967/9503 2380/2968/9504
f 2381/2966/9505 2383/2955/9506 2384/2956/9507 2382/2967/9508
f 2070/2969/9509 2071/2970/9510 2381/2966/9511 2379/2965/9512
f 2195/2971/9513 2194/2972/9514 2380/2968/9515 2382/2967/9516
f 2071/2970/9517 2072/2963/9518 2383/2955/9519 2381/2966/9520
f 2196/2964/9521 2195/2971/9522 2382/2967/9523 2384/2956/9524
g default
v -0.443930 -0.554611 -0.049371
v -0.446667 -0.554611 0.000000
v -0.403301 -0.554611 -0.191988
v -0.379387 -0.554611 -0.235749
v -0.350704 -0.554611 -0.276618
v -0.317643 -0.554611 -0.314029
v -0.280683 -0.554611 -0.347460
v -0.153307 -0.554611 -0.419534
v -0.197706 -0.554611 -0.400529
v -0.240435 -0.554611 -0.376433
v 0.444110 -0.554611 -0.047727
v 0.446667 -0.554611 0.000000
v 0.098159 -0.554611 -0.435748
v 0.045732 -0.554611 -0.444320
v -0.007205 -0.554611 -0.446609
v -0.058691 -0.554611 -0.442794
v -0.107304 -0.554611 -0.433586
v 0.148108 -0.554611 -0.421397
v 0.194535 -0.554611 -0.402079
v 0.238168 -0.554611 -0.377872
v 0.352321 -0.554611 -0.274557
v 0.318183 -0.554611 -0.313482
v 0.279713 -0.554611 -0.348241
v 0.381408 -0.554611 -0.232464
v 0.405141 -0.554611 -0.188075
v 0.423450 -0.554611 -0.142133
v 0.436404 -0.554611 -0.095200
v -0.422153 -0.554611 -0.145939
v -0.435738 -0.554611 -0.098204
v -0.443930 -0.554611 0.049371
v -0.379387 -0.554611 0.235748
v -0.403301 -0.554611 0.191988
v -0.350704 -0.554611 0.276618
v -0.317643 -0.554611 0.314029
v -0.280683 -0.554611 0.347460
v -0.197706 -0.554611 0.400529
v -0.153307 -0.554611 0.419533
v -0.240436 -0.554611 0.376433
v 0.444110 -0.554611 0.047727
v 0.045732 -0.554611 0.444320
v 0.098159 -0.554611 0.435748
v -0.007205 -0.554611 0.446609
v -0.058691 -0.554611 0.442794
v -0.107304 -0.554611 0.433587
v 0.148108 -0.554611 0.421397
v 0.194534 -0.554611 0.402079
v 0.238168 -0.554611 0.377872
v 0.318183 -0.554611 0.313482
v 0.352321 -0.554611 0.274557
v 0.279713 -0.554611 0.348241
v 0.381408 -0.554611 0.232464
v 0.405141 -0.554611 0.188075
v 0.423450 -0.554611 0.142133
v 0.436404 -0.554611 0.095200
v -0.435738 -0.554611 0.098204
v -0.422153 -0.554611 0.145939
v -0.518527 -0.674109 -0.057667
v -0.521724 -0.674109 0.000000
v -0.471071 -0.674109 -0.224250
v -0.443138 -0.674109 -0.275363
v -0.409636 -0.674109 -0.323101
v -0.371019 -0.674109 -0.366798
v -0.327848 -0.674109 -0.405847
v -0.179068 -0.674109 -0.490031
v -0.230928 -0.674109 -0.467833
v -0.280838 -0.674109 -0.439688
v 0.518737 -0.674109 -0.055747
v 0.521723 -0.674109 0.000000
v 0.114653 -0.674109 -0.508970
v 0.053417 -0.674109 -0.518982
v -0.008415 -0.674109 -0.521656
v -0.068553 -0.674109 -0.517201
v -0.125335 -0.674109 -0.506445
v 0.172995 -0.674109 -0.492208
v 0.227224 -0.674109 -0.469644
v 0.278189 -0.674109 -0.441369
v 0.411524 -0.674109 -0.320693
v 0.371650 -0.674109 -0.366159
v 0.326715 -0.674109 -0.406759
v 0.445499 -0.674109 -0.271526
v 0.473220 -0.674109 -0.219678
v 0.494605 -0.674109 -0.166017
v 0.509736 -0.674109 -0.111197
v -0.493091 -0.674109 -0.170463
v -0.508958 -0.674109 -0.114706
v -0.518527 -0.674109 0.057667
v -0.443138 -0.674109 0.275363
v -0.471071 -0.674109 0.224249
v -0.409636 -0.674109 0.323101
v -0.371019 -0.674109 0.366798
v -0.327848 -0.674109 0.405846
v -0.230928 -0.674109 0.467833
v -0.179068 -0.674109 0.490031
v -0.280838 -0.674109 0.439688
v 0.518737 -0.674109 0.055747
v 0.053417 -0.674109 0.518982
v 0.114653 -0.674109 0.508970
v -0.008416 -0.674109 0.521656
v -0.068553 -0.674109 0.517200
v -0.125335 -0.674109 0.506445
v 0.172995 -0.674109 0.492208
v 0.227224 -0.674109 0.469644
v 0.278189 -0.674109 0.441369
v 0.371649 -0.674109 0.366159
v 0.411524 -0.674109 0.320693
v 0.326715 -0.674109 0.406759
v 0.445499 -0.674109 0.271526
v 0.473220 -0.674109 0.219679
v 0.494605 -0.674109 0.166017
v 0.509735 -0.674109 0.111198
v -0.508958 -0.674109 0.114706
v -0.493091 -0.674109 0.170462
v -0.000421 -0.554611 0.000000
v -0.518527 -0.738369 -0.057667
v -0.521724 -0.738369 0.000000
v -0.471071 -0.738369 -0.224250
v -0.443138 -0.738369 -0.275363
v -0.409636 -0.738369 -0.323101
v -0.371019 -0.738369 -0.366798
v -0.327848 -0.738369 -0.405847
v -0.179068 -0.738369 -0.490031
v -0.230928 -0.738369 -0.467833
v -0.280838 -0.738369 -0.439688
v 0.518737 -0.738369 -0.055747
v 0.521723 -0.738369 0.000000
v 0.114653 -0.738369 -0.508970
v 0.053417 -0.738369 -0.518982
v -0.008415 -0.738369 -0.521656
v -0.068553 -0.738369 -0.517201
v -0.125335 -0.738369 -0.506445
v 0.172995 -0.738369 -0.492208
v 0.227224 -0.738369 -0.469644
v 0.278189 -0.738369 -0.441369
v 0.411524 -0.738369 -0.320693
v 0.371650 -0.738369 -0.366159
v 0.326715 -0.738369 -0.406759
v 0.445499 -0.738369 -0.271526
v 0.473220 -0.738369 -0.219678
v 0.494605 -0.738369 -0.166017
v 0.509736 -0.738369 -0.111197
v -0.493091 -0.738369 -0.170463
v -0.508958 -0.738369 -0.114706
v -0.518527 -0.738369 0.057667
v -0.443138 -0.738369 0.275363
v -0.471071 -0.738369 0.224249
v -0.409636 -0.738369 0.323101
v -0.371019 -0.738369 0.366798
v -0.327848 -0.738369 0.405846
v -0.230928 -0.738369 0.467833
v -0.179068 -0.738369 0.490031
v -0.280838 -0.738369 0.439688
v 0.518737 -0.738369 0.055747
v 0.053417 -0.738369 0.518982
v 0.114653 -0.738369 0.508970
v -0.008416 -0.738369 0.521656
v -0.068553 -0.738369 0.517200
v -0.125335 -0.738369 0.506445
v 0.172995 -0.738369 0.492208
v 0.227224 -0.738369 0.469644
v 0.278189 -0.738369 0.441369
v 0.371649 -0.738369 0.366159
v 0.411524 -0.738369 0.320693
v 0.326715 -0.738369 0.406759
v 0.445499 -0.738369 0.271526
v 0.473220 -0.738369 0.219679
v 0.494605 -0.738369 0.166017
v 0.509735 -0.738369 0.111198
v -0.508958 -0.738369 0.114706
v -0.493091 -0.738369 0.170462
v -0.458393 -0.738369 -0.050979
v -0.461219 -0.738369 0.000000
v -0.416441 -0.738369 -0.198243
v -0.391747 -0.738369 -0.243429
v -0.362130 -0.738369 -0.285630
v -0.327992 -0.738369 -0.324260
v -0.289827 -0.738369 -0.358780
v -0.158301 -0.738369 -0.433202
v -0.204147 -0.738369 -0.413578
v -0.248269 -0.738369 -0.388697
v 0.458579 -0.738369 -0.049282
v 0.461219 -0.738369 0.000000
v 0.101357 -0.738369 -0.449944
v 0.047222 -0.738369 -0.458795
v -0.007439 -0.738369 -0.461159
v -0.060603 -0.738369 -0.457220
v -0.110800 -0.738369 -0.447712
v 0.152933 -0.738369 -0.435126
v 0.200872 -0.738369 -0.415179
v 0.245927 -0.738369 -0.390183
v 0.363799 -0.738369 -0.283502
v 0.328549 -0.738369 -0.323695
v 0.288826 -0.738369 -0.359587
v 0.393834 -0.738369 -0.240037
v 0.418340 -0.738369 -0.194202
v 0.437245 -0.738369 -0.146764
v 0.450621 -0.738369 -0.098302
v -0.435907 -0.738369 -0.150694
v -0.449934 -0.738369 -0.101404
v -0.458393 -0.738369 0.050979
v -0.391747 -0.738369 0.243429
v -0.416441 -0.738369 0.198243
v -0.362130 -0.738369 0.285630
v -0.327992 -0.738369 0.324260
v -0.289827 -0.738369 0.358780
v -0.204147 -0.738369 0.413578
v -0.158301 -0.738369 0.433202
v -0.248269 -0.738369 0.388697
v 0.458579 -0.738369 0.049282
v 0.047222 -0.738369 0.458795
v 0.101357 -0.738369 0.449944
v -0.007440 -0.738369 0.461159
v -0.060603 -0.738369 0.457220
v -0.110800 -0.738369 0.447712
v 0.152933 -0.738369 0.435126
v 0.200872 -0.738369 0.415179
v 0.245927 -0.738369 0.390183
v 0.328549 -0.738369 0.323695
v 0.363799 -0.738369 0.283502
v 0.288826 -0.738369 0.359587
v 0.393834 -0.738369 0.240037
v 0.418340 -0.738369 0.194202
v 0.437245 -0.738369 0.146764
v 0.450621 -0.738369 0.098302
v -0.449934 -0.738369 0.101403
v -0.435907 -0.738369 0.150694
v -0.458393 -0.703228 -0.050979
v -0.461219 -0.703228 0.000000
v -0.416441 -0.703228 -0.198243
v -0.391747 -0.703228 -0.243429
v -0.362130 -0.703228 -0.285630
v -0.327992 -0.703228 -0.324260
v -0.289827 -0.703228 -0.358780
v -0.158301 -0.703228 -0.433202
v -0.204147 -0.703228 -0.413578
v -0.248269 -0.703228 -0.388697
v 0.458579 -0.703228 -0.049282
v 0.461219 -0.703228 0.000000
v 0.101357 -0.703228 -0.449944
v 0.047222 -0.703228 -0.458795
v -0.007439 -0.703228 -0.461159
v -0.060603 -0.703228 -0.457220
v -0.110800 -0.703228 -0.447712
v 0.152933 -0.703228 -0.435126
v 0.200872 -0.703228 -0.415179
v 0.245927 -0.703228 -0.390183
v 0.363799 -0.703228 -0.283502
v 0.328549 -0.703228 -0.323695
v 0.288826 -0.703228 -0.359587
v 0.393834 -0.703228 -0.240037
v 0.418340 -0.703228 -0.194202
v 0.437245 -0.703228 -0.146764
v 0.450621 -0.703228 -0.098302
v -0.435907 -0.703228 -0.150694
v -0.449934 -0.703228 -0.101404
v -0.458393 -0.703228 0.050979
v -0.391747 -0.703228 0.243429
v -0.416441 -0.703228 0.198243
v -0.362130 -0.703228 0.285630
v -0.327992 -0.703228 0.324260
v -0.289827 -0.703228 0.358780
v -0.204147 -0.703228 0.413578
v -0.158301 -0.703228 0.433202
v -0.248269 -0.703228 0.388697
v 0.458579 -0.703228 0.049282
v 0.047222 -0.703228 0.458795
v 0.101357 -0.703228 0.449944
v -0.007440 -0.703228 0.461159
v -0.060603 -0.703228 0.457220
v -0.110800 -0.703228 0.447712
v 0.152933 -0.703228 0.435126
v 0.200872 -0.703228 0.415179
v 0.245927 -0.703228 0.390183
v 0.328549 -0.703228 0.323695
v 0.363799 -0.703228 0.283502
v 0.288826 -0.703228 0.359587
v 0.393834 -0.703228 0.240037
v 0.418340 -0.703228 0.194202
v 0.437245 -0.703228 0.146764
v 0.450621 -0.703228 0.098302
v -0.449934 -0.703228 0.101403
v -0.435907 -0.703228 0.150694
v -0.061000 -0.659302 -0.006784
v -0.061377 -0.659302 0.000000
v -0.055418 -0.659302 -0.026381
v -0.052132 -0.659302 -0.032394
v -0.048190 -0.659302 -0.038010
v -0.043648 -0.659302 -0.043151
v -0.038569 -0.659302 -0.047744
v -0.021066 -0.659302 -0.057648
v -0.027167 -0.659302 -0.055037
v -0.033038 -0.659302 -0.051726
v 0.061025 -0.659302 -0.006558
v 0.061376 -0.659302 0.000000
v 0.013488 -0.659302 -0.059876
v 0.006284 -0.659302 -0.061054
v -0.000990 -0.659302 -0.061369
v -0.008065 -0.659302 -0.060845
v -0.014745 -0.659302 -0.059579
v 0.020351 -0.659302 -0.057904
v 0.026731 -0.659302 -0.055250
v 0.032726 -0.659302 -0.051923
v 0.048412 -0.659302 -0.037727
v 0.043721 -0.659302 -0.043076
v 0.038435 -0.659302 -0.047852
v 0.052409 -0.659302 -0.031943
v 0.055670 -0.659302 -0.025843
v 0.058186 -0.659302 -0.019531
v 0.059966 -0.659302 -0.013082
v -0.058008 -0.659302 -0.020054
v -0.059875 -0.659302 -0.013494
v -0.061001 -0.659302 0.006784
v -0.052132 -0.659302 0.032394
v -0.055418 -0.659302 0.026381
v -0.048190 -0.659302 0.038010
v -0.043648 -0.659302 0.043151
v -0.038569 -0.659302 0.047744
v -0.027167 -0.659302 0.055037
v -0.021066 -0.659302 0.057648
v -0.033038 -0.659302 0.051726
v 0.061025 -0.659302 0.006558
v 0.006284 -0.659302 0.061054
v 0.013488 -0.659302 0.059876
v -0.000990 -0.659302 0.061368
v -0.008065 -0.659302 0.060844
v -0.014745 -0.659302 0.059579
v 0.020351 -0.659302 0.057904
v 0.026731 -0.659302 0.055250
v 0.032726 -0.659302 0.051923
v 0.043721 -0.659302 0.043075
v 0.048412 -0.659302 0.037727
v 0.038435 -0.659302 0.047852
v 0.052409 -0.659302 0.031943
v 0.055670 -0.659302 0.025843
v 0.058186 -0.659302 0.019530
v 0.059966 -0.659302 0.013081
v -0.059875 -0.659302 0.013494
v -0.058008 -0.659302 0.020053
v -0.000054 -0.659302 0.000000
vt 0.420148 0.417953
vt 0.413687 0.426031
vt 0.436088 0.379894
vt 0.433711 0.390052
vt 0.437318 0.369522
vt 0.437383 0.359077
vt 0.436286 0.348710
vt 0.426484 0.319703
vt 0.430754 0.328860
vt 0.434054 0.338578
vt 0.274421 0.301406
vt 0.281477 0.294322
vt 0.389544 0.282092
vt 0.398913 0.288070
vt 0.407485 0.295099
vt 0.414979 0.302877
vt 0.421273 0.311095
vt 0.379754 0.277361
vt 0.369821 0.273895
vt 0.359641 0.271582
vt 0.327431 0.271764
vt 0.338184 0.270458
vt 0.349031 0.270406
vt 0.317025 0.274268
vt 0.307132 0.277878
vt 0.297868 0.282486
vt 0.289302 0.287996
vt 0.430225 0.399861
vt 0.425684 0.409197
vt 0.406373 0.433345
vt 0.380143 0.449909
vt 0.370310 0.453395
vt 0.360137 0.455764
vt 0.349765 0.456984
vt 0.339339 0.457039
vt 0.319001 0.453737
vt 0.309428 0.450505
vt 0.329023 0.455941
vt 0.268162 0.309203
vt 0.274943 0.426603
vt 0.267965 0.417953
vt 0.282876 0.434344
vt 0.291434 0.440932
vt 0.300297 0.446279
vt 0.262181 0.408748
vt 0.257639 0.399260
vt 0.254213 0.389400
vt 0.250722 0.368200
vt 0.250830 0.357370
vt 0.251870 0.378985
vt 0.252166 0.346750
vt 0.254659 0.336519
vt 0.258213 0.326803
vt 0.262741 0.317679
vt 0.398283 0.439815
vt 0.389506 0.445361
vt 0.344123 0.363774
vt 0.663208 0.097465
vt 0.674729 0.097465
vt 0.709425 0.097465
vt 0.721045 0.097465
vt 0.732679 0.097465
vt 0.744312 0.097465
vt 0.755924 0.097465
vt 0.778909 0.097465
vt 0.790162 0.097465
vt 0.767479 0.097465
vt 0.978863 0.097465
vt 0.990000 0.097465
vt 0.837274 0.097465
vt 0.849652 0.097465
vt 0.824928 0.097465
vt 0.812898 0.097465
vt 0.801370 0.097465
vt 0.861761 0.097465
vt 0.873478 0.097465
vt 0.885105 0.097465
vt 0.909075 0.097465
vt 0.921139 0.097465
vt 0.896995 0.097465
vt 0.933061 0.097465
vt 0.944789 0.097465
vt 0.956312 0.097465
vt 0.967657 0.097465
vt 0.686267 0.097465
vt 0.697831 0.097465
vt 0.651687 0.097465
vt 0.605372 0.097465
vt 0.616991 0.097465
vt 0.593738 0.097465
vt 0.582105 0.097465
vt 0.570492 0.097465
vt 0.536254 0.097465
vt 0.547507 0.097465
vt 0.558937 0.097465
vt 0.336416 0.097465
vt 0.347553 0.097465
vt 0.476764 0.097465
vt 0.489142 0.097465
vt 0.501488 0.097465
vt 0.513518 0.097465
vt 0.525046 0.097465
vt 0.464655 0.097465
vt 0.452938 0.097465
vt 0.441312 0.097465
vt 0.405277 0.097465
vt 0.417341 0.097465
vt 0.429422 0.097465
vt 0.393355 0.097465
vt 0.381627 0.097465
vt 0.370104 0.097465
vt 0.358759 0.097465
vt 0.628585 0.097465
vt 0.640149 0.097465
vt 0.709425 0.126884
vt 0.697831 0.126884
vt 0.686267 0.126884
vt 0.674729 0.126884
vt 0.663208 0.126884
vt 0.651687 0.126884
vt 0.640149 0.126884
vt 0.628585 0.126884
vt 0.616991 0.126884
vt 0.605372 0.126884
vt 0.593738 0.126884
vt 0.582105 0.126884
vt 0.570492 0.126884
vt 0.558937 0.126884
vt 0.547507 0.126884
vt 0.536254 0.126884
vt 0.525046 0.126884
vt 0.513518 0.126884
vt 0.501488 0.126884
vt 0.489142 0.126884
vt 0.476764 0.126884
vt 0.464655 0.126884
vt 0.452938 0.126884
vt 0.441312 0.126884
vt 0.429422 0.126884
vt 0.417341 0.126884
vt 0.405277 0.126884
vt 0.393355 0.126884
vt 0.381627 0.126884
vt 0.370104 0.126884
vt 0.358759 0.126884
vt 0.347553 0.126884
vt 0.336416 0.126884
vt 0.990000 0.126884
vt 0.978863 0.126884
vt 0.967657 0.126884
vt 0.956312 0.126884
vt 0.944789 0.126884
vt 0.933061 0.126884
vt 0.921139 0.126884
vt 0.909075 0.126884
vt 0.896995 0.126884
vt 0.885105 0.126884
vt 0.873478 0.126884
vt 0.861761 0.126884
vt 0.849652 0.126884
vt 0.837274 0.126884
vt 0.824928 0.126884
vt 0.812898 0.126884
vt 0.801370 0.126884
vt 0.790162 0.126884
vt 0.778909 0.126884
vt 0.767479 0.126884
vt 0.755924 0.126884
vt 0.744312 0.126884
vt 0.732679 0.126884
vt 0.721045 0.126884
vt 0.674729 0.140281
vt 0.663208 0.140281
vt 0.721045 0.140281
vt 0.709425 0.140281
vt 0.732679 0.140281
vt 0.744312 0.140281
vt 0.755924 0.140281
vt 0.790162 0.140281
vt 0.778909 0.140281
vt 0.767479 0.140281
vt 0.990000 0.140281
vt 0.978863 0.140281
vt 0.849652 0.140281
vt 0.837274 0.140281
vt 0.824928 0.140281
vt 0.812898 0.140281
vt 0.801370 0.140281
vt 0.861761 0.140281
vt 0.873478 0.140281
vt 0.885105 0.140281
vt 0.921139 0.140281
vt 0.909075 0.140281
vt 0.896995 0.140281
vt 0.933061 0.140281
vt 0.944789 0.140281
vt 0.956312 0.140281
vt 0.967657 0.140281
vt 0.697831 0.140281
vt 0.686267 0.140281
vt 0.651687 0.140281
vt 0.616991 0.140281
vt 0.605372 0.140281
vt 0.593738 0.140281
vt 0.582105 0.140281
vt 0.570492 0.140281
vt 0.547507 0.140281
vt 0.536254 0.140281
vt 0.558937 0.140281
vt 0.347553 0.140281
vt 0.336416 0.140281
vt 0.489142 0.140281
vt 0.476764 0.140281
vt 0.501488 0.140281
vt 0.513518 0.140281
vt 0.525046 0.140281
vt 0.464655 0.140281
vt 0.452938 0.140281
vt 0.441312 0.140281
vt 0.417341 0.140281
vt 0.405277 0.140281
vt 0.429422 0.140281
vt 0.393355 0.140281
vt 0.381627 0.140281
vt 0.370104 0.140281
vt 0.358759 0.140281
vt 0.640149 0.140281
vt 0.628585 0.140281
vt 0.041236 0.401257
vt 0.048394 0.410304
vt 0.023734 0.358734
vt 0.026300 0.370075
vt 0.022447 0.347159
vt 0.022453 0.335510
vt 0.023739 0.323950
vt 0.034828 0.291634
vt 0.030018 0.301832
vt 0.026288 0.312658
vt 0.204851 0.272021
vt 0.196992 0.264052
vt 0.076292 0.249907
vt 0.065821 0.256538
vt 0.056221 0.264328
vt 0.047797 0.272942
vt 0.040703 0.282060
vt 0.087234 0.244670
vt 0.098342 0.240850
vt 0.109724 0.238311
vt 0.145701 0.238643
vt 0.133697 0.237152
vt 0.121584 0.237050
vt 0.157318 0.241480
vt 0.168359 0.245557
vt 0.178701 0.250741
vt 0.188264 0.256939
vt 0.030112 0.381032
vt 0.035117 0.391464
vt 0.056511 0.418507
vt 0.085663 0.437195
vt 0.096602 0.441178
vt 0.107928 0.443919
vt 0.119491 0.445373
vt 0.131125 0.445526
vt 0.153864 0.442010
vt 0.164590 0.438479
vt 0.142652 0.444392
vt 0.211803 0.280796
vt 0.203294 0.412046
vt 0.211156 0.402441
vt 0.194387 0.420639
vt 0.184783 0.427934
vt 0.174836 0.433835
vt 0.217712 0.392209
vt 0.222877 0.381637
vt 0.226783 0.370635
vt 0.230834 0.346956
vt 0.230798 0.334843
vt 0.229479 0.359007
vt 0.229403 0.322950
vt 0.226706 0.311479
vt 0.222808 0.300575
vt 0.217812 0.290324
vt 0.065500 0.425778
vt 0.075255 0.432033
vt 0.031546 0.409041
vt 0.024620 0.398130
vt 0.018939 0.386491
vt 0.014584 0.374260
vt 0.011618 0.361591
vt 0.010085 0.348653
vt 0.010000 0.335624
vt 0.011356 0.322686
vt 0.014119 0.310035
vt 0.018212 0.297891
vt 0.023521 0.286441
vt 0.030016 0.275679
vt 0.037868 0.265422
vt 0.047208 0.255723
vt 0.057880 0.246947
vt 0.069541 0.239457
vt 0.081738 0.233504
vt 0.094135 0.229128
vt 0.106848 0.226196
vt 0.120099 0.224686
vt 0.133646 0.224703
vt 0.147088 0.226279
vt 0.160112 0.229352
vt 0.172507 0.233816
vt 0.184128 0.239538
vt 0.194885 0.246399
vt 0.204718 0.254296
vt 0.213584 0.263157
vt 0.221443 0.272923
vt 0.228242 0.283545
vt 0.233912 0.294977
vt 0.238358 0.307148
vt 0.241466 0.319957
vt 0.243128 0.333246
vt 0.243258 0.346793
vt 0.241830 0.360286
vt 0.238908 0.373323
vt 0.234624 0.385671
vt 0.228932 0.397541
vt 0.221688 0.409041
vt 0.212963 0.419844
vt 0.203052 0.429525
vt 0.192353 0.437770
vt 0.181262 0.444464
vt 0.169826 0.449750
vt 0.157848 0.453780
vt 0.145317 0.456522
vt 0.132428 0.457879
vt 0.119410 0.457795
vt 0.106463 0.456257
vt 0.093769 0.453283
vt 0.081502 0.448916
vt 0.069822 0.443227
vt 0.058868 0.436301
vt 0.048764 0.428233
vt 0.039623 0.419114
vt 0.046994 0.396975
vt 0.053642 0.405411
vt 0.030787 0.357356
vt 0.033149 0.367922
vt 0.029611 0.346571
vt 0.029645 0.335714
vt 0.030849 0.324946
vt 0.041231 0.294868
vt 0.036746 0.304356
vt 0.033258 0.314432
vt 0.199614 0.276940
vt 0.192321 0.269502
vt 0.079945 0.256068
vt 0.070182 0.262235
vt 0.061225 0.269492
vt 0.053350 0.277504
vt 0.046724 0.285977
vt 0.090150 0.251230
vt 0.100505 0.247710
vt 0.111107 0.245353
vt 0.144623 0.245727
vt 0.133447 0.244324
vt 0.122162 0.244214
vt 0.155429 0.248408
vt 0.165697 0.252240
vt 0.175322 0.257075
vt 0.184207 0.262875
vt 0.036668 0.378132
vt 0.041313 0.387848
vt 0.061185 0.413064
vt 0.088322 0.430527
vt 0.098503 0.434260
vt 0.109043 0.436839
vt 0.119807 0.438218
vt 0.130638 0.438367
vt 0.151817 0.435135
vt 0.161809 0.431853
vt 0.141377 0.437348
vt 0.206060 0.285128
vt 0.197898 0.407339
vt 0.205233 0.398393
vt 0.189596 0.415334
vt 0.180635 0.422095
vt 0.171362 0.427558
vt 0.211371 0.388878
vt 0.216204 0.379049
vt 0.219848 0.368813
vt 0.223672 0.346774
vt 0.223649 0.335487
vt 0.222398 0.357995
vt 0.222383 0.324402
vt 0.219899 0.313713
vt 0.216276 0.303560
vt 0.211650 0.294000
vt 0.069548 0.419849
vt 0.078634 0.425688
vt 0.116362 0.348710
vt 0.117246 0.349808
vt 0.114175 0.343533
vt 0.114503 0.344916
vt 0.114004 0.342120
vt 0.113990 0.340697
vt 0.114136 0.339284
vt 0.115460 0.335328
vt 0.114882 0.336578
vt 0.114437 0.337903
vt 0.136170 0.332762
vt 0.135206 0.331800
vt 0.120478 0.330187
vt 0.119203 0.331006
vt 0.118038 0.331967
vt 0.117020 0.333030
vt 0.116166 0.334153
vt 0.121809 0.329538
vt 0.123161 0.329060
vt 0.124547 0.328740
vt 0.128936 0.328749
vt 0.127470 0.328576
vt 0.125992 0.328574
vt 0.130355 0.329085
vt 0.131704 0.329572
vt 0.132967 0.330196
vt 0.134137 0.330942
vt 0.114981 0.346250
vt 0.115604 0.347520
vt 0.118246 0.350801
vt 0.121829 0.353044
vt 0.123171 0.353514
vt 0.124559 0.353832
vt 0.125973 0.353993
vt 0.127394 0.353995
vt 0.128800 0.353840
vt 0.130165 0.353535
vt 0.137026 0.333821
vt 0.139429 0.341848
vt 0.139409 0.340372
vt 0.139278 0.343318
vt 0.138964 0.344738
vt 0.139222 0.338926
vt 0.138878 0.337534
vt 0.138389 0.336212
vt 0.137768 0.334972
vt 0.119352 0.351678
vt 0.120551 0.352429
vt 0.126703 0.341291
vt 0.131467 0.353090
vt 0.136157 0.349817
vt 0.137104 0.348635
vt 0.135079 0.350876
vt 0.133916 0.351777
vt 0.132710 0.352510
vt 0.137888 0.347378
vt 0.138502 0.346083
vn 0.000000 1.000000 0.000000
vn 0.000000 1.000000 0.000000
vn 0.000000 1.000000 0.000000
vn 0.000000 1.000000 0.000000
vn 0.000000 1.000000 0.000000
vn 0.000000 1.000000 0.000000
vn 0.000000 1.000000 0.000000
vn 0.000000 1.000000 0.000000
vn 0.000000 1.000000 0.000000
vn 0.000000 1.000000 0.000000
vn 0.000000 1.000000 0.000000
vn 0.000000 1.000000 0.000000
vn 0.000000 1.000000 0.000000
vn 0.000000 1.000000 0.000000
vn 0.000000 1.000000 0.000000
vn 0.000000 1.000000 0.000000
vn 0.000000 1.000000 0.000000
vn 0.000000 1.000000 0.000000
vn 0.000000 1.000000 0.000000
vn 0.000000 1.000000 0.000000
vn 0.000000 1.000000 0.000000
vn 0.000000 1.000000 0.000000
vn 0.000000 1.000000 0.000000
vn 0.000000 1.000000 0.000000
vn 0.000000 1.000000 0.000000
vn 0.000000 1.000000 0.000000
vn 0.000000 1.000000 0.000000
vn 0.000000 1.000000 0.000000
vn 0.000000 1.000000 0.000000
vn 0.000000 1.000000 0.000000
vn 0.000000 1.000000 0.000000
vn 0.000000 1.000000 0.000000
vn 0.000000 1.000000 0.000000
vn 0.000000 1.000000 0.000000
vn 0.000000 1.000000 0.000000
vn 0.000000 1.000000 0.000000
vn 0.000000 1.000000 0.000000
vn 0.000000 1.000000 0.000000
vn 0.000000 1.000000 0.000000
vn 0.000000 1.000000 0.000000
vn 0.000000 1.000000 0.000000
vn 0.000000 1.000000 0.000000
vn 0.000000 1.000000 0.000000
vn 0.000000 1.000000 0.000000
vn 0.000000 1.000000 0.000000
vn 0.000000 1.000000 0.000000
vn 0.000000 1.000000 0.000000
vn 0.000000 1.000000 0.000000
vn 0.000000 1.000000 0.000000
vn 0.000000 1.000000 0.000000
vn 0.000000 1.000000 0.000000
vn 0.000000 1.000000 0.000000
vn 0.000000 1.000000 0.000000
vn 0.000000 1.000000 0.000000
vn 0.000000 1.000000 0.000000
vn 0.000000 1.000000 0.000000
vn 0.000000 1.000000 0.000000
vn 0.000000 1.000000 0.000000
vn 0.000000 1.000000 0.000000
vn 0.000000 1.000000 0.000000
vn 0.000000 1.000000 0.000000
vn 0.000000 1.000000 0.000000
vn 0.000000 1.000000 0.000000
vn 0.000000 1.000000 0.000000
vn 0.000000 1.000000 0.000000
vn 0.000000 1.000000 0.000000
vn 0.000000 1.000000 0.000000
vn 0.000000 1.000000 0.000000
vn 0.000000 1.000000 0.000000
vn 0.000000 1.000000 0.000000
vn 0.000000 1.000000 0.000000
vn 0.000000 1.000000 0.000000
vn 0.000000 1.000000 0.000000
vn 0.000000 1.000000 0.000000
vn 0.000000 1.000000 0.000000
vn 0.000000 1.000000 0.000000
vn 0.000000 1.000000 0.000000
vn 0.000000 1.000000 0.000000
vn 0.000000 1.000000 0.000000
vn 0.000000 1.000000 0.000000
vn 0.000000 1.000000 0.000000
vn 0.000000 1.000000 0.000000
vn 0.000000 1.000000 0.000000
vn 0.000000 1.000000 0.000000
vn 0.000000 1.000000 0.000000
vn 0.000000 1.000000 0.000000
vn 0.000000 1.000000 0.000000
vn 0.000000 1.000000 0.000000
vn 0.000000 1.000000 0.000000
vn 0.000000 1.000000 0.000000
vn 0.000000 1.000000 0.000000
vn 0.000000 1.000000 0.000000
vn 0.000000 1.000000 0.000000
vn 0.000000 1.000000 0.000000
vn 0.000000 1.000000 0.000000
vn 0.000000 1.000000 0.000000
vn 0.000000 1.000000 0.000000
vn 0.000000 1.000000 0.000000
vn 0.000000 1.000000 0.000000
vn 0.000000 1.000000 0.000000
vn 0.000000 1.000000 0.000000
vn 0.000000 1.000000 0.000000
vn 0.000000 1.000000 0.000000
vn 0.000000 1.000000 0.000000
vn 0.000000 1.000000 0.000000
vn 0.000000 1.000000 0.000000
vn 0.000000 1.000000 0.000000
vn 0.000000 1.000000 0.000000
vn 0.000000 1.000000 0.000000
vn 0.000000 1.000000 0.000000
vn 0.000000 1.000000 0.000000
vn 0.000000 1.000000 0.000000
vn 0.000000 1.000000 0.000000
vn 0.000000 1.000000 0.000000
vn 0.000000 1.000000 0.000000
vn 0.000000 1.000000 0.000000
vn 0.000000 1.000000 0.000000
vn 0.000000 1.000000 0.000000
vn 0.000000 1.000000 0.000000
vn 0.000000 1.000000 0.000000
vn 0.000000 1.000000 0.000000
vn 0.000000 1.000000 0.000000
vn 0.000000 1.000000 0.000000
vn 0.000000 1.000000 0.000000
vn 0.000000 1.000000 0.000000
vn 0.000000 1.000000 0.000000
vn 0.000000 1.000000 0.000000
vn 0.000000 1.000000 0.000000
vn 0.000000 1.000000 0.000000
vn 0.000000 1.000000 0.000000
vn 0.000000 1.000000 0.000000
vn 0.000000 1.000000 0.000000
vn 0.000000 1.000000 0.000000
vn 0.000000 1.000000 0.000000
vn 0.000000 1.000000 0.000000
vn 0.000000 1.000000 0.000000
vn 0.000000 1.000000 0.000000
vn 0.000000 1.000000 0.000000
vn 0.000000 1.000000 0.000000
vn 0.000000 1.000000 0.000000
vn 0.000000 1.000000 0.000000
vn 0.000000 1.000000 0.000000
vn 0.000000 1.000000 0.000000
vn 0.000000 1.000000 0.000000
vn 0.000000 1.000000 0.000000
vn 0.000000 1.000000 0.000000
vn 0.000000 1.000000 0.000000
vn 0.000000 1.000000 0.000000
vn 0.000000 1.000000 0.000000
vn 0.000000 1.000000 0.000000
vn 0.000000 1.000000 0.000000
vn 0.000000 1.000000 0.000000
vn 0.000000 1.000000 0.000000
vn 0.000000 1.000000 0.000000
vn 0.000000 1.000000 0.000000
vn 0.000000 1.000000 0.000000
vn 0.000000 1.000000 0.000000
vn 0.000000 1.000000 0.000000
vn 0.000000 1.000000 0.000000
vn 0.000000 1.000000 0.000000
vn 0.000000 1.000000 0.000000
vn 0.000000 1.000000 0.000000
vn 0.000000 1.000000 0.000000
vn 0.000000 1.000000 0.000000
vn 0.000000 1.000000 0.000000
vn 0.000000 1.000000 0.000000
vn 0.000000 1.000000 0.000000
vn 0.000000 1.000000 0.000000
vn -0.764574 0.531894 -0.364027
vn -0.800315 0.531896 -0.276734
vn -0.800322 0.531884 -0.276739
vn -0.764581 0.531883 -0.364028
vn -0.800315 0.531896 -0.276734
vn -0.826079 0.531895 -0.186229
vn -0.826087 0.531881 -0.186235
vn -0.800322 0.531884 -0.276739
vn -0.826079 0.531895 -0.186229
vn -0.841618 0.531895 -0.093634
vn -0.841625 0.531884 -0.093634
vn -0.826087 0.531881 -0.186235
vn -0.841618 0.531895 -0.093634
vn -0.846810 0.531895 0.000000
vn -0.846816 0.531887 0.000000
vn -0.841625 0.531884 -0.093634
vn -0.846810 0.531895 0.000000
vn -0.841617 0.531896 0.093634
vn -0.841623 0.531887 0.093629
vn -0.846816 0.531887 0.000000
vn -0.841617 0.531896 0.093634
vn -0.826079 0.531896 0.186229
vn -0.826083 0.531887 0.186235
vn -0.841623 0.531887 0.093629
vn -0.826079 0.531896 0.186229
vn -0.800316 0.531895 0.276736
vn -0.800320 0.531885 0.276742
vn -0.826083 0.531887 0.186235
vn -0.800316 0.531895 0.276736
vn -0.764575 0.531893 0.364025
vn -0.764580 0.531884 0.364028
vn -0.800320 0.531885 0.276742
vn -0.764575 0.531893 0.364025
vn -0.719243 0.531894 0.446965
vn -0.719247 0.531883 0.446973
vn -0.764580 0.531884 0.364028
vn -0.719243 0.531894 0.446965
vn -0.664878 0.531898 0.524425
vn -0.664887 0.531881 0.524431
vn -0.719247 0.531883 0.446973
vn -0.664878 0.531898 0.524425
vn -0.602231 0.531895 0.595319
vn -0.602242 0.531881 0.595322
vn -0.664887 0.531881 0.524431
vn -0.602231 0.531895 0.595319
vn -0.532221 0.531891 0.658660
vn -0.532228 0.531881 0.658662
vn -0.602242 0.531881 0.595322
vn -0.532221 0.531891 0.658660
vn -0.456042 0.531894 0.713523
vn -0.456046 0.531883 0.713528
vn -0.532228 0.531881 0.658662
vn -0.456042 0.531894 0.713523
vn -0.375146 0.531895 0.759179
vn -0.375147 0.531888 0.759184
vn -0.456046 0.531883 0.713528
vn -0.375146 0.531895 0.759179
vn -0.290735 0.531891 0.795340
vn -0.290737 0.531889 0.795340
vn -0.375147 0.531888 0.759184
vn -0.290735 0.531891 0.795340
vn -0.202795 0.531889 0.822173
vn -0.202797 0.531883 0.822176
vn -0.290737 0.531889 0.795340
vn -0.202795 0.531889 0.822173
vn -0.110257 0.531892 0.839604
vn -0.110253 0.531878 0.839613
vn -0.202797 0.531883 0.822176
vn -0.110257 0.531892 0.839604
vn -0.013014 0.531897 0.846709
vn -0.013016 0.531876 0.846722
vn -0.110253 0.531878 0.839613
vn -0.013014 0.531897 0.846709
vn 0.086763 0.531896 0.842353
vn 0.086765 0.531876 0.842365
vn -0.013016 0.531876 0.846722
vn 0.086763 0.531896 0.842353
vn 0.185557 0.531894 0.826231
vn 0.185560 0.531881 0.826239
vn 0.086765 0.531876 0.842365
vn 0.185557 0.531894 0.826231
vn 0.280033 0.531898 0.799166
vn 0.280036 0.531889 0.799171
vn 0.185560 0.531881 0.826239
vn 0.280033 0.531898 0.799166
vn 0.368638 0.531897 0.762359
vn 0.368645 0.531892 0.762360
vn 0.280036 0.531889 0.799171
vn 0.368638 0.531897 0.762359
vn 0.451986 0.531889 0.716102
vn 0.451988 0.531887 0.716103
vn 0.368645 0.531892 0.762360
vn 0.451986 0.531889 0.716102
vn 0.530601 0.531888 0.659968
vn 0.530600 0.531882 0.659974
vn 0.451988 0.531887 0.716103
vn 0.530601 0.531888 0.659968
vn 0.603201 0.531893 0.594338
vn 0.603203 0.531882 0.594347
vn 0.530600 0.531882 0.659974
vn 0.603201 0.531893 0.594338
vn 0.667764 0.531899 0.520744
vn 0.667770 0.531884 0.520752
vn 0.603203 0.531882 0.594347
vn 0.667764 0.531899 0.520744
vn 0.722881 0.531899 0.441052
vn 0.722890 0.531885 0.441053
vn 0.667770 0.531884 0.520752
vn 0.722881 0.531899 0.441052
vn 0.767907 0.531894 0.356943
vn 0.767913 0.531885 0.356943
vn 0.722890 0.531885 0.441053
vn 0.767907 0.531894 0.356943
vn 0.802685 0.531886 0.269805
vn 0.802686 0.531883 0.269807
vn 0.767913 0.531885 0.356943
vn 0.802685 0.531886 0.269805
vn 0.827300 0.531884 0.180760
vn 0.827303 0.531879 0.180760
vn 0.802686 0.531883 0.269807
vn 0.827300 0.531884 0.180760
vn 0.841950 0.531891 0.090622
vn 0.841955 0.531882 0.090628
vn 0.827303 0.531879 0.180760
vn 0.841950 0.531891 0.090622
vn 0.846811 0.531895 0.000000
vn 0.846816 0.531886 0.000000
vn 0.841955 0.531882 0.090628
vn 0.846811 0.531895 0.000000
vn 0.841948 0.531894 -0.090618
vn 0.841953 0.531886 -0.090624
vn 0.846816 0.531886 0.000000
vn 0.841948 0.531894 -0.090618
vn 0.827296 0.531890 -0.180758
vn 0.827299 0.531886 -0.180759
vn 0.841953 0.531886 -0.090624
vn 0.827296 0.531890 -0.180758
vn 0.802683 0.531887 -0.269809
vn 0.802682 0.531887 -0.269810
vn 0.827299 0.531886 -0.180759
vn 0.802683 0.531887 -0.269809
vn 0.767912 0.531887 -0.356942
vn 0.767913 0.531883 -0.356945
vn 0.802682 0.531887 -0.269810
vn 0.767912 0.531887 -0.356942
vn 0.722890 0.531888 -0.441051
vn 0.722893 0.531879 -0.441057
vn 0.767913 0.531883 -0.356945
vn 0.722890 0.531888 -0.441051
vn 0.667768 0.531893 -0.520746
vn 0.667775 0.531877 -0.520753
vn 0.722893 0.531879 -0.441057
vn 0.667768 0.531893 -0.520746
vn 0.603198 0.531896 -0.594339
vn 0.603206 0.531879 -0.594346
vn 0.667775 0.531877 -0.520753
vn 0.603198 0.531896 -0.594339
vn 0.530594 0.531894 -0.659969
vn 0.530600 0.531882 -0.659974
vn 0.603206 0.531879 -0.594346
vn 0.530594 0.531894 -0.659969
vn 0.451985 0.531896 -0.716098
vn 0.451990 0.531885 -0.716103
vn 0.530600 0.531882 -0.659974
vn 0.451985 0.531896 -0.716098
vn 0.368642 0.531899 -0.762356
vn 0.368646 0.531888 -0.762361
vn 0.451990 0.531885 -0.716103
vn 0.368642 0.531899 -0.762356
vn 0.280034 0.531895 -0.799167
vn 0.280034 0.531887 -0.799173
vn 0.368646 0.531888 -0.762361
vn 0.280034 0.531895 -0.799167
vn 0.185560 0.531889 -0.826234
vn 0.185560 0.531881 -0.826239
vn 0.280034 0.531887 -0.799173
vn 0.185560 0.531889 -0.826234
vn 0.086764 0.531888 -0.842358
vn 0.086769 0.531880 -0.842363
vn 0.185560 0.531881 -0.826239
vn 0.086764 0.531888 -0.842358
vn -0.013013 0.531896 -0.846710
vn -0.013017 0.531884 -0.846717
vn 0.086769 0.531880 -0.842363
vn -0.013013 0.531896 -0.846710
vn -0.110256 0.531899 -0.839599
vn -0.110260 0.531886 -0.839607
vn -0.013017 0.531884 -0.846717
vn -0.110256 0.531899 -0.839599
vn -0.202798 0.531892 -0.822170
vn -0.202792 0.531887 -0.822175
vn -0.110260 0.531886 -0.839607
vn -0.202798 0.531892 -0.822170
vn -0.290732 0.531888 -0.795343
vn -0.290734 0.531886 -0.795344
vn -0.202792 0.531887 -0.822175
vn -0.290732 0.531888 -0.795343
vn -0.375148 0.531889 -0.759183
vn -0.375152 0.531886 -0.759182
vn -0.290734 0.531886 -0.795344
vn -0.375148 0.531889 -0.759183
vn -0.456042 0.531894 -0.713523
vn -0.456044 0.531887 -0.713526
vn -0.375152 0.531886 -0.759182
vn -0.456042 0.531894 -0.713523
vn -0.532219 0.531897 -0.658657
vn -0.532225 0.531884 -0.658663
vn -0.456044 0.531887 -0.713526
vn -0.532219 0.531897 -0.658657
vn -0.602232 0.531898 -0.595316
vn -0.602242 0.531881 -0.595322
vn -0.532225 0.531884 -0.658663
vn -0.602232 0.531898 -0.595316
vn -0.664878 0.531898 -0.524425
vn -0.664886 0.531879 -0.524434
vn -0.602242 0.531881 -0.595322
vn -0.664878 0.531898 -0.524425
vn -0.719241 0.531894 -0.446968
vn -0.719249 0.531879 -0.446975
vn -0.664886 0.531879 -0.524434
vn -0.719241 0.531894 -0.446968
vn -0.764574 0.531894 -0.364027
vn -0.764581 0.531883 -0.364028
vn -0.719249 0.531879 -0.446975
vn -0.993868 0.000000 -0.110572
vn -1.000000 0.000000 0.000000
vn -1.000000 0.000000 0.000000
vn -0.993868 0.000000 -0.110572
vn -0.849354 0.000000 -0.527824
vn -0.902885 0.000000 -0.429882
vn -0.902885 0.000000 -0.429882
vn -0.849354 0.000000 -0.527824
vn -0.785159 0.000000 -0.619294
vn -0.849354 0.000000 -0.527824
vn -0.849354 0.000000 -0.527824
vn -0.785159 0.000000 -0.619294
vn -0.711176 0.000000 -0.703014
vn -0.785159 0.000000 -0.619294
vn -0.785159 0.000000 -0.619294
vn -0.711176 0.000000 -0.703014
vn -0.628498 0.000000 -0.777811
vn -0.711176 0.000000 -0.703014
vn -0.711176 0.000000 -0.703014
vn -0.628498 0.000000 -0.777811
vn -0.343325 0.000000 -0.939217
vn -0.443009 0.000000 -0.896517
vn -0.443009 0.000000 -0.896517
vn -0.343325 0.000000 -0.939217
vn -0.443009 0.000000 -0.896517
vn -0.538537 0.000000 -0.842602
vn -0.538537 0.000000 -0.842602
vn -0.443009 0.000000 -0.896517
vn -0.538537 0.000000 -0.842602
vn -0.628498 0.000000 -0.777811
vn -0.628498 0.000000 -0.777811
vn -0.538537 0.000000 -0.842602
vn 1.000000 0.000000 0.000000
vn 0.994258 0.000000 -0.107012
vn 0.994258 0.000000 -0.107012
vn 1.000000 0.000000 0.000000
vn 0.219125 0.000000 -0.975697
vn 0.102461 0.000000 -0.994737
vn 0.102461 0.000000 -0.994737
vn 0.219125 0.000000 -0.975697
vn 0.102461 0.000000 -0.994737
vn -0.015362 0.000000 -0.999882
vn -0.015362 0.000000 -0.999882
vn 0.102461 0.000000 -0.994737
vn -0.015362 0.000000 -0.999882
vn -0.130206 0.000000 -0.991487
vn -0.130206 0.000000 -0.991487
vn -0.015362 0.000000 -0.999882
vn -0.130206 0.000000 -0.991487
vn -0.239489 0.000000 -0.970899
vn -0.239489 0.000000 -0.970899
vn -0.130206 0.000000 -0.991487
vn -0.239489 0.000000 -0.970899
vn -0.343325 0.000000 -0.939217
vn -0.343325 0.000000 -0.939217
vn -0.239489 0.000000 -0.970899
vn 0.330689 0.000000 -0.943740
vn 0.219125 0.000000 -0.975697
vn 0.219125 0.000000 -0.975697
vn 0.330689 0.000000 -0.943740
vn 0.435331 0.000000 -0.900270
vn 0.330689 0.000000 -0.943740
vn 0.330689 0.000000 -0.943740
vn 0.435331 0.000000 -0.900270
vn 0.533752 0.000000 -0.845641
vn 0.435331 0.000000 -0.900270
vn 0.435331 0.000000 -0.900270
vn 0.533752 0.000000 -0.845641
vn 0.788570 0.000000 -0.614946
vn 0.712318 0.000000 -0.701857
vn 0.712318 0.000000 -0.701857
vn 0.788570 0.000000 -0.614946
vn 0.712318 0.000000 -0.701857
vn 0.626577 0.000000 -0.779359
vn 0.626577 0.000000 -0.779359
vn 0.712318 0.000000 -0.701857
vn 0.626577 0.000000 -0.779359
vn 0.533752 0.000000 -0.845641
vn 0.533752 0.000000 -0.845641
vn 0.626577 0.000000 -0.779359
vn 0.853657 0.000000 -0.520835
vn 0.788570 0.000000 -0.614946
vn 0.788570 0.000000 -0.614946
vn 0.853657 0.000000 -0.520835
vn 0.906824 0.000000 -0.421510
vn 0.853657 0.000000 -0.520835
vn 0.853657 0.000000 -0.520835
vn 0.906824 0.000000 -0.421510
vn 0.947884 0.000000 -0.318616
vn 0.906824 0.000000 -0.421510
vn 0.906824 0.000000 -0.421510
vn 0.947884 0.000000 -0.318616
vn 0.976952 0.000000 -0.213460
vn 0.947884 0.000000 -0.318616
vn 0.947884 0.000000 -0.318616
vn 0.976952 0.000000 -0.213460
vn 0.994258 0.000000 -0.107012
vn 0.976952 0.000000 -0.213460
vn 0.976952 0.000000 -0.213460
vn 0.994258 0.000000 -0.107012
vn -0.945095 0.000000 -0.326796
vn -0.975519 0.000000 -0.219917
vn -0.975519 0.000000 -0.219917
vn -0.945095 0.000000 -0.326796
vn -0.975519 0.000000 -0.219917
vn -0.993868 0.000000 -0.110572
vn -0.993868 0.000000 -0.110572
vn -0.975519 0.000000 -0.219917
vn -0.902885 0.000000 -0.429882
vn -0.945095 0.000000 -0.326796
vn -0.945095 0.000000 -0.326796
vn -0.902885 0.000000 -0.429882
vn -1.000000 0.000000 0.000000
vn -0.993868 0.000000 0.110572
vn -0.993868 0.000000 0.110572
vn -1.000000 0.000000 0.000000
vn -0.902887 0.000000 0.429879
vn -0.849356 0.000000 0.527821
vn -0.849356 0.000000 0.527821
vn -0.902887 0.000000 0.429879
vn -0.849356 0.000000 0.527821
vn -0.785159 0.000000 0.619294
vn -0.785159 0.000000 0.619294
vn -0.849356 0.000000 0.527821
vn -0.785159 0.000000 0.619294
vn -0.711172 0.000000 0.703018
vn -0.711172 0.000000 0.703018
vn -0.785159 0.000000 0.619294
vn -0.711172 0.000000 0.703018
vn -0.628499 0.000000 0.777811
vn -0.628499 0.000000 0.777811
vn -0.711172 0.000000 0.703018
vn -0.443009 0.000000 0.896517
vn -0.343325 0.000000 0.939217
vn -0.343325 0.000000 0.939217
vn -0.443009 0.000000 0.896517
vn -0.538543 0.000000 0.842598
vn -0.443009 0.000000 0.896517
vn -0.443009 0.000000 0.896517
vn -0.538543 0.000000 0.842598
vn -0.628499 0.000000 0.777811
vn -0.538543 0.000000 0.842598
vn -0.538543 0.000000 0.842598
vn -0.628499 0.000000 0.777811
vn 0.994257 0.000000 0.107019
vn 1.000000 0.000000 0.000000
vn 1.000000 0.000000 0.000000
vn 0.994257 0.000000 0.107019
vn 0.102461 0.000000 0.994737
vn 0.219125 0.000000 0.975697
vn 0.219125 0.000000 0.975697
vn 0.102461 0.000000 0.994737
vn -0.015371 0.000000 0.999882
vn 0.102461 0.000000 0.994737
vn 0.102461 0.000000 0.994737
vn -0.015371 0.000000 0.999882
vn -0.130206 0.000000 0.991487
vn -0.015371 0.000000 0.999882
vn -0.015371 0.000000 0.999882
vn -0.130206 0.000000 0.991487
vn -0.239481 0.000000 0.970901
vn -0.130206 0.000000 0.991487
vn -0.130206 0.000000 0.991487
vn -0.239481 0.000000 0.970901
vn -0.343325 0.000000 0.939217
vn -0.239481 0.000000 0.970901
vn -0.239481 0.000000 0.970901
vn -0.343325 0.000000 0.939217
vn 0.219125 0.000000 0.975697
vn 0.330689 0.000000 0.943740
vn 0.330689 0.000000 0.943740
vn 0.219125 0.000000 0.975697
vn 0.330689 0.000000 0.943740
vn 0.435331 0.000000 0.900270
vn 0.435331 0.000000 0.900270
vn 0.330689 0.000000 0.943740
vn 0.435331 0.000000 0.900270
vn 0.533752 0.000000 0.845641
vn 0.533752 0.000000 0.845641
vn 0.435331 0.000000 0.900270
vn 0.712318 0.000000 0.701857
vn 0.788566 0.000000 0.614951
vn 0.788566 0.000000 0.614951
vn 0.712318 0.000000 0.701857
vn 0.626582 0.000000 0.779356
vn 0.712318 0.000000 0.701857
vn 0.712318 0.000000 0.701857
vn 0.626582 0.000000 0.779356
vn 0.533752 0.000000 0.845641
vn 0.626582 0.000000 0.779356
vn 0.626582 0.000000 0.779356
vn 0.533752 0.000000 0.845641
vn 0.788566 0.000000 0.614951
vn 0.853655 0.000000 0.520838
vn 0.853655 0.000000 0.520838
vn 0.788566 0.000000 0.614951
vn 0.853655 0.000000 0.520838
vn 0.906824 0.000000 0.421510
vn 0.906824 0.000000 0.421510
vn 0.853655 0.000000 0.520838
vn 0.906824 0.000000 0.421510
vn 0.947887 0.000000 0.318607
vn 0.947887 0.000000 0.318607
vn 0.906824 0.000000 0.421510
vn 0.947887 0.000000 0.318607
vn 0.976952 0.000000 0.213461
vn 0.976952 0.000000 0.213461
vn 0.947887 0.000000 0.318607
vn 0.976952 0.000000 0.213461
vn 0.994257 0.000000 0.107019
vn 0.994257 0.000000 0.107019
vn 0.976952 0.000000 0.213461
vn -0.975518 0.000000 0.219920
vn -0.945094 0.000000 0.326798
vn -0.945094 0.000000 0.326798
vn -0.975518 0.000000 0.219920
vn -0.993868 0.000000 0.110572
vn -0.975518 0.000000 0.219920
vn -0.975518 0.000000 0.219920
vn -0.993868 0.000000 0.110572
vn -0.945094 0.000000 0.326798
vn -0.902887 0.000000 0.429879
vn -0.902887 0.000000 0.429879
vn -0.945094 0.000000 0.326798
vn 0.000000 -1.000000 0.000000
vn 0.000000 -1.000000 0.000000
vn 0.000000 -1.000000 0.000000
vn 0.000000 -1.000000 0.000000
vn 0.000000 -1.000000 0.000000
vn 0.000000 -1.000000 0.000000
vn 0.000000 -1.000000 0.000000
vn 0.000000 -1.000000 0.000000
vn 0.000000 -1.000000 0.000000
vn 0.000000 -1.000000 0.000000
vn 0.000000 -1.000000 0.000000
vn 0.000000 -1.000000 0.000000
vn 0.000000 -1.000000 0.000000
vn 0.000000 -1.000000 0.000000
vn 0.000000 -1.000000 0.000000
vn 0.000000 -1.000000 0.000000
vn 0.000000 -1.000000 0.000000
vn 0.000000 -1.000000 0.000000
vn 0.000000 -1.000000 0.000000
vn 0.000000 -1.000000 0.000000
vn 0.000000 -1.000000 0.000000
vn 0.000000 -1.000000 0.000000
vn 0.000000 -1.000000 0.000000
vn 0.000000 -1.000000 0.000000
vn 0.000000 -1.000000 0.000000
vn 0.000000 -1.000000 0.000000
vn 0.000000 -1.000000 0.000000
vn 0.000000 -1.000000 0.000000
vn 0.000000 -1.000000 0.000000
vn 0.000000 -1.000000 0.000000
vn 0.000000 -1.000000 0.000000
vn 0.000000 -1.000000 0.000000
vn 0.000000 -1.000000 0.000000
vn 0.000000 -1.000000 0.000000
vn 0.000000 -1.000000 0.000000
vn 0.000000 -1.000000 0.000000
vn 0.000000 -1.000000 0.000000
vn 0.000000 -1.000000 0.000000
vn 0.000000 -1.000000 0.000000
vn 0.000000 -1.000000 0.000000
vn 0.000000 -1.000000 0.000000
vn 0.000000 -1.000000 0.000000
vn 0.000000 -1.000000 0.000000
vn 0.000000 -1.000000 0.000000
vn 0.000000 -1.000000 0.000000
vn 0.000000 -1.000000 0.000000
vn 0.000000 -1.000000 0.000000
vn 0.000000 -1.000000 0.000000
vn 0.000000 -1.000000 0.000000
vn 0.000000 -1.000000 0.000000
vn 0.000000 -1.000000 0.000000
vn 0.000000 -1.000000 0.000000
vn 0.000000 -1.000000 0.000000
vn 0.000000 -1.000000 0.000000
vn 0.000000 -1.000000 0.000000
vn 0.000000 -1.000000 0.000000
vn 0.000000 -1.000000 0.000000
vn 0.000000 -1.000000 0.000000
vn 0.000000 -1.000000 0.000000
vn 0.000000 -1.000000 0.000000
vn 0.000000 -1.000000 0.000000
vn 0.000000 -1.000000 0.000000
vn 0.000000 -1.000000 0.000000
vn 0.000000 -1.000000 0.000000
vn 0.000000 -1.000000 0.000000
vn 0.000000 -1.000000 0.000000
vn 0.000000 -1.000000 0.000000
vn 0.000000 -1.000000 0.000000
vn 0.000000 -1.000000 0.000000
vn 0.000000 -1.000000 0.000000
vn 0.000000 -1.000000 0.000000
vn 0.000000 -1.000000 0.000000
vn 0.000000 -1.000000 0.000000
vn 0.000000 -1.000000 0.000000
vn 0.000000 -1.000000 0.000000
vn 0.000000 -1.000000 0.000000
vn 0.000000 -1.000000 0.000000
vn 0.000000 -1.000000 0.000000
vn 0.000000 -1.000000 0.000000
vn 0.000000 -1.000000 0.000000
vn 0.000000 -1.000000 0.000000
vn 0.000000 -1.000000 0.000000
vn 0.000000 -1.000000 0.000000
vn 0.000000 -1.000000 0.000000
vn 0.000000 -1.000000 0.000000
vn 0.000000 -1.000000 0.000000
vn 0.000000 -1.000000 0.000000
vn 0.000000 -1.000000 0.000000
vn 0.000000 -1.000000 0.000000
vn 0.000000 -1.000000 0.000000
vn 0.000000 -1.000000 0.000000
vn 0.000000 -1.000000 0.000000
vn 0.000000 -1.000000 0.000000
vn 0.000000 -1.000000 0.000000
vn 0.000000 -1.000000 0.000000
vn 0.000000 -1.000000 0.000000
vn 0.000000 -1.000000 0.000000
vn 0.000000 -1.000000 0.000000
vn 0.000000 -1.000000 0.000000
vn 0.000000 -1.000000 0.000000
vn 0.000000 -1.000000 0.000000
vn 0.000000 -1.000000 0.000000
vn 0.000000 -1.000000 0.000000
vn 0.000000 -1.000000 0.000000
vn 0.000000 -1.000000 0.000000
vn 0.000000 -1.000000 0.000000
vn 0.000000 -1.000000 0.000000
vn 0.000000 -1.000000 0.000000
vn 0.000000 -1.000000 0.000000
vn 0.000000 -1.000000 0.000000
vn 0.000000 -1.000000 0.000000
vn 0.000000 -1.000000 0.000000
vn 0.000000 -1.000000 0.000000
vn 0.000000 -1.000000 0.000000
vn 0.000000 -1.000000 0.000000
vn 0.000000 -1.000000 0.000000
vn 0.000000 -1.000000 0.000000
vn 0.000000 -1.000000 0.000000
vn 0.000000 -1.000000 0.000000
vn 0.000000 -1.000000 0.000000
vn 0.000000 -1.000000 0.000000
vn 0.000000 -1.000000 0.000000
vn 0.000000 -1.000000 0.000000
vn 0.000000 -1.000000 0.000000
vn 0.000000 -1.000000 0.000000
vn 0.000000 -1.000000 0.000000
vn 0.000000 -1.000000 0.000000
vn 0.000000 -1.000000 0.000000
vn 0.000000 -1.000000 0.000000
vn 0.000000 -1.000000 0.000000
vn 0.000000 -1.000000 0.000000
vn 0.000000 -1.000000 0.000000
vn 0.000000 -1.000000 0.000000
vn 0.000000 -1.000000 0.000000
vn 0.000000 -1.000000 0.000000
vn 0.000000 -1.000000 0.000000
vn 0.000000 -1.000000 0.000000
vn 0.000000 -1.000000 0.000000
vn 0.000000 -1.000000 0.000000
vn 0.000000 -1.000000 0.000000
vn 0.000000 -1.000000 0.000000
vn 0.000000 -1.000000 0.000000
vn 0.000000 -1.000000 0.000000
vn 0.000000 -1.000000 0.000000
vn 0.000000 -1.000000 0.000000
vn 0.000000 -1.000000 0.000000
vn 0.000000 -1.000000 0.000000
vn 0.000000 -1.000000 0.000000
vn 0.000000 -1.000000 0.000000
vn 0.000000 -1.000000 0.000000
vn 0.000000 -1.000000 0.000000
vn 0.000000 -1.000000 0.000000
vn 0.000000 -1.000000 0.000000
vn 0.000000 -1.000000 0.000000
vn 0.000000 -1.000000 0.000000
vn 0.000000 -1.000000 0.000000
vn 0.000000 -1.000000 0.000000
vn 0.000000 -1.000000 0.000000
vn 0.000000 -1.000000 0.000000
vn 0.000000 -1.000000 0.000000
vn 0.000000 -1.000000 0.000000
vn 0.000000 -1.000000 0.000000
vn 0.000000 -1.000000 0.000000
vn 0.000000 -1.000000 0.000000
vn 0.000000 -1.000000 0.000000
vn 0.000000 -1.000000 0.000000
vn 0.000000 -1.000000 0.000000
vn 0.000000 -1.000000 0.000000
vn 0.000000 -1.000000 0.000000
vn 0.000000 -1.000000 0.000000
vn 0.000000 -1.000000 0.000000
vn 0.000000 -1.000000 0.000000
vn 0.000000 -1.000000 0.000000
vn 0.000000 -1.000000 0.000000
vn 0.000000 -1.000000 0.000000
vn 0.000000 -1.000000 0.000000
vn 0.000000 -1.000000 0.000000
vn 0.000000 -1.000000 0.000000
vn 0.000000 -1.000000 0.000000
vn 0.000000 -1.000000 0.000000
vn 0.000000 -1.000000 0.000000
vn 0.000000 -1.000000 0.000000
vn 0.000000 -1.000000 0.000000
vn 0.000000 -1.000000 0.000000
vn 0.000000 -1.000000 0.000000
vn 0.000000 -1.000000 0.000000
vn 0.000000 -1.000000 0.000000
vn 0.000000 -1.000000 0.000000
vn 0.000000 -1.000000 0.000000
vn 0.000000 -1.000000 0.000000
vn 0.000000 -1.000000 0.000000
vn 0.000000 -1.000000 0.000000
vn 0.000000 -1.000000 0.000000
vn 0.000000 -1.000000 0.000000
vn 0.000000 -1.000000 0.000000
vn 0.000000 -1.000000 0.000000
vn 0.000000 -1.000000 0.000000
vn 0.000000 -1.000000 0.000000
vn 0.000000 -1.000000 0.000000
vn 0.000000 -1.000000 0.000000
vn 0.000000 -1.000000 0.000000
vn 0.000000 -1.000000 0.000000
vn 0.000000 -1.000000 0.000000
vn 0.000000 -1.000000 0.000000
vn 0.000000 -1.000000 0.000000
vn 0.000000 -1.000000 0.000000
vn 0.000000 -1.000000 0.000000
vn 0.000000 -1.000000 0.000000
vn 0.000000 -1.000000 0.000000
vn 0.000000 -1.000000 0.000000
vn 0.000000 -1.000000 0.000000
vn 0.000000 -1.000000 0.000000
vn 0.000000 -1.000000 0.000000
vn 0.000000 -1.000000 0.000000
vn 0.000000 -1.000000 0.000000
vn 0.000000 -1.000000 0.000000
vn 0.000000 -1.000000 0.000000
vn 0.000000 -1.000000 0.000000
vn 0.000000 -1.000000 0.000000
vn 0.000000 -1.000000 0.000000
vn 0.000000 -1.000000 0.000000
vn 0.000000 -1.000000 0.000000
vn 0.000000 -1.000000 0.000000
vn 0.000000 -1.000000 0.000000
vn 1.000000 0.000000 0.000000
vn 0.993869 0.000000 0.110566
vn 0.993869 0.000000 0.110566
vn 1.000000 0.000000 0.000000
vn 0.902885 0.000000 0.429882
vn 0.849350 0.000000 0.527830
vn 0.849350 0.000000 0.527830
vn 0.902885 0.000000 0.429882
vn 0.849350 0.000000 0.527830
vn 0.785160 0.000000 0.619293
vn 0.785160 0.000000 0.619293
vn 0.849350 0.000000 0.527830
vn 0.785160 0.000000 0.619293
vn 0.711177 0.000000 0.703013
vn 0.711177 0.000000 0.703013
vn 0.785160 0.000000 0.619293
vn 0.711177 0.000000 0.703013
vn 0.628498 0.000000 0.777811
vn 0.628498 0.000000 0.777811
vn 0.711177 0.000000 0.703013
vn 0.443010 0.000000 0.896517
vn 0.343325 0.000000 0.939217
vn 0.343325 0.000000 0.939217
vn 0.443010 0.000000 0.896517
vn 0.538542 0.000000 0.842599
vn 0.443010 0.000000 0.896517
vn 0.443010 0.000000 0.896517
vn 0.538542 0.000000 0.842599
vn 0.628498 0.000000 0.777811
vn 0.538542 0.000000 0.842599
vn 0.538542 0.000000 0.842599
vn 0.628498 0.000000 0.777811
vn -0.994257 0.000000 0.107023
vn -1.000000 0.000000 0.000000
vn -1.000000 0.000000 0.000000
vn -0.994257 0.000000 0.107023
vn -0.102463 0.000000 0.994737
vn -0.219124 0.000000 0.975697
vn -0.219124 0.000000 0.975697
vn -0.102463 0.000000 0.994737
vn 0.015367 0.000000 0.999882
vn -0.102463 0.000000 0.994737
vn -0.102463 0.000000 0.994737
vn 0.015367 0.000000 0.999882
vn 0.130205 0.000000 0.991487
vn 0.015367 0.000000 0.999882
vn 0.015367 0.000000 0.999882
vn 0.130205 0.000000 0.991487
vn 0.239480 0.000000 0.970901
vn 0.130205 0.000000 0.991487
vn 0.130205 0.000000 0.991487
vn 0.239480 0.000000 0.970901
vn 0.343325 0.000000 0.939217
vn 0.239480 0.000000 0.970901
vn 0.239480 0.000000 0.970901
vn 0.343325 0.000000 0.939217
vn -0.219124 0.000000 0.975697
vn -0.330690 0.000000 0.943740
vn -0.330690 0.000000 0.943740
vn -0.219124 0.000000 0.975697
vn -0.330690 0.000000 0.943740
vn -0.435332 0.000000 0.900270
vn -0.435332 0.000000 0.900270
vn -0.330690 0.000000 0.943740
vn -0.435332 0.000000 0.900270
vn -0.533746 0.000000 0.845645
vn -0.533746 0.000000 0.845645
vn -0.435332 0.000000 0.900270
vn -0.712322 0.000000 0.701853
vn -0.788567 0.000000 0.614949
vn -0.788567 0.000000 0.614949
vn -0.712322 0.000000 0.701853
vn -0.626580 0.000000 0.779357
vn -0.712322 0.000000 0.701853
vn -0.712322 0.000000 0.701853
vn -0.626580 0.000000 0.779357
vn -0.533746 0.000000 0.845645
vn -0.626580 0.000000 0.779357
vn -0.626580 0.000000 0.779357
vn -0.533746 0.000000 0.845645
vn -0.788567 0.000000 0.614949
vn -0.853657 0.000000 0.520835
vn -0.853657 0.000000 0.520835
vn -0.788567 0.000000 0.614949
vn -0.853657 0.000000 0.520835
vn -0.906824 0.000000 0.421509
vn -0.906824 0.000000 0.421509
vn -0.853657 0.000000 0.520835
vn -0.906824 0.000000 0.421509
vn -0.947884 0.000000 0.318615
vn -0.947884 0.000000 0.318615
vn -0.906824 0.000000 0.421509
vn -0.947884 0.000000 0.318615
vn -0.976950 0.000000 0.213466
vn -0.976950 0.000000 0.213466
vn -0.947884 0.000000 0.318615
vn -0.976950 0.000000 0.213466
vn -0.994257 0.000000 0.107023
vn -0.994257 0.000000 0.107023
vn -0.976950 0.000000 0.213466
vn 0.975519 0.000000 0.219916
vn 0.945095 0.000000 0.326797
vn 0.945095 0.000000 0.326797
vn 0.975519 0.000000 0.219916
vn 0.993869 0.000000 0.110566
vn 0.975519 0.000000 0.219916
vn 0.975519 0.000000 0.219916
vn 0.993869 0.000000 0.110566
vn 0.945095 0.000000 0.326797
vn 0.902885 0.000000 0.429882
vn 0.902885 0.000000 0.429882
vn 0.945095 0.000000 0.326797
vn 0.993869 0.000000 -0.110567
vn 1.000000 0.000000 0.000000
vn 1.000000 0.000000 0.000000
vn 0.993869 0.000000 -0.110567
vn 0.849350 0.000000 -0.527830
vn 0.902885 0.000000 -0.429882
vn 0.902885 0.000000 -0.429882
vn 0.849350 0.000000 -0.527830
vn 0.785160 0.000000 -0.619293
vn 0.849350 0.000000 -0.527830
vn 0.849350 0.000000 -0.527830
vn 0.785160 0.000000 -0.619293
vn 0.711177 0.000000 -0.703013
vn 0.785160 0.000000 -0.619293
vn 0.785160 0.000000 -0.619293
vn 0.711177 0.000000 -0.703013
vn 0.628498 0.000000 -0.777811
vn 0.711177 0.000000 -0.703013
vn 0.711177 0.000000 -0.703013
vn 0.628498 0.000000 -0.777811
vn 0.343325 0.000000 -0.939217
vn 0.443010 0.000000 -0.896517
vn 0.443010 0.000000 -0.896517
vn 0.343325 0.000000 -0.939217
vn 0.443010 0.000000 -0.896517
vn 0.538542 0.000000 -0.842599
vn 0.538542 0.000000 -0.842599
vn 0.443010 0.000000 -0.896517
vn 0.538542 0.000000 -0.842599
vn 0.628498 0.000000 -0.777811
vn 0.628498 0.000000 -0.777811
vn 0.538542 0.000000 -0.842599
vn -1.000000 0.000000 0.000000
vn -0.994257 0.000000 -0.107023
vn -0.994257 0.000000 -0.107023
vn -1.000000 0.000000 0.000000
vn -0.219124 0.000000 -0.975697
vn -0.102463 0.000000 -0.994737
vn -0.102463 0.000000 -0.994737
vn -0.219124 0.000000 -0.975697
vn -0.102463 0.000000 -0.994737
vn 0.015368 0.000000 -0.999882
vn 0.015368 0.000000 -0.999882
vn -0.102463 0.000000 -0.994737
vn 0.015368 0.000000 -0.999882
vn 0.130206 0.000000 -0.991487
vn 0.130206 0.000000 -0.991487
vn 0.015368 0.000000 -0.999882
vn 0.130206 0.000000 -0.991487
vn 0.239480 0.000000 -0.970901
vn 0.239480 0.000000 -0.970901
vn 0.130206 0.000000 -0.991487
vn 0.239480 0.000000 -0.970901
vn 0.343325 0.000000 -0.939217
vn 0.343325 0.000000 -0.939217
vn 0.239480 0.000000 -0.970901
vn -0.330690 0.000000 -0.943740
vn -0.219124 0.000000 -0.975697
vn -0.219124 0.000000 -0.975697
vn -0.330690 0.000000 -0.943740
vn -0.435332 0.000000 -0.900270
vn -0.330690 0.000000 -0.943740
vn -0.330690 0.000000 -0.943740
vn -0.435332 0.000000 -0.900270
vn -0.533746 0.000000 -0.845645
vn -0.435332 0.000000 -0.900270
vn -0.435332 0.000000 -0.900270
vn -0.533746 0.000000 -0.845645
vn -0.788567 0.000000 -0.614949
vn -0.712322 0.000000 -0.701853
vn -0.712322 0.000000 -0.701853
vn -0.788567 0.000000 -0.614949
vn -0.712322 0.000000 -0.701853
vn -0.626580 0.000000 -0.779357
vn -0.626580 0.000000 -0.779357
vn -0.712322 0.000000 -0.701853
vn -0.626580 0.000000 -0.779357
vn -0.533746 0.000000 -0.845645
vn -0.533746 0.000000 -0.845645
vn -0.626580 0.000000 -0.779357
vn -0.853657 0.000000 -0.520835
vn -0.788567 0.000000 -0.614949
vn -0.788567 0.000000 -0.614949
vn -0.853657 0.000000 -0.520835
vn -0.906824 0.000000 -0.421509
vn -0.853657 0.000000 -0.520835
vn -0.853657 0.000000 -0.520835
vn -0.906824 0.000000 -0.421509
vn -0.947884 0.000000 -0.318615
vn -0.906824 0.000000 -0.421509
vn -0.906824 0.000000 -0.421509
vn -0.947884 0.000000 -0.318615
vn -0.976950 0.000000 -0.213466
vn -0.947884 0.000000 -0.318615
vn -0.947884 0.000000 -0.318615
vn -0.976950 0.000000 -0.213466
vn -0.994257 0.000000 -0.107023
vn -0.976950 0.000000 -0.213466
vn -0.976950 0.000000 -0.213466
vn -0.994257 0.000000 -0.107023
vn 0.945095 0.000000 -0.326795
vn 0.975519 0.000000 -0.219915
vn 0.975519 0.000000 -0.219915
vn 0.945095 0.000000 -0.326795
vn 0.975519 0.000000 -0.219915
vn 0.993869 0.000000 -0.110567
vn 0.993869 0.000000 -0.110567
vn 0.975519 0.000000 -0.219915
vn 0.902885 0.000000 -0.429882
vn 0.945095 0.000000 -0.326795
vn 0.945095 0.000000 -0.326795
vn 0.902885 0.000000 -0.429882
vn 0.699188 -0.710693 0.077785
vn 0.686276 -0.710697 0.154712
vn 0.000000 -1.000000 0.000000
vn 0.000000 -1.000000 0.000000
vn 0.703509 -0.710686 0.000003
vn 0.699188 -0.710693 0.077785
vn 0.000000 -1.000000 0.000000
vn 0.000000 -1.000000 0.000000
vn 0.699198 -0.710683 -0.077787
vn 0.703509 -0.710686 0.000003
vn 0.000000 -1.000000 0.000000
vn 0.000000 -1.000000 0.000000
vn 0.686286 -0.710687 -0.154713
vn 0.699198 -0.710683 -0.077787
vn 0.000000 -1.000000 0.000000
vn 0.000000 -1.000000 0.000000
vn 0.664878 -0.710691 -0.229903
vn 0.686286 -0.710687 -0.154713
vn 0.000000 -1.000000 0.000000
vn 0.000000 -1.000000 0.000000
vn 0.635179 -0.710696 -0.302423
vn 0.664878 -0.710691 -0.229903
vn 0.000000 -1.000000 0.000000
vn 0.000000 -1.000000 0.000000
vn 0.597520 -0.710694 -0.371327
vn 0.635179 -0.710696 -0.302423
vn 0.000000 -1.000000 0.000000
vn 0.000000 -1.000000 0.000000
vn 0.552366 -0.710688 -0.435677
vn 0.597520 -0.710694 -0.371327
vn 0.000000 -1.000000 0.000000
vn 0.000000 -1.000000 0.000000
vn 0.500319 -0.710688 -0.494575
vn 0.552366 -0.710688 -0.435677
vn 0.000000 -1.000000 0.000000
vn 0.000000 -1.000000 0.000000
vn 0.442155 -0.710686 -0.547197
vn 0.500319 -0.710688 -0.494575
vn 0.000000 -1.000000 0.000000
vn 0.000000 -1.000000 0.000000
vn 0.378871 -0.710684 -0.592778
vn 0.442155 -0.710686 -0.547197
vn 0.000000 -1.000000 0.000000
vn 0.000000 -1.000000 0.000000
vn 0.311663 -0.710683 -0.630711
vn 0.378871 -0.710684 -0.592778
vn 0.000000 -1.000000 0.000000
vn 0.000000 -1.000000 0.000000
vn 0.241532 -0.710685 -0.660749
vn 0.311663 -0.710683 -0.630711
vn 0.000000 -1.000000 0.000000
vn 0.000000 -1.000000 0.000000
vn 0.168477 -0.710684 -0.683040
vn 0.241532 -0.710685 -0.660749
vn 0.000000 -1.000000 0.000000
vn 0.000000 -1.000000 0.000000
vn 0.091600 -0.710684 -0.697523
vn 0.168477 -0.710684 -0.683040
vn 0.000000 -1.000000 0.000000
vn 0.000000 -1.000000 0.000000
vn 0.010810 -0.710685 -0.703427
vn 0.091600 -0.710684 -0.697523
vn 0.000000 -1.000000 0.000000
vn 0.000000 -1.000000 0.000000
vn -0.072084 -0.710686 -0.699806
vn 0.010810 -0.710685 -0.703427
vn 0.000000 -1.000000 0.000000
vn 0.000000 -1.000000 0.000000
vn -0.154155 -0.710690 -0.686408
vn -0.072084 -0.710686 -0.699806
vn 0.000000 -1.000000 0.000000
vn 0.000000 -1.000000 0.000000
vn -0.232640 -0.710692 -0.663925
vn -0.154155 -0.710690 -0.686408
vn 0.000000 -1.000000 0.000000
vn 0.000000 -1.000000 0.000000
vn -0.306257 -0.710691 -0.633345
vn -0.232640 -0.710692 -0.663925
vn 0.000000 -1.000000 0.000000
vn 0.000000 -1.000000 0.000000
vn -0.375495 -0.710693 -0.594911
vn -0.306257 -0.710691 -0.633345
vn 0.000000 -1.000000 0.000000
vn 0.000000 -1.000000 0.000000
vn -0.440798 -0.710697 -0.548276
vn -0.375495 -0.710693 -0.594911
vn 0.000000 -1.000000 0.000000
vn 0.000000 -1.000000 0.000000
vn -0.501116 -0.710698 -0.493752
vn -0.440798 -0.710697 -0.548276
vn 0.000000 -1.000000 0.000000
vn 0.000000 -1.000000 0.000000
vn -0.554755 -0.710697 -0.432616
vn -0.501116 -0.710698 -0.493752
vn 0.000000 -1.000000 0.000000
vn 0.000000 -1.000000 0.000000
vn -0.600548 -0.710693 -0.366411
vn -0.554755 -0.710697 -0.432616
vn 0.000000 -1.000000 0.000000
vn 0.000000 -1.000000 0.000000
vn -0.637958 -0.710686 -0.296537
vn -0.600548 -0.710693 -0.366411
vn 0.000000 -1.000000 0.000000
vn 0.000000 -1.000000 0.000000
vn -0.666847 -0.710684 -0.224149
vn -0.637958 -0.710686 -0.296537
vn 0.000000 -1.000000 0.000000
vn 0.000000 -1.000000 0.000000
vn -0.687290 -0.710690 -0.150172
vn -0.666847 -0.710684 -0.224149
vn 0.000000 -1.000000 0.000000
vn 0.000000 -1.000000 0.000000
vn -0.699455 -0.710700 -0.075288
vn -0.687290 -0.710690 -0.150172
vn 0.000000 -1.000000 0.000000
vn 0.000000 -1.000000 0.000000
vn -0.703491 -0.710704 0.000000
vn -0.699455 -0.710700 -0.075288
vn 0.000000 -1.000000 0.000000
vn 0.000000 -1.000000 0.000000
vn -0.699454 -0.710701 0.075287
vn -0.703491 -0.710704 0.000000
vn 0.000000 -1.000000 0.000000
vn 0.000000 -1.000000 0.000000
vn -0.687290 -0.710691 0.150171
vn -0.699454 -0.710701 0.075287
vn 0.000000 -1.000000 0.000000
vn 0.000000 -1.000000 0.000000
vn -0.666847 -0.710684 0.224149
vn -0.687290 -0.710691 0.150171
vn 0.000000 -1.000000 0.000000
vn 0.000000 -1.000000 0.000000
vn -0.637963 -0.710682 0.296537
vn -0.666847 -0.710684 0.224149
vn 0.000000 -1.000000 0.000000
vn 0.000000 -1.000000 0.000000
vn -0.600561 -0.710680 0.366416
vn -0.637963 -0.710682 0.296537
vn 0.000000 -1.000000 0.000000
vn 0.000000 -1.000000 0.000000
vn -0.554763 -0.710685 0.432625
vn -0.600561 -0.710680 0.366416
vn 0.000000 -1.000000 0.000000
vn 0.000000 -1.000000 0.000000
vn -0.501121 -0.710690 0.493758
vn -0.554763 -0.710685 0.432625
vn 0.000000 -1.000000 0.000000
vn 0.000000 -1.000000 0.000000
vn -0.440803 -0.710691 0.548281
vn -0.501121 -0.710690 0.493758
vn 0.000000 -1.000000 0.000000
vn 0.000000 -1.000000 0.000000
vn -0.375495 -0.710690 0.594915
vn -0.440803 -0.710691 0.548281
vn 0.000000 -1.000000 0.000000
vn 0.000000 -1.000000 0.000000
vn -0.306257 -0.710691 0.633345
vn -0.375495 -0.710690 0.594915
vn 0.000000 -1.000000 0.000000
vn 0.000000 -1.000000 0.000000
vn -0.232640 -0.710692 0.663925
vn -0.306257 -0.710691 0.633345
vn 0.000000 -1.000000 0.000000
vn 0.000000 -1.000000 0.000000
vn -0.154156 -0.710689 0.686409
vn -0.232640 -0.710692 0.663925
vn 0.000000 -1.000000 0.000000
vn 0.000000 -1.000000 0.000000
vn -0.072084 -0.710686 0.699807
vn -0.154156 -0.710689 0.686409
vn 0.000000 -1.000000 0.000000
vn 0.000000 -1.000000 0.000000
vn 0.010810 -0.710685 0.703428
vn -0.072084 -0.710686 0.699807
vn 0.000000 -1.000000 0.000000
vn 0.000000 -1.000000 0.000000
vn 0.091600 -0.710684 0.697522
vn 0.010810 -0.710685 0.703428
vn 0.000000 -1.000000 0.000000
vn 0.000000 -1.000000 0.000000
vn 0.168476 -0.710687 0.683038
vn 0.091600 -0.710684 0.697522
vn 0.000000 -1.000000 0.000000
vn 0.000000 -1.000000 0.000000
vn 0.241531 -0.710689 0.660745
vn 0.168476 -0.710687 0.683038
vn 0.000000 -1.000000 0.000000
vn 0.000000 -1.000000 0.000000
vn 0.311661 -0.710690 0.630704
vn 0.241531 -0.710689 0.660745
vn 0.000000 -1.000000 0.000000
vn 0.000000 -1.000000 0.000000
vn 0.378865 -0.710692 0.592772
vn 0.311661 -0.710690 0.630704
vn 0.000000 -1.000000 0.000000
vn 0.000000 -1.000000 0.000000
vn 0.442151 -0.710689 0.547196
vn 0.378865 -0.710692 0.592772
vn 0.000000 -1.000000 0.000000
vn 0.000000 -1.000000 0.000000
vn 0.500319 -0.710688 0.494575
vn 0.442151 -0.710689 0.547196
vn 0.000000 -1.000000 0.000000
vn 0.000000 -1.000000 0.000000
vn 0.552367 -0.710685 0.435680
vn 0.500319 -0.710688 0.494575
vn 0.000000 -1.000000 0.000000
vn 0.000000 -1.000000 0.000000
vn 0.597527 -0.710684 0.371335
vn 0.552367 -0.710685 0.435680
vn 0.000000 -1.000000 0.000000
vn 0.000000 -1.000000 0.000000
vn 0.635187 -0.710689 0.302422
vn 0.597527 -0.710684 0.371335
vn 0.000000 -1.000000 0.000000
vn 0.000000 -1.000000 0.000000
vn 0.664874 -0.710696 0.229901
vn 0.635187 -0.710689 0.302422
vn 0.000000 -1.000000 0.000000
vn 0.000000 -1.000000 0.000000
vn 0.686276 -0.710697 0.154712
vn 0.664874 -0.710696 0.229901
vn 0.000000 -1.000000 0.000000
vn 0.000000 -1.000000 0.000000
vn 0.000000 -1.000000 0.000000
vn 0.000000 -1.000000 0.000000
vn 0.000000 -1.000000 0.000000
vn 0.000000 -1.000000 0.000000
vn 0.000000 -1.000000 0.000000
vn 0.000000 -1.000000 0.000000
vn 0.000000 -1.000000 0.000000
vn 0.000000 -1.000000 0.000000
vn 0.000000 -1.000000 0.000000
vn 0.000000 -1.000000 0.000000
vn 0.000000 -1.000000 0.000000
vn 0.000000 -1.000000 0.000000
vn 0.000000 -1.000000 0.000000
vn 0.000000 -1.000000 0.000000
vn 0.000000 -1.000000 0.000000
vn 0.000000 -1.000000 0.000000
vn 0.000000 -1.000000 0.000000
vn 0.000000 -1.000000 0.000000
vn 0.000000 -1.000000 0.000000
vn 0.000000 -1.000000 0.000000
vn 0.000000 -1.000000 0.000000
vn 0.000000 -1.000000 0.000000
vn 0.000000 -1.000000 0.000000
vn 0.000000 -1.000000 0.000000
vn 0.000000 -1.000000 0.000000
vn 0.000000 -1.000000 0.000000
vn 0.000000 -1.000000 0.000000
vn 0.000000 -1.000000 0.000000
vn 0.000000 -1.000000 0.000000
vn 0.000000 -1.000000 0.000000
vn 0.000000 -1.000000 0.000000
vn 0.000000 -1.000000 0.000000
vn 0.000000 -1.000000 0.000000
vn 0.000000 -1.000000 0.000000
vn 0.000000 -1.000000 0.000000
vn 0.000000 -1.000000 0.000000
vn 0.000000 -1.000000 0.000000
vn 0.000000 -1.000000 0.000000
vn 0.000000 -1.000000 0.000000
vn 0.000000 -1.000000 0.000000
vn 0.000000 -1.000000 0.000000
vn 0.000000 -1.000000 0.000000
vn 0.000000 -1.000000 0.000000
vn 0.000000 -1.000000 0.000000
vn 0.000000 -1.000000 0.000000
vn 0.000000 -1.000000 0.000000
vn 0.000000 -1.000000 0.000000
vn 0.000000 -1.000000 0.000000
vn 0.000000 -1.000000 0.000000
vn 0.000000 -1.000000 0.000000
vn 0.000000 -1.000000 0.000000
vn 0.000000 -1.000000 0.000000
vn 0.000000 -1.000000 0.000000
vn 0.000000 -1.000000 0.000000
vn 0.000000 -1.000000 0.000000
vn 0.000000 -1.000000 0.000000
vn 0.000000 -1.000000 0.000000
vn 0.000000 -1.000000 0.000000
vn 0.000000 -1.000000 0.000000
vn 0.000000 -1.000000 0.000000
vn 0.000000 -1.000000 0.000000
vn 0.000000 -1.000000 0.000000
vn 0.000000 -1.000000 0.000000
vn 0.000000 -1.000000 0.000000
vn 0.000000 -1.000000 0.000000
vn 0.000000 -1.000000 0.000000
vn 0.000000 -1.000000 0.000000
vn 0.000000 -1.000000 0.000000
vn 0.000000 -1.000000 0.000000
vn 0.000000 -1.000000 0.000000
vn 0.000000 -1.000000 0.000000
vn 0.000000 -1.000000 0.000000
vn 0.000000 -1.000000 0.000000
vn 0.000000 -1.000000 0.000000
vn 0.000000 -1.000000 0.000000
vn 0.000000 -1.000000 0.000000
vn 0.000000 -1.000000 0.000000
vn 0.000000 -1.000000 0.000000
vn 0.000000 -1.000000 0.000000
vn 0.000000 -1.000000 0.000000
vn 0.000000 -1.000000 0.000000
vn 0.000000 -1.000000 0.000000
vn 0.000000 -1.000000 0.000000
vn 0.000000 -1.000000 0.000000
vn 0.000000 -1.000000 0.000000
vn 0.000000 -1.000000 0.000000
vn 0.000000 -1.000000 0.000000
vn 0.000000 -1.000000 0.000000
vn 0.000000 -1.000000 0.000000
vn 0.000000 -1.000000 0.000000
vn 0.000000 -1.000000 0.000000
vn 0.000000 -1.000000 0.000000
vn 0.000000 -1.000000 0.000000
vn 0.000000 -1.000000 0.000000
vn 0.000000 -1.000000 0.000000
vn 0.000000 -1.000000 0.000000
vn 0.000000 -1.000000 0.000000
vn 0.000000 -1.000000 0.000000
vn 0.000000 -1.000000 0.000000
vn 0.000000 -1.000000 0.000000
vn 0.000000 -1.000000 0.000000
vn 0.000000 -1.000000 0.000000
vn 0.000000 -1.000000 0.000000
vn 0.000000 -1.000000 0.000000
vn 0.000000 -1.000000 0.000000
vn 0.000000 -1.000000 0.000000
vn 0.000000 -1.000000 0.000000
vn 0.000000 -1.000000 0.000000
vn 0.000000 -1.000000 0.000000
vn 0.000000 -1.000000 0.000000
vn 0.000000 -1.000000 0.000000
vn 0.000000 -1.000000 0.000000
vn 0.000000 -1.000000 0.000000
vn 0.000000 -1.000000 0.000000
vn 0.000000 -1.000000 0.000000
vn 0.000000 -1.000000 0.000000
vn 0.000000 -1.000000 0.000000
vn 0.000000 -1.000000 0.000000
vn 0.000000 -1.000000 0.000000
vn 0.000000 -1.000000 0.000000
vn 0.000000 -1.000000 0.000000
vn 0.000000 -1.000000 0.000000
vn 0.000000 -1.000000 0.000000
vn 0.000000 -1.000000 0.000000
vn 0.000000 -1.000000 0.000000
vn 0.000000 -1.000000 0.000000
vn 0.000000 -1.000000 0.000000
vn 0.000000 -1.000000 0.000000
vn 0.000000 -1.000000 0.000000
vn 0.000000 -1.000000 0.000000
vn 0.000000 -1.000000 0.000000
vn 0.000000 -1.000000 0.000000
vn 0.000000 -1.000000 0.000000
vn 0.000000 -1.000000 0.000000
vn 0.000000 -1.000000 0.000000
vn 0.000000 -1.000000 0.000000
vn 0.000000 -1.000000 0.000000
vn 0.000000 -1.000000 0.000000
vn 0.000000 -1.000000 0.000000
vn 0.000000 -1.000000 0.000000
vn 0.000000 -1.000000 0.000000
vn 0.000000 -1.000000 0.000000
vn 0.000000 -1.000000 0.000000
vn 0.000000 -1.000000 0.000000
vn 0.000000 -1.000000 0.000000
vn 0.000000 -1.000000 0.000000
vn 0.000000 -1.000000 0.000000
vn 0.000000 -1.000000 0.000000
vn 0.000000 -1.000000 0.000000
vn 0.000000 -1.000000 0.000000
vn 0.000000 -1.000000 0.000000
vn 0.000000 -1.000000 0.000000
vn 0.000000 -1.000000 0.000000
vn 0.000000 -1.000000 0.000000
vn 0.000000 -1.000000 0.000000
vn 0.000000 -1.000000 0.000000
vn 0.000000 -1.000000 0.000000
vn 0.000000 -1.000000 0.000000
vn 0.000000 -1.000000 0.000000
vn 0.000000 -1.000000 0.000000
vn 0.000000 -1.000000 0.000000
vn 0.000000 -1.000000 0.000000
vn 0.000000 -1.000000 0.000000
vn 0.000000 -1.000000 0.000000
vn 0.000000 -1.000000 0.000000
vn 0.000000 -1.000000 0.000000
vn 0.000000 -1.000000 0.000000
vn 0.000000 -1.000000 0.000000
s off
g Glass_holder_coat:Bottom
usemtl aiStandardSurface1SG
f 2385/2973/9525 2386/2974/9526 2497/3029/9527
f 2388/2975/9528 2387/2976/9529 2497/3029/9530
f 2389/2977/9531 2388/2975/9532 2497/3029/9533
f 2390/2978/9534 2389/2977/9535 2497/3029/9536
f 2391/2979/9537 2390/2978/9538 2497/3029/9539
f 2392/2980/9540 2393/2981/9541 2497/3029/9542
f 2393/2981/9543 2394/2982/9544 2497/3029/9545
f 2394/2982/9546 2391/2979/9547 2497/3029/9548
f 2396/2983/9549 2395/2984/9550 2497/3029/9551
f 2397/2985/9552 2398/2986/9553 2497/3029/9554
f 2398/2986/9555 2399/2987/9556 2497/3029/9557
f 2399/2987/9558 2400/2988/9559 2497/3029/9560
f 2400/2988/9561 2401/2989/9562 2497/3029/9563
f 2401/2989/9564 2392/2980/9565 2497/3029/9566
f 2402/2990/9567 2397/2985/9568 2497/3029/9569
f 2403/2991/9570 2402/2990/9571 2497/3029/9572
f 2404/2992/9573 2403/2991/9574 2497/3029/9575
f 2405/2993/9576 2406/2994/9577 2497/3029/9578
f 2406/2994/9579 2407/2995/9580 2497/3029/9581
f 2407/2995/9582 2404/2992/9583 2497/3029/9584
f 2408/2996/9585 2405/2993/9586 2497/3029/9587
f 2409/2997/9588 2408/2996/9589 2497/3029/9590
f 2410/2998/9591 2409/2997/9592 2497/3029/9593
f 2411/2999/9594 2410/2998/9595 2497/3029/9596
f 2395/2984/9597 2411/2999/9598 2497/3029/9599
f 2412/3000/9600 2413/3001/9601 2497/3029/9602
f 2413/3001/9603 2385/2973/9604 2497/3029/9605
f 2387/2976/9606 2412/3000/9607 2497/3029/9608
f 2386/2974/9609 2414/3002/9610 2497/3029/9611
f 2416/3003/9612 2415/3004/9613 2497/3029/9614
f 2415/3004/9615 2417/3005/9616 2497/3029/9617
f 2417/3005/9618 2418/3006/9619 2497/3029/9620
f 2418/3006/9621 2419/3007/9622 2497/3029/9623
f 2420/3008/9624 2421/3009/9625 2497/3029/9626
f 2422/3010/9627 2420/3008/9628 2497/3029/9629
f 2419/3007/9630 2422/3010/9631 2497/3029/9632
f 2423/3011/9633 2396/2983/9634 2497/3029/9635
f 2424/3012/9636 2425/3013/9637 2497/3029/9638
f 2426/3014/9639 2424/3012/9640 2497/3029/9641
f 2427/3015/9642 2426/3014/9643 2497/3029/9644
f 2428/3016/9645 2427/3015/9646 2497/3029/9647
f 2421/3009/9648 2428/3016/9649 2497/3029/9650
f 2425/3013/9651 2429/3017/9652 2497/3029/9653
f 2429/3017/9654 2430/3018/9655 2497/3029/9656
f 2430/3018/9657 2431/3019/9658 2497/3029/9659
f 2432/3020/9660 2433/3021/9661 2497/3029/9662
f 2434/3022/9663 2432/3020/9664 2497/3029/9665
f 2431/3019/9666 2434/3022/9667 2497/3029/9668
f 2433/3021/9669 2435/3023/9670 2497/3029/9671
f 2435/3023/9672 2436/3024/9673 2497/3029/9674
f 2436/3024/9675 2437/3025/9676 2497/3029/9677
f 2437/3025/9678 2438/3026/9679 2497/3029/9680
f 2438/3026/9681 2423/3011/9682 2497/3029/9683
f 2439/3027/9684 2440/3028/9685 2497/3029/9686
f 2414/3002/9687 2439/3027/9688 2497/3029/9689
f 2440/3028/9690 2416/3003/9691 2497/3029/9692
f 2443/3087/9693 2468/3088/9694 2412/3058/9695 2387/3032/9696
f 2468/3088/9697 2469/3089/9698 2413/3057/9699 2412/3058/9700
f 2469/3089/9701 2441/3090/9702 2385/3031/9703 2413/3057/9704
f 2441/3090/9705 2442/3091/9706 2386/3030/9707 2385/3031/9708
f 2442/3091/9709 2470/3092/9710 2414/3059/9711 2386/3030/9712
f 2470/3092/9713 2495/3093/9714 2439/3086/9715 2414/3059/9716
f 2495/3093/9717 2496/3094/9718 2440/3085/9719 2439/3086/9720
f 2496/3094/9721 2472/3095/9722 2416/3061/9723 2440/3085/9724
f 2472/3095/9725 2471/3096/9726 2415/3060/9727 2416/3061/9728
f 2471/3096/9729 2473/3097/9730 2417/3062/9731 2415/3060/9732
f 2473/3097/9733 2474/3098/9734 2418/3063/9735 2417/3062/9736
f 2474/3098/9737 2475/3099/9738 2419/3064/9739 2418/3063/9740
f 2475/3099/9741 2478/3100/9742 2422/3067/9743 2419/3064/9744
f 2478/3100/9745 2476/3101/9746 2420/3066/9747 2422/3067/9748
f 2476/3101/9749 2477/3102/9750 2421/3065/9751 2420/3066/9752
f 2477/3102/9753 2484/3103/9754 2428/3074/9755 2421/3065/9756
f 2484/3103/9757 2483/3104/9758 2427/3073/9759 2428/3074/9760
f 2483/3104/9761 2482/3105/9762 2426/3072/9763 2427/3073/9764
f 2482/3105/9765 2480/3106/9766 2424/3071/9767 2426/3072/9768
f 2480/3106/9769 2481/3107/9770 2425/3070/9771 2424/3071/9772
f 2481/3107/9773 2485/3108/9774 2429/3075/9775 2425/3070/9776
f 2485/3108/9777 2486/3109/9778 2430/3076/9779 2429/3075/9780
f 2486/3109/9781 2487/3110/9782 2431/3077/9783 2430/3076/9784
f 2487/3110/9785 2490/3111/9786 2434/3080/9787 2431/3077/9788
f 2490/3111/9789 2488/3112/9790 2432/3079/9791 2434/3080/9792
f 2488/3112/9793 2489/3113/9794 2433/3078/9795 2432/3079/9796
f 2489/3113/9797 2491/3114/9798 2435/3081/9799 2433/3078/9800
f 2491/3114/9801 2492/3115/9802 2436/3082/9803 2435/3081/9804
f 2492/3115/9805 2493/3116/9806 2437/3083/9807 2436/3082/9808
f 2493/3116/9809 2494/3117/9810 2438/3084/9811 2437/3083/9812
f 2494/3117/9813 2479/3118/9814 2423/3069/9815 2438/3084/9816
f 2479/3118/9817 2452/3119/9818 2396/3068/9819 2423/3069/9820
f 2452/3120/9821 2451/3121/9822 2395/3040/9823 2396/3041/9824
f 2451/3121/9825 2467/3122/9826 2411/3056/9827 2395/3040/9828
f 2467/3122/9829 2466/3123/9830 2410/3055/9831 2411/3056/9832
f 2466/3123/9833 2465/3124/9834 2409/3054/9835 2410/3055/9836
f 2465/3124/9837 2464/3125/9838 2408/3053/9839 2409/3054/9840
f 2464/3125/9841 2461/3126/9842 2405/3051/9843 2408/3053/9844
f 2461/3126/9845 2462/3127/9846 2406/3050/9847 2405/3051/9848
f 2462/3127/9849 2463/3128/9850 2407/3052/9851 2406/3050/9852
f 2463/3128/9853 2460/3129/9854 2404/3049/9855 2407/3052/9856
f 2460/3129/9857 2459/3130/9858 2403/3048/9859 2404/3049/9860
f 2459/3130/9861 2458/3131/9862 2402/3047/9863 2403/3048/9864
f 2458/3131/9865 2453/3132/9866 2397/3043/9867 2402/3047/9868
f 2453/3132/9869 2454/3133/9870 2398/3042/9871 2397/3043/9872
f 2454/3133/9873 2455/3134/9874 2399/3044/9875 2398/3042/9876
f 2455/3134/9877 2456/3135/9878 2400/3045/9879 2399/3044/9880
f 2456/3135/9881 2457/3136/9882 2401/3046/9883 2400/3045/9884
f 2457/3136/9885 2448/3137/9886 2392/3038/9887 2401/3046/9888
f 2448/3137/9889 2449/3138/9890 2393/3037/9891 2392/3038/9892
f 2449/3138/9893 2450/3139/9894 2394/3039/9895 2393/3037/9896
f 2450/3139/9897 2447/3140/9898 2391/3036/9899 2394/3039/9900
f 2447/3140/9901 2446/3141/9902 2390/3035/9903 2391/3036/9904
f 2446/3141/9905 2445/3142/9906 2389/3034/9907 2390/3035/9908
f 2445/3142/9909 2444/3143/9910 2388/3033/9911 2389/3034/9912
f 2444/3143/9913 2443/3087/9914 2387/3032/9915 2388/3033/9916
f 2498/3144/9917 2499/3145/9918 2442/3091/9919 2441/3090/9920
f 2501/3146/9921 2500/3147/9922 2443/3087/9923 2444/3143/9924
f 2502/3148/9925 2501/3146/9926 2444/3143/9927 2445/3142/9928
f 2503/3149/9929 2502/3148/9930 2445/3142/9931 2446/3141/9932
f 2504/3150/9933 2503/3149/9934 2446/3141/9935 2447/3140/9936
f 2505/3151/9937 2506/3152/9938 2449/3138/9939 2448/3137/9940
f 2506/3152/9941 2507/3153/9942 2450/3139/9943 2449/3138/9944
f 2507/3153/9945 2504/3150/9946 2447/3140/9947 2450/3139/9948
f 2509/3154/9949 2508/3155/9950 2451/3121/9951 2452/3120/9952
f 2510/3156/9953 2511/3157/9954 2454/3133/9955 2453/3132/9956
f 2511/3157/9957 2512/3158/9958 2455/3134/9959 2454/3133/9960
f 2512/3158/9961 2513/3159/9962 2456/3135/9963 2455/3134/9964
f 2513/3159/9965 2514/3160/9966 2457/3136/9967 2456/3135/9968
f 2514/3160/9969 2505/3151/9970 2448/3137/9971 2457/3136/9972
f 2515/3161/9973 2510/3156/9974 2453/3132/9975 2458/3131/9976
f 2516/3162/9977 2515/3161/9978 2458/3131/9979 2459/3130/9980
f 2517/3163/9981 2516/3162/9982 2459/3130/9983 2460/3129/9984
f 2518/3164/9985 2519/3165/9986 2462/3127/9987 2461/3126/9988
f 2519/3165/9989 2520/3166/9990 2463/3128/9991 2462/3127/9992
f 2520/3166/9993 2517/3163/9994 2460/3129/9995 2463/3128/9996
f 2521/3167/9997 2518/3164/9998 2461/3126/9999 2464/3125/10000
f 2522/3168/10001 2521/3167/10002 2464/3125/10003 2465/3124/10004
f 2523/3169/10005 2522/3168/10006 2465/3124/10007 2466/3123/10008
f 2524/3170/10009 2523/3169/10010 2466/3123/10011 2467/3122/10012
f 2508/3155/10013 2524/3170/10014 2467/3122/10015 2451/3121/10016
f 2525/3171/10017 2526/3172/10018 2469/3089/10019 2468/3088/10020
f 2526/3172/10021 2498/3144/10022 2441/3090/10023 2469/3089/10024
f 2500/3147/10025 2525/3171/10026 2468/3088/10027 2443/3087/10028
f 2499/3145/10029 2527/3173/10030 2470/3092/10031 2442/3091/10032
f 2529/3174/10033 2528/3175/10034 2471/3096/10035 2472/3095/10036
f 2528/3175/10037 2530/3176/10038 2473/3097/10039 2471/3096/10040
f 2530/3176/10041 2531/3177/10042 2474/3098/10043 2473/3097/10044
f 2531/3177/10045 2532/3178/10046 2475/3099/10047 2474/3098/10048
f 2533/3179/10049 2534/3180/10050 2477/3102/10051 2476/3101/10052
f 2535/3181/10053 2533/3179/10054 2476/3101/10055 2478/3100/10056
f 2532/3178/10057 2535/3181/10058 2478/3100/10059 2475/3099/10060
f 2536/3182/10061 2509/3183/10062 2452/3119/10063 2479/3118/10064
f 2537/3184/10065 2538/3185/10066 2481/3107/10067 2480/3106/10068
f 2539/3186/10069 2537/3184/10070 2480/3106/10071 2482/3105/10072
f 2540/3187/10073 2539/3186/10074 2482/3105/10075 2483/3104/10076
f 2541/3188/10077 2540/3187/10078 2483/3104/10079 2484/3103/10080
f 2534/3180/10081 2541/3188/10082 2484/3103/10083 2477/3102/10084
f 2538/3185/10085 2542/3189/10086 2485/3108/10087 2481/3107/10088
f 2542/3189/10089 2543/3190/10090 2486/3109/10091 2485/3108/10092
f 2543/3190/10093 2544/3191/10094 2487/3110/10095 2486/3109/10096
f 2545/3192/10097 2546/3193/10098 2489/3113/10099 2488/3112/10100
f 2547/3194/10101 2545/3192/10102 2488/3112/10103 2490/3111/10104
f 2544/3191/10105 2547/3194/10106 2490/3111/10107 2487/3110/10108
f 2546/3193/10109 2548/3195/10110 2491/3114/10111 2489/3113/10112
f 2548/3195/10113 2549/3196/10114 2492/3115/10115 2491/3114/10116
f 2549/3196/10117 2550/3197/10118 2493/3116/10119 2492/3115/10120
f 2550/3197/10121 2551/3198/10122 2494/3117/10123 2493/3116/10124
f 2551/3198/10125 2536/3182/10126 2479/3118/10127 2494/3117/10128
f 2552/3199/10129 2553/3200/10130 2496/3094/10131 2495/3093/10132
f 2527/3173/10133 2552/3199/10134 2495/3093/10135 2470/3092/10136
f 2553/3200/10137 2529/3174/10138 2472/3095/10139 2496/3094/10140
f 2554/3201/10141 2555/3202/10142 2499/3312/10143 2498/3257/10144
f 2557/3203/10145 2556/3204/10146 2500/3260/10147 2501/3261/10148
f 2558/3205/10149 2557/3203/10150 2501/3261/10151 2502/3262/10152
f 2559/3206/10153 2558/3205/10154 2502/3262/10155 2503/3263/10156
f 2560/3207/10157 2559/3206/10158 2503/3263/10159 2504/3264/10160
f 2561/3208/10161 2562/3209/10162 2506/3266/10163 2505/3267/10164
f 2562/3209/10165 2563/3210/10166 2507/3265/10167 2506/3266/10168
f 2563/3210/10169 2560/3207/10170 2504/3264/10171 2507/3265/10172
f 2565/3211/10173 2564/3212/10174 2508/3283/10175 2509/3284/10176
f 2566/3213/10177 2567/3214/10178 2511/3271/10179 2510/3272/10180
f 2567/3214/10181 2568/3215/10182 2512/3270/10183 2511/3271/10184
f 2568/3215/10185 2569/3216/10186 2513/3269/10187 2512/3270/10188
f 2569/3216/10189 2570/3217/10190 2514/3268/10191 2513/3269/10192
f 2570/3217/10193 2561/3208/10194 2505/3267/10195 2514/3268/10196
f 2571/3218/10197 2566/3213/10198 2510/3272/10199 2515/3273/10200
f 2572/3219/10201 2571/3218/10202 2515/3273/10203 2516/3274/10204
f 2573/3220/10205 2572/3219/10206 2516/3274/10207 2517/3275/10208
f 2574/3221/10209 2575/3222/10210 2519/3277/10211 2518/3278/10212
f 2575/3222/10213 2576/3223/10214 2520/3276/10215 2519/3277/10216
f 2576/3223/10217 2573/3220/10218 2517/3275/10219 2520/3276/10220
f 2577/3224/10221 2574/3221/10222 2518/3278/10223 2521/3279/10224
f 2578/3225/10225 2577/3224/10226 2521/3279/10227 2522/3280/10228
f 2579/3226/10229 2578/3225/10230 2522/3280/10231 2523/3281/10232
f 2580/3227/10233 2579/3226/10234 2523/3281/10235 2524/3282/10236
f 2564/3212/10237 2580/3227/10238 2524/3282/10239 2508/3283/10240
f 2581/3228/10241 2582/3229/10242 2526/3258/10243 2525/3259/10244
f 2582/3229/10245 2554/3201/10246 2498/3257/10247 2526/3258/10248
f 2556/3204/10249 2581/3228/10250 2525/3259/10251 2500/3260/10252
f 2555/3202/10253 2583/3230/10254 2527/3311/10255 2499/3312/10256
f 2585/3231/10257 2584/3232/10258 2528/3307/10259 2529/3308/10260
f 2584/3232/10261 2586/3233/10262 2530/3306/10263 2528/3307/10264
f 2586/3233/10265 2587/3234/10266 2531/3305/10267 2530/3306/10268
f 2587/3234/10269 2588/3235/10270 2532/3304/10271 2531/3305/10272
f 2589/3236/10273 2590/3237/10274 2534/3301/10275 2533/3302/10276
f 2591/3238/10277 2589/3236/10278 2533/3302/10279 2535/3303/10280
f 2588/3235/10281 2591/3238/10282 2535/3303/10283 2532/3304/10284
f 2592/3239/10285 2565/3211/10286 2509/3284/10287 2536/3285/10288
f 2593/3240/10289 2594/3241/10290 2538/3296/10291 2537/3297/10292
f 2595/3242/10293 2593/3240/10294 2537/3297/10295 2539/3298/10296
f 2596/3243/10297 2595/3242/10298 2539/3298/10299 2540/3299/10300
f 2597/3244/10301 2596/3243/10302 2540/3299/10303 2541/3300/10304
f 2590/3237/10305 2597/3244/10306 2541/3300/10307 2534/3301/10308
f 2594/3241/10309 2598/3245/10310 2542/3295/10311 2538/3296/10312
f 2598/3245/10313 2599/3246/10314 2543/3294/10315 2542/3295/10316
f 2599/3246/10317 2600/3247/10318 2544/3293/10319 2543/3294/10320
f 2601/3248/10321 2602/3249/10322 2546/3290/10323 2545/3291/10324
f 2603/3250/10325 2601/3248/10326 2545/3291/10327 2547/3292/10328
f 2600/3247/10329 2603/3250/10330 2547/3292/10331 2544/3293/10332
f 2602/3249/10333 2604/3251/10334 2548/3289/10335 2546/3290/10336
f 2604/3251/10337 2605/3252/10338 2549/3288/10339 2548/3289/10340
f 2605/3252/10341 2606/3253/10342 2550/3287/10343 2549/3288/10344
f 2606/3253/10345 2607/3254/10346 2551/3286/10347 2550/3287/10348
f 2607/3254/10349 2592/3239/10350 2536/3285/10351 2551/3286/10352
f 2608/3255/10353 2609/3256/10354 2553/3309/10355 2552/3310/10356
f 2583/3230/10357 2608/3255/10358 2552/3310/10359 2527/3311/10360
f 2609/3256/10361 2585/3231/10362 2529/3308/10363 2553/3309/10364
f 2555/3202/10365 2554/3201/10366 2610/3313/10367 2611/3314/10368
f 2556/3204/10369 2557/3203/10370 2613/3315/10371 2612/3316/10372
f 2557/3203/10373 2558/3205/10374 2614/3317/10375 2613/3315/10376
f 2558/3205/10377 2559/3206/10378 2615/3318/10379 2614/3317/10380
f 2559/3206/10381 2560/3207/10382 2616/3319/10383 2615/3318/10384
f 2562/3209/10385 2561/3208/10386 2617/3320/10387 2618/3321/10388
f 2563/3210/10389 2562/3209/10390 2618/3321/10391 2619/3322/10392
f 2560/3207/10393 2563/3210/10394 2619/3322/10395 2616/3319/10396
f 2564/3212/10397 2565/3211/10398 2621/3323/10399 2620/3324/10400
f 2567/3214/10401 2566/3213/10402 2622/3325/10403 2623/3326/10404
f 2568/3215/10405 2567/3214/10406 2623/3326/10407 2624/3327/10408
f 2569/3216/10409 2568/3215/10410 2624/3327/10411 2625/3328/10412
f 2570/3217/10413 2569/3216/10414 2625/3328/10415 2626/3329/10416
f 2561/3208/10417 2570/3217/10418 2626/3329/10419 2617/3320/10420
f 2566/3213/10421 2571/3218/10422 2627/3330/10423 2622/3325/10424
f 2571/3218/10425 2572/3219/10426 2628/3331/10427 2627/3330/10428
f 2572/3219/10429 2573/3220/10430 2629/3332/10431 2628/3331/10432
f 2575/3222/10433 2574/3221/10434 2630/3333/10435 2631/3334/10436
f 2576/3223/10437 2575/3222/10438 2631/3334/10439 2632/3335/10440
f 2573/3220/10441 2576/3223/10442 2632/3335/10443 2629/3332/10444
f 2574/3221/10445 2577/3224/10446 2633/3336/10447 2630/3333/10448
f 2577/3224/10449 2578/3225/10450 2634/3337/10451 2633/3336/10452
f 2578/3225/10453 2579/3226/10454 2635/3338/10455 2634/3337/10456
f 2579/3226/10457 2580/3227/10458 2636/3339/10459 2635/3338/10460
f 2580/3227/10461 2564/3212/10462 2620/3324/10463 2636/3339/10464
f 2582/3229/10465 2581/3228/10466 2637/3340/10467 2638/3341/10468
f 2554/3201/10469 2582/3229/10470 2638/3341/10471 2610/3313/10472
f 2581/3228/10473 2556/3204/10474 2612/3316/10475 2637/3340/10476
f 2583/3230/10477 2555/3202/10478 2611/3314/10479 2639/3342/10480
f 2584/3232/10481 2585/3231/10482 2641/3343/10483 2640/3344/10484
f 2586/3233/10485 2584/3232/10486 2640/3344/10487 2642/3345/10488
f 2587/3234/10489 2586/3233/10490 2642/3345/10491 2643/3346/10492
f 2588/3235/10493 2587/3234/10494 2643/3346/10495 2644/3347/10496
f 2590/3237/10497 2589/3236/10498 2645/3348/10499 2646/3349/10500
f 2589/3236/10501 2591/3238/10502 2647/3350/10503 2645/3348/10504
f 2591/3238/10505 2588/3235/10506 2644/3347/10507 2647/3350/10508
f 2565/3211/10509 2592/3239/10510 2648/3351/10511 2621/3323/10512
f 2594/3241/10513 2593/3240/10514 2649/3352/10515 2650/3353/10516
f 2593/3240/10517 2595/3242/10518 2651/3354/10519 2649/3352/10520
f 2595/3242/10521 2596/3243/10522 2652/3355/10523 2651/3354/10524
f 2596/3243/10525 2597/3244/10526 2653/3356/10527 2652/3355/10528
f 2597/3244/10529 2590/3237/10530 2646/3349/10531 2653/3356/10532
f 2598/3245/10533 2594/3241/10534 2650/3353/10535 2654/3357/10536
f 2599/3246/10537 2598/3245/10538 2654/3357/10539 2655/3358/10540
f 2600/3247/10541 2599/3246/10542 2655/3358/10543 2656/3359/10544
f 2602/3249/10545 2601/3248/10546 2657/3360/10547 2658/3361/10548
f 2601/3248/10549 2603/3250/10550 2659/3362/10551 2657/3360/10552
f 2603/3250/10553 2600/3247/10554 2656/3359/10555 2659/3362/10556
f 2604/3251/10557 2602/3249/10558 2658/3361/10559 2660/3363/10560
f 2605/3252/10561 2604/3251/10562 2660/3363/10563 2661/3364/10564
f 2606/3253/10565 2605/3252/10566 2661/3364/10567 2662/3365/10568
f 2607/3254/10569 2606/3253/10570 2662/3365/10571 2663/3366/10572
f 2592/3239/10573 2607/3254/10574 2663/3366/10575 2648/3351/10576
f 2609/3256/10577 2608/3255/10578 2664/3367/10579 2665/3368/10580
f 2608/3255/10581 2583/3230/10582 2639/3342/10583 2664/3367/10584
f 2585/3231/10585 2609/3256/10586 2665/3368/10587 2641/3343/10588
f 2610/3313/10589 2638/3341/10590 2694/3397/10591 2666/3369/10592
f 2611/3314/10593 2610/3313/10594 2666/3369/10595 2667/3370/10596
f 2639/3342/10597 2611/3314/10598 2667/3370/10599 2695/3398/10600
f 2664/3367/10601 2639/3342/10602 2695/3398/10603 2720/3415/10604
f 2665/3368/10605 2664/3367/10606 2720/3415/10607 2721/3416/10608
f 2641/3343/10609 2665/3368/10610 2721/3416/10611 2697/3399/10612
f 2640/3344/10613 2641/3343/10614 2697/3399/10615 2696/3400/10616
f 2642/3345/10617 2640/3344/10618 2696/3400/10619 2698/3401/10620
f 2643/3346/10621 2642/3345/10622 2698/3401/10623 2699/3402/10624
f 2644/3347/10625 2643/3346/10626 2699/3402/10627 2700/3403/10628
f 2647/3350/10629 2644/3347/10630 2700/3403/10631 2703/3404/10632
f 2645/3348/10633 2647/3350/10634 2703/3404/10635 2701/3405/10636
f 2646/3349/10637 2645/3348/10638 2701/3405/10639 2702/3418/10640
f 2653/3356/10641 2646/3349/10642 2702/3418/10643 2709/3423/10644
f 2652/3355/10645 2653/3356/10646 2709/3423/10647 2708/3422/10648
f 2651/3354/10649 2652/3355/10650 2708/3422/10651 2707/3421/10652
f 2649/3352/10653 2651/3354/10654 2707/3421/10655 2705/3419/10656
f 2650/3353/10657 2649/3352/10658 2705/3419/10659 2706/3420/10660
f 2654/3357/10661 2650/3353/10662 2706/3420/10663 2710/3424/10664
f 2655/3358/10665 2654/3357/10666 2710/3424/10667 2711/3425/10668
f 2656/3359/10669 2655/3358/10670 2711/3425/10671 2712/3410/10672
f 2659/3362/10673 2656/3359/10674 2712/3410/10675 2715/3409/10676
f 2657/3360/10677 2659/3362/10678 2715/3409/10679 2713/3407/10680
f 2658/3361/10681 2657/3360/10682 2713/3407/10683 2714/3408/10684
f 2660/3363/10685 2658/3361/10686 2714/3408/10687 2716/3411/10688
f 2661/3364/10689 2660/3363/10690 2716/3411/10691 2717/3412/10692
f 2662/3365/10693 2661/3364/10694 2717/3412/10695 2718/3413/10696
f 2663/3366/10697 2662/3365/10698 2718/3413/10699 2719/3414/10700
f 2648/3351/10701 2663/3366/10702 2719/3414/10703 2704/3406/10704
f 2621/3323/10705 2648/3351/10706 2704/3406/10707 2677/3379/10708
f 2620/3324/10709 2621/3323/10710 2677/3379/10711 2676/3380/10712
f 2636/3339/10713 2620/3324/10714 2676/3380/10715 2692/3395/10716
f 2635/3338/10717 2636/3339/10718 2692/3395/10719 2691/3394/10720
f 2634/3337/10721 2635/3338/10722 2691/3394/10723 2690/3393/10724
f 2633/3336/10725 2634/3337/10726 2690/3393/10727 2689/3392/10728
f 2630/3333/10729 2633/3336/10730 2689/3392/10731 2686/3389/10732
f 2631/3334/10733 2630/3333/10734 2686/3389/10735 2687/3390/10736
f 2632/3335/10737 2631/3334/10738 2687/3390/10739 2688/3391/10740
f 2629/3332/10741 2632/3335/10742 2688/3391/10743 2685/3388/10744
f 2628/3331/10745 2629/3332/10746 2685/3388/10747 2684/3387/10748
f 2627/3330/10749 2628/3331/10750 2684/3387/10751 2683/3386/10752
f 2622/3325/10753 2627/3330/10754 2683/3386/10755 2678/3381/10756
f 2623/3326/10757 2622/3325/10758 2678/3381/10759 2679/3382/10760
f 2624/3327/10761 2623/3326/10762 2679/3382/10763 2680/3383/10764
f 2625/3328/10765 2624/3327/10766 2680/3383/10767 2681/3384/10768
f 2626/3329/10769 2625/3328/10770 2681/3384/10771 2682/3385/10772
f 2617/3320/10773 2626/3329/10774 2682/3385/10775 2673/3376/10776
f 2618/3321/10777 2617/3320/10778 2673/3376/10779 2674/3377/10780
f 2619/3322/10781 2618/3321/10782 2674/3377/10783 2675/3378/10784
f 2616/3319/10785 2619/3322/10786 2675/3378/10787 2672/3375/10788
f 2615/3318/10789 2616/3319/10790 2672/3375/10791 2671/3374/10792
f 2614/3317/10793 2615/3318/10794 2671/3374/10795 2670/3373/10796
f 2613/3315/10797 2614/3317/10798 2670/3373/10799 2669/3371/10800
f 2612/3316/10801 2613/3315/10802 2669/3371/10803 2668/3372/10804
f 2637/3340/10805 2612/3316/10806 2668/3372/10807 2693/3396/10808
f 2638/3341/10809 2637/3340/10810 2693/3396/10811 2694/3397/10812
f 2667/3370/10813 2666/3369/10814 2722/3417/10815
f 2668/3372/10816 2669/3371/10817 2722/3417/10818
f 2670/3373/10819 2671/3374/10820 2722/3417/10821
f 2671/3374/10822 2672/3375/10823 2722/3417/10824
f 2674/3377/10825 2673/3376/10826 2722/3417/10827
f 2675/3378/10828 2674/3377/10829 2722/3417/10830
f 2672/3375/10831 2675/3378/10832 2722/3417/10833
f 2676/3380/10834 2677/3379/10835 2722/3417/10836
f 2679/3382/10837 2678/3381/10838 2722/3417/10839
f 2680/3383/10840 2679/3382/10841 2722/3417/10842
f 2681/3384/10843 2680/3383/10844 2722/3417/10845
f 2673/3376/10846 2682/3385/10847 2722/3417/10848
f 2678/3381/10849 2683/3386/10850 2722/3417/10851
f 2683/3386/10852 2684/3387/10853 2722/3417/10854
f 2684/3387/10855 2685/3388/10856 2722/3417/10857
f 2687/3390/10858 2686/3389/10859 2722/3417/10860
f 2688/3391/10861 2687/3390/10862 2722/3417/10863
f 2685/3388/10864 2688/3391/10865 2722/3417/10866
f 2686/3389/10867 2689/3392/10868 2722/3417/10869
f 2690/3393/10870 2691/3394/10871 2722/3417/10872
f 2694/3397/10873 2693/3396/10874 2722/3417/10875
f 2693/3396/10876 2668/3372/10877 2722/3417/10878
f 2695/3398/10879 2667/3370/10880 2722/3417/10881
f 2696/3400/10882 2697/3399/10883 2722/3417/10884
f 2699/3402/10885 2698/3401/10886 2722/3417/10887
f 2700/3403/10888 2699/3402/10889 2722/3417/10890
f 2677/3379/10891 2704/3406/10892 2722/3417/10893
f 2714/3408/10894 2713/3407/10895 2722/3417/10896
f 2713/3407/10897 2715/3409/10898 2722/3417/10899
f 2716/3411/10900 2714/3408/10901 2722/3417/10902
f 2718/3413/10903 2717/3412/10904 2722/3417/10905
f 2719/3414/10906 2718/3413/10907 2722/3417/10908
f 2704/3406/10909 2719/3414/10910 2722/3417/10911
f 2721/3416/10912 2720/3415/10913 2722/3417/10914
f 2720/3415/10915 2695/3398/10916 2722/3417/10917
f 2697/3399/10918 2721/3416/10919 2722/3417/10920
f 2702/3418/10921 2701/3405/10922 2722/3417/10923
f 2701/3405/10924 2703/3404/10925 2722/3417/10926
f 2706/3420/10927 2705/3419/10928 2722/3417/10929
f 2705/3419/10930 2707/3421/10931 2722/3417/10932
f 2707/3421/10933 2708/3422/10934 2722/3417/10935
f 2708/3422/10936 2709/3423/10937 2722/3417/10938
f 2709/3423/10939 2702/3418/10940 2722/3417/10941
f 2710/3424/10942 2706/3420/10943 2722/3417/10944
f 2711/3425/10945 2710/3424/10946 2722/3417/10947
f 2712/3410/10948 2711/3425/10949 2722/3417/10950
f 2669/3371/10951 2670/3373/10952 2722/3417/10953
f 2682/3385/10954 2681/3384/10955 2722/3417/10956
f 2689/3392/10957 2690/3393/10958 2722/3417/10959
f 2691/3394/10960 2692/3395/10961 2722/3417/10962
f 2692/3395/10963 2676/3380/10964 2722/3417/10965
f 2666/3369/10966 2694/3397/10967 2722/3417/10968
f 2698/3401/10969 2696/3400/10970 2722/3417/10971
f 2703/3404/10972 2700/3403/10973 2722/3417/10974
f 2715/3409/10975 2712/3410/10976 2722/3417/10977
f 2717/3412/10978 2716/3411/10979 2722/3417/10980
g default
v 0.359838 -0.539739 -0.116919
v 0.306097 -0.539739 -0.222392
v 0.222392 -0.539739 -0.306097
v 0.116919 -0.539739 -0.359838
v 0.000000 -0.539739 -0.378356
v -0.116919 -0.539739 -0.359838
v -0.222392 -0.539739 -0.306097
v -0.306097 -0.539739 -0.222392
v -0.359838 -0.539739 -0.116918
v -0.378356 -0.539739 0.000000
v -0.359838 -0.539739 0.116918
v -0.306097 -0.539739 0.222392
v -0.222392 -0.539739 0.306097
v -0.116918 -0.539739 0.359838
v 0.000000 -0.539739 0.378356
v 0.116918 -0.539739 0.359838
v 0.222392 -0.539739 0.306097
v 0.306097 -0.539739 0.222392
v 0.359838 -0.539739 0.116918
v 0.378356 -0.539739 0.000000
v 0.379709 0.742845 -0.123375
v 0.323000 0.742845 -0.234673
v 0.234673 0.742845 -0.323000
v 0.123375 0.742845 -0.379709
v 0.000000 0.742845 -0.399250
v -0.123375 0.742845 -0.379709
v -0.234673 0.742845 -0.323000
v -0.323000 0.742845 -0.234673
v -0.379709 0.742845 -0.123375
v -0.399249 0.742845 0.000000
v -0.379709 0.742845 0.123375
v -0.323000 0.742845 0.234673
v -0.234673 0.742845 0.323000
v -0.123375 0.742845 0.379709
v 0.000000 0.742845 0.399249
v 0.123375 0.742845 0.379709
v 0.234673 0.742845 0.323000
v 0.323000 0.742845 0.234673
v 0.379709 0.742845 0.123375
v 0.399249 0.742845 0.000000
v 0.282803 -0.539739 -0.091888
v 0.240567 -0.539739 -0.174782
v 0.174782 -0.539739 -0.240567
v 0.091888 -0.539739 -0.282803
v 0.000000 -0.539739 -0.297357
v -0.091888 -0.539739 -0.282803
v -0.174782 -0.539739 -0.240567
v -0.240567 -0.539739 -0.174782
v -0.282803 -0.539739 -0.091888
v -0.297357 -0.539739 0.000000
v -0.282803 -0.539739 0.091888
v -0.240567 -0.539739 0.174782
v -0.174782 -0.539739 0.240567
v -0.091888 -0.539739 0.282803
v 0.000000 -0.539739 0.297357
v 0.091888 -0.539739 0.282803
v 0.174782 -0.539739 0.240567
v 0.240567 -0.539739 0.174782
v 0.282803 -0.539739 0.091888
v 0.297357 -0.539739 0.000000
v 0.282803 -0.477121 -0.091888
v 0.240567 -0.477121 -0.174782
v 0.174782 -0.477121 -0.240567
v 0.091888 -0.477121 -0.282803
v 0.000000 -0.477121 -0.297357
v -0.091888 -0.477121 -0.282803
v -0.174782 -0.477121 -0.240567
v -0.240567 -0.477121 -0.174782
v -0.282803 -0.477121 -0.091888
v -0.297357 -0.477121 0.000000
v -0.282803 -0.477121 0.091888
v -0.240567 -0.477121 0.174782
v -0.174782 -0.477121 0.240567
v -0.091888 -0.477121 0.282803
v 0.000000 -0.477121 0.297357
v 0.091888 -0.477121 0.282803
v 0.174782 -0.477121 0.240567
v 0.240567 -0.477121 0.174782
v 0.282803 -0.477121 0.091888
v 0.297357 -0.477121 0.000000
v 0.000000 -0.477121 0.000000
v 0.341291 0.742845 -0.110892
v 0.290319 0.742845 -0.210929
v 0.210929 0.742845 -0.290319
v 0.110892 0.742845 -0.341291
v 0.000000 0.742845 -0.358854
v -0.110892 0.742845 -0.341291
v -0.210929 0.742845 -0.290319
v -0.290319 0.742845 -0.210929
v -0.341290 0.742845 -0.110892
v -0.358854 0.742845 0.000000
v -0.341290 0.742845 0.110892
v -0.290319 0.742845 0.210929
v -0.210929 0.742845 0.290319
v -0.110892 0.742845 0.341290
v 0.000000 0.742845 0.358854
v 0.110892 0.742845 0.341290
v 0.210929 0.742845 0.290319
v 0.290319 0.742845 0.210929
v 0.341290 0.742845 0.110892
v 0.358854 0.742845 0.000000
v 0.323777 -0.412161 -0.105202
v 0.275421 -0.412161 -0.200105
v 0.200105 -0.412161 -0.275421
v 0.105202 -0.412161 -0.323777
v 0.000000 -0.412161 -0.340439
v -0.105202 -0.412161 -0.323777
v -0.200105 -0.412161 -0.275421
v -0.275421 -0.412161 -0.200105
v -0.323777 -0.412161 -0.105202
v -0.340439 -0.412161 0.000000
v -0.323777 -0.412161 0.105201
v -0.275421 -0.412161 0.200105
v -0.200105 -0.412161 0.275421
v -0.105202 -0.412161 0.323777
v 0.000000 -0.412161 0.340439
v 0.105201 -0.412161 0.323777
v 0.200105 -0.412161 0.275421
v 0.275421 -0.412161 0.200105
v 0.323777 -0.412161 0.105201
v 0.340439 -0.412161 0.000000
v 0.000000 -0.412161 0.000000
vt 0.493510 0.990000
vt 0.468062 0.990000
vt 0.442614 0.990000
vt 0.417166 0.990000
vt 0.391718 0.990000
vt 0.366270 0.990000
vt 0.340822 0.990000
vt 0.315374 0.990000
vt 0.289927 0.990000
vt 0.264479 0.990000
vt 0.239031 0.990000
vt 0.213583 0.990000
vt 0.188135 0.990000
vt 0.162687 0.990000
vt 0.137239 0.990000
vt 0.111792 0.990000
vt 0.086344 0.990000
vt 0.060896 0.990000
vt 0.035448 0.990000
vt 0.010000 0.990000
vt 0.518958 0.990000
vt 0.442614 0.721649
vt 0.468062 0.721649
vt 0.493510 0.721649
vt 0.518958 0.721649
vt 0.010000 0.721649
vt 0.035448 0.721649
vt 0.060896 0.721649
vt 0.086344 0.721649
vt 0.111792 0.721649
vt 0.137239 0.721649
vt 0.162687 0.721649
vt 0.188135 0.721649
vt 0.213583 0.721649
vt 0.239031 0.721649
vt 0.264479 0.721649
vt 0.289927 0.721649
vt 0.315375 0.721649
vt 0.340822 0.721649
vt 0.366270 0.721649
vt 0.391718 0.721649
vt 0.417166 0.721649
vt 0.679734 0.411768
vt 0.671133 0.385295
vt 0.687212 0.381407
vt 0.693825 0.403102
vt 0.696095 0.434287
vt 0.706818 0.421691
vt 0.718614 0.450648
vt 0.724921 0.435355
vt 0.745086 0.459249
vt 0.746358 0.442756
vt 0.772922 0.459249
vt 0.769034 0.443170
vt 0.799394 0.450648
vt 0.790728 0.436557
vt 0.821914 0.434287
vt 0.809318 0.423564
vt 0.838275 0.411768
vt 0.822981 0.405462
vt 0.846876 0.385295
vt 0.830383 0.384024
vt 0.846876 0.357460
vt 0.830797 0.361348
vt 0.838275 0.330987
vt 0.824184 0.339653
vt 0.821913 0.308468
vt 0.811190 0.321064
vt 0.799394 0.292107
vt 0.793089 0.307401
vt 0.772922 0.283506
vt 0.771650 0.299999
vt 0.745086 0.283506
vt 0.748974 0.299585
vt 0.718614 0.292107
vt 0.727280 0.306198
vt 0.696095 0.308469
vt 0.708691 0.319192
vt 0.679734 0.330988
vt 0.695028 0.337294
vt 0.671133 0.357460
vt 0.687626 0.358732
vt 0.699397 0.379331
vt 0.704772 0.397361
vt 0.715456 0.412848
vt 0.730402 0.424276
vt 0.748148 0.430526
vt 0.766958 0.430985
vt 0.784988 0.425610
vt 0.800475 0.414927
vt 0.811903 0.399980
vt 0.818153 0.382234
vt 0.818612 0.363425
vt 0.813237 0.345394
vt 0.802553 0.329907
vt 0.787607 0.318479
vt 0.769860 0.312230
vt 0.751051 0.311770
vt 0.733021 0.317145
vt 0.717533 0.327829
vt 0.706106 0.342776
vt 0.699856 0.360522
vt 0.759005 0.371378
vt 0.446996 0.713692
vt 0.423997 0.713692
vt 0.423997 0.705263
vt 0.446996 0.705263
vt 0.400997 0.713692
vt 0.400997 0.705263
vt 0.377997 0.713692
vt 0.377997 0.705263
vt 0.354997 0.713692
vt 0.354997 0.705263
vt 0.331997 0.713692
vt 0.331997 0.705263
vt 0.308998 0.713692
vt 0.308998 0.705263
vt 0.285998 0.713692
vt 0.285998 0.705263
vt 0.262998 0.713692
vt 0.262998 0.705263
vt 0.239998 0.713692
vt 0.239998 0.705263
vt 0.216998 0.713692
vt 0.216998 0.705263
vt 0.193998 0.713692
vt 0.193998 0.705263
vt 0.170999 0.713692
vt 0.170999 0.705263
vt 0.147999 0.713692
vt 0.147999 0.705263
vt 0.124999 0.713692
vt 0.124999 0.705263
vt 0.101999 0.713692
vt 0.101999 0.705263
vt 0.078999 0.713692
vt 0.078999 0.705263
vt 0.056000 0.713692
vt 0.056000 0.705263
vt 0.033000 0.713692
vt 0.033000 0.705263
vt 0.010000 0.713692
vt 0.010000 0.705263
vt 0.469996 0.713692
vt 0.469996 0.705263
vt 0.124999 0.464237
vt 0.147999 0.464237
vt 0.170999 0.464237
vt 0.193999 0.464237
vt 0.216998 0.464237
vt 0.239998 0.464237
vt 0.262998 0.464237
vt 0.285998 0.464237
vt 0.308998 0.464237
vt 0.331997 0.464237
vt 0.354997 0.464237
vt 0.377997 0.464237
vt 0.400997 0.464237
vt 0.423997 0.464237
vt 0.446996 0.464237
vt 0.469996 0.464237
vt 0.010000 0.464237
vt 0.033000 0.464237
vt 0.056000 0.464237
vt 0.078999 0.464237
vt 0.101999 0.464237
vt 0.122009 0.032788
vt 0.143201 0.025903
vt 0.165484 0.025903
vt 0.186676 0.032788
vt 0.204703 0.045886
vt 0.217800 0.063912
vt 0.224686 0.085104
vt 0.224686 0.107387
vt 0.217800 0.128579
vt 0.204703 0.146605
vt 0.186676 0.159703
vt 0.165484 0.166589
vt 0.143201 0.166589
vt 0.122009 0.159703
vt 0.103982 0.146606
vt 0.090885 0.128579
vt 0.083999 0.107387
vt 0.083999 0.085104
vt 0.090885 0.063913
vt 0.103982 0.045886
vt 0.154342 0.096246
vn 0.587708 -0.016287 -0.808909
vn 0.808909 -0.016287 -0.587708
vn 0.808910 -0.016287 -0.587707
vn 0.587707 -0.016287 -0.808910
vn 0.808909 -0.016287 -0.587708
vn 0.950931 -0.016286 -0.308974
vn 0.890892 -0.016087 -0.453931
vn 0.890892 -0.016087 -0.453931
vn 0.950931 -0.016286 -0.308974
vn 0.999867 -0.016286 0.000002
vn 0.999867 -0.016286 0.000002
vn 0.950931 -0.016287 -0.308974
vn 0.999867 -0.016286 0.000002
vn 0.950931 -0.016291 0.308975
vn 0.950931 -0.016285 0.308974
vn 0.999867 -0.016286 0.000002
vn 0.950931 -0.016291 0.308975
vn 0.808910 -0.016293 0.587707
vn 0.808911 -0.016286 0.587705
vn 0.950931 -0.016285 0.308974
vn 0.808910 -0.016293 0.587707
vn 0.587707 -0.016293 0.808910
vn 0.587705 -0.016286 0.808911
vn 0.808911 -0.016286 0.587705
vn 0.587707 -0.016293 0.808910
vn 0.308975 -0.016291 0.950931
vn 0.308976 -0.016287 0.950930
vn 0.587705 -0.016286 0.808911
vn 0.308975 -0.016291 0.950931
vn 0.000000 -0.016289 0.999867
vn 0.000002 -0.016291 0.999867
vn 0.308976 -0.016287 0.950930
vn 0.000000 -0.016289 0.999867
vn -0.308975 -0.016291 0.950931
vn -0.308975 -0.016291 0.950931
vn 0.000002 -0.016291 0.999867
vn -0.308975 -0.016291 0.950931
vn -0.587706 -0.016292 0.808911
vn -0.587707 -0.016288 0.808910
vn -0.308975 -0.016291 0.950931
vn -0.587706 -0.016292 0.808911
vn -0.808910 -0.016291 0.587707
vn -0.808910 -0.016288 0.587707
vn -0.587707 -0.016288 0.808910
vn -0.808910 -0.016291 0.587707
vn -0.950931 -0.016290 0.308974
vn -0.950931 -0.016291 0.308975
vn -0.808910 -0.016288 0.587707
vn -0.950931 -0.016290 0.308974
vn -0.999867 -0.016288 0.000000
vn -0.999867 -0.016293 0.000000
vn -0.950931 -0.016291 0.308975
vn -0.999867 -0.016288 0.000000
vn -0.950931 -0.016290 -0.308974
vn -0.950931 -0.016291 -0.308975
vn -0.999867 -0.016293 0.000000
vn -0.950931 -0.016290 -0.308974
vn -0.808910 -0.016289 -0.587706
vn -0.808910 -0.016288 -0.587707
vn -0.950931 -0.016291 -0.308975
vn -0.808910 -0.016289 -0.587706
vn -0.587706 -0.016289 -0.808910
vn -0.587707 -0.016287 -0.808910
vn -0.808910 -0.016288 -0.587707
vn -0.587706 -0.016289 -0.808910
vn -0.308976 -0.016292 -0.950930
vn -0.308976 -0.016290 -0.950930
vn -0.587707 -0.016287 -0.808910
vn -0.308976 -0.016292 -0.950930
vn -0.000002 -0.016291 -0.999867
vn 0.000000 -0.016292 -0.999867
vn -0.308976 -0.016290 -0.950930
vn -0.000002 -0.016291 -0.999867
vn 0.308976 -0.016288 -0.950930
vn 0.308976 -0.016289 -0.950930
vn 0.000000 -0.016292 -0.999867
vn 0.308976 -0.016288 -0.950930
vn 0.587708 -0.016287 -0.808909
vn 0.587707 -0.016287 -0.808910
vn 0.308976 -0.016289 -0.950930
vn 0.000000 -1.000000 0.000000
vn 0.000000 -1.000000 0.000000
vn 0.000000 -1.000000 0.000000
vn 0.000000 -1.000000 0.000000
vn 0.000000 -1.000000 0.000000
vn 0.000000 -1.000000 0.000000
vn 0.000000 -1.000000 0.000000
vn 0.000000 -1.000000 0.000000
vn 0.000000 -1.000000 0.000000
vn 0.000000 -1.000000 0.000000
vn 0.000000 -1.000000 0.000000
vn 0.000000 -1.000000 0.000000
vn 0.000000 -1.000000 0.000000
vn 0.000000 -1.000000 0.000000
vn 0.000000 -1.000000 0.000000
vn 0.000000 -1.000000 0.000000
vn 0.000000 -1.000000 0.000000
vn 0.000000 -1.000000 0.000000
vn 0.000000 -1.000000 0.000000
vn 0.000000 -1.000000 0.000000
vn 0.000000 -1.000000 0.000000
vn 0.000000 -1.000000 0.000000
vn 0.000000 -1.000000 0.000000
vn 0.000000 -1.000000 0.000000
vn 0.000000 -1.000000 0.000000
vn 0.000000 -1.000000 0.000000
vn 0.000000 -1.000000 0.000000
vn 0.000000 -1.000000 0.000000
vn 0.000000 -1.000000 0.000000
vn 0.000000 -1.000000 0.000000
vn 0.000000 -1.000000 0.000000
vn 0.000000 -1.000000 0.000000
vn 0.000000 -1.000000 0.000000
vn 0.000000 -1.000000 0.000000
vn 0.000000 -1.000000 0.000000
vn 0.000000 -1.000000 0.000000
vn 0.000000 -1.000000 0.000000
vn 0.000000 -1.000000 0.000000
vn 0.000000 -1.000000 0.000000
vn 0.000000 -1.000000 0.000000
vn 0.000000 -1.000000 0.000000
vn 0.000000 -1.000000 0.000000
vn 0.000000 -1.000000 0.000000
vn 0.000000 -1.000000 0.000000
vn 0.000000 -1.000000 0.000000
vn 0.000000 -1.000000 0.000000
vn 0.000000 -1.000000 0.000000
vn 0.000000 -1.000000 0.000000
vn 0.000000 -1.000000 0.000000
vn 0.000000 -1.000000 0.000000
vn 0.000000 -1.000000 0.000000
vn 0.000000 -1.000000 0.000000
vn 0.000000 -1.000000 0.000000
vn 0.000000 -1.000000 0.000000
vn 0.000000 -1.000000 0.000000
vn 0.000000 -1.000000 0.000000
vn 0.000000 -1.000000 0.000000
vn 0.000000 -1.000000 0.000000
vn 0.000000 -1.000000 0.000000
vn 0.000000 -1.000000 0.000000
vn 0.000000 -1.000000 0.000000
vn 0.000000 -1.000000 0.000000
vn 0.000000 -1.000000 0.000000
vn 0.000000 -1.000000 0.000000
vn 0.000000 -1.000000 0.000000
vn 0.000000 -1.000000 0.000000
vn 0.000000 -1.000000 0.000000
vn 0.000000 -1.000000 0.000000
vn 0.000000 -1.000000 0.000000
vn 0.000000 -1.000000 0.000000
vn 0.000000 -1.000000 0.000000
vn 0.000000 -1.000000 0.000000
vn 0.000000 -1.000000 0.000000
vn 0.000000 -1.000000 0.000000
vn 0.000000 -1.000000 0.000000
vn 0.000000 -1.000000 0.000000
vn 0.000000 -1.000000 0.000000
vn 0.000000 -1.000000 0.000000
vn 0.000000 -1.000000 0.000000
vn 0.000000 -1.000000 0.000000
vn -0.809019 0.000000 0.587783
vn -0.951057 0.000000 0.309016
vn -0.951057 0.000000 0.309016
vn -0.809019 0.000000 0.587783
vn -0.587783 0.000000 0.809019
vn -0.809019 0.000000 0.587783
vn -0.809019 0.000000 0.587783
vn -0.587783 0.000000 0.809019
vn -0.309016 0.000000 0.951057
vn -0.587783 0.000000 0.809019
vn -0.587783 0.000000 0.809019
vn -0.309016 0.000000 0.951057
vn 0.000000 0.000000 1.000000
vn -0.309016 0.000000 0.951057
vn -0.309016 0.000000 0.951057
vn 0.000000 0.000000 1.000000
vn 0.309016 0.000000 0.951057
vn 0.000000 0.000000 1.000000
vn 0.000000 0.000000 1.000000
vn 0.309016 0.000000 0.951057
vn 0.587783 0.000000 0.809019
vn 0.309016 0.000000 0.951057
vn 0.309016 0.000000 0.951057
vn 0.587783 0.000000 0.809019
vn 0.809019 0.000000 0.587783
vn 0.587783 0.000000 0.809019
vn 0.587783 0.000000 0.809019
vn 0.809019 0.000000 0.587783
vn 0.951057 0.000000 0.309016
vn 0.809019 0.000000 0.587783
vn 0.809019 0.000000 0.587783
vn 0.951057 0.000000 0.309016
vn 1.000000 0.000000 0.000000
vn 0.951057 0.000000 0.309016
vn 0.951057 0.000000 0.309016
vn 1.000000 0.000000 0.000000
vn 0.951057 0.000000 -0.309016
vn 1.000000 0.000000 0.000000
vn 1.000000 0.000000 0.000000
vn 0.951057 0.000000 -0.309016
vn 0.809019 0.000000 -0.587783
vn 0.951057 0.000000 -0.309016
vn 0.951057 0.000000 -0.309016
vn 0.809019 0.000000 -0.587783
vn 0.587783 0.000000 -0.809019
vn 0.809019 0.000000 -0.587783
vn 0.809019 0.000000 -0.587783
vn 0.587783 0.000000 -0.809019
vn 0.309016 0.000000 -0.951057
vn 0.587783 0.000000 -0.809019
vn 0.587783 0.000000 -0.809019
vn 0.309016 0.000000 -0.951057
vn 0.000000 0.000000 -1.000000
vn 0.309016 0.000000 -0.951057
vn 0.309016 0.000000 -0.951057
vn 0.000000 0.000000 -1.000000
vn -0.309016 0.000000 -0.951057
vn 0.000000 0.000000 -1.000000
vn 0.000000 0.000000 -1.000000
vn -0.309016 0.000000 -0.951057
vn -0.587783 0.000000 -0.809019
vn -0.309016 0.000000 -0.951057
vn -0.309016 0.000000 -0.951057
vn -0.587783 0.000000 -0.809019
vn -0.809019 0.000000 -0.587783
vn -0.587783 0.000000 -0.809019
vn -0.587783 0.000000 -0.809019
vn -0.809019 0.000000 -0.587783
vn -0.951057 0.000000 -0.309016
vn -0.809019 0.000000 -0.587783
vn -0.809019 0.000000 -0.587783
vn -0.951057 0.000000 -0.309016
vn -1.000000 0.000000 0.000000
vn -0.951057 0.000000 -0.309016
vn -0.951057 0.000000 -0.309016
vn -1.000000 0.000000 0.000000
vn -0.951057 0.000000 0.309016
vn -1.000000 0.000000 0.000000
vn -1.000000 0.000000 0.000000
vn -0.951057 0.000000 0.309016
vn 0.000000 -1.000000 0.000000
vn 0.000000 -1.000000 0.000000
vn 0.000000 -1.000000 0.000000
vn 0.000000 -1.000000 0.000000
vn 0.000000 -1.000000 0.000000
vn 0.000000 -1.000000 0.000000
vn 0.000000 -1.000000 0.000000
vn 0.000000 -1.000000 0.000000
vn 0.000000 -1.000000 0.000000
vn 0.000000 -1.000000 0.000000
vn 0.000000 -1.000000 0.000000
vn 0.000000 -1.000000 0.000000
vn 0.000000 -1.000000 0.000000
vn 0.000000 -1.000000 0.000000
vn 0.000000 -1.000000 0.000000
vn 0.000000 -1.000000 0.000000
vn 0.000000 -1.000000 0.000000
vn 0.000000 -1.000000 0.000000
vn 0.000000 -1.000000 0.000000
vn 0.000000 -1.000000 0.000000
vn 0.000000 -1.000000 0.000000
vn 0.000000 -1.000000 0.000000
vn 0.000000 -1.000000 0.000000
vn 0.000000 -1.000000 0.000000
vn 0.000000 -1.000000 0.000000
vn 0.000000 -1.000000 0.000000
vn 0.000000 -1.000000 0.000000
vn 0.000000 -1.000000 0.000000
vn 0.000000 -1.000000 0.000000
vn 0.000000 -1.000000 0.000000
vn 0.000000 -1.000000 0.000000
vn 0.000000 -1.000000 0.000000
vn 0.000000 -1.000000 0.000000
vn 0.000000 -1.000000 0.000000
vn 0.000000 -1.000000 0.000000
vn 0.000000 -1.000000 0.000000
vn 0.000000 -1.000000 0.000000
vn 0.000000 -1.000000 0.000000
vn 0.000000 -1.000000 0.000000
vn 0.000000 -1.000000 0.000000
vn 0.000000 -1.000000 0.000000
vn 0.000000 -1.000000 0.000000
vn 0.000000 -1.000000 0.000000
vn 0.000000 -1.000000 0.000000
vn 0.000000 -1.000000 0.000000
vn 0.000000 -1.000000 0.000000
vn 0.000000 -1.000000 0.000000
vn 0.000000 -1.000000 0.000000
vn 0.000000 -1.000000 0.000000
vn 0.000000 -1.000000 0.000000
vn 0.000000 -1.000000 0.000000
vn 0.000000 -1.000000 0.000000
vn 0.000000 -1.000000 0.000000
vn 0.000000 -1.000000 0.000000
vn 0.000000 -1.000000 0.000000
vn 0.000000 -1.000000 0.000000
vn 0.000000 -1.000000 0.000000
vn 0.000000 -1.000000 0.000000
vn 0.000000 -1.000000 0.000000
vn 0.000000 -1.000000 0.000000
vn 0.000000 1.000000 0.000000
vn 0.000000 1.000000 0.000000
vn 0.000000 1.000000 0.000000
vn 0.000000 1.000000 0.000000
vn 0.000000 1.000000 0.000000
vn 0.000000 1.000000 0.000000
vn 0.000000 1.000000 0.000000
vn 0.000000 1.000000 0.000000
vn 0.000000 1.000000 0.000000
vn 0.000000 1.000000 0.000000
vn 0.000000 1.000000 0.000000
vn 0.000000 1.000000 0.000000
vn 0.000000 1.000000 0.000000
vn 0.000000 1.000000 0.000000
vn 0.000000 1.000000 0.000000
vn 0.000000 1.000000 0.000000
vn 0.000000 1.000000 0.000000
vn 0.000000 1.000000 0.000000
vn 0.000000 1.000000 0.000000
vn 0.000000 1.000000 0.000000
vn 0.000000 1.000000 0.000000
vn 0.000000 1.000000 0.000000
vn 0.000000 1.000000 0.000000
vn 0.000000 1.000000 0.000000
vn 0.000000 1.000000 0.000000
vn 0.000000 1.000000 0.000000
vn 0.000000 1.000000 0.000000
vn 0.000000 1.000000 0.000000
vn 0.000000 1.000000 0.000000
vn 0.000000 1.000000 0.000000
vn 0.000000 1.000000 0.000000
vn 0.000000 1.000000 0.000000
vn 0.000000 1.000000 0.000000
vn 0.000000 1.000000 0.000000
vn 0.000000 1.000000 0.000000
vn 0.000000 1.000000 0.000000
vn 0.000000 1.000000 0.000000
vn 0.000000 1.000000 0.000000
vn 0.000000 1.000000 0.000000
vn 0.000000 1.000000 0.000000
vn 0.000000 1.000000 0.000000
vn 0.000000 1.000000 0.000000
vn 0.000000 1.000000 0.000000
vn 0.000000 1.000000 0.000000
vn 0.000000 1.000000 0.000000
vn 0.000000 1.000000 0.000000
vn 0.000000 1.000000 0.000000
vn 0.000000 1.000000 0.000000
vn 0.000000 1.000000 0.000000
vn 0.000000 1.000000 0.000000
vn 0.000000 1.000000 0.000000
vn 0.000000 1.000000 0.000000
vn 0.000000 1.000000 0.000000
vn 0.000000 1.000000 0.000000
vn 0.000000 1.000000 0.000000
vn 0.000000 1.000000 0.000000
vn 0.000000 1.000000 0.000000
vn 0.000000 1.000000 0.000000
vn 0.000000 1.000000 0.000000
vn 0.000000 1.000000 0.000000
vn 0.000000 1.000000 0.000000
vn 0.000000 1.000000 0.000000
vn 0.000000 1.000000 0.000000
vn 0.000000 1.000000 0.000000
vn 0.000000 1.000000 0.000000
vn 0.000000 1.000000 0.000000
vn 0.000000 1.000000 0.000000
vn 0.000000 1.000000 0.000000
vn 0.000000 1.000000 0.000000
vn 0.000000 1.000000 0.000000
vn 0.000000 1.000000 0.000000
vn 0.000000 1.000000 0.000000
vn 0.000000 1.000000 0.000000
vn 0.000000 1.000000 0.000000
vn 0.000000 1.000000 0.000000
vn 0.000000 1.000000 0.000000
vn 0.000000 1.000000 0.000000
vn 0.000000 1.000000 0.000000
vn 0.000000 1.000000 0.000000
vn 0.000000 1.000000 0.000000
vn -0.000000 0.015943 -0.999873
vn 0.308978 0.015942 -0.950936
vn 0.308977 0.015941 -0.950936
vn 0.000000 0.015942 -0.999873
vn 0.308978 0.015942 -0.950936
vn 0.587711 0.015944 -0.808914
vn 0.587710 0.015940 -0.808915
vn 0.308977 0.015941 -0.950936
vn 0.587711 0.015944 -0.808914
vn 0.808915 0.015945 -0.587710
vn 0.808915 0.015940 -0.587710
vn 0.587710 0.015940 -0.808915
vn 0.808915 0.015945 -0.587710
vn 0.950936 0.015944 -0.308977
vn 0.950936 0.015941 -0.308977
vn 0.808915 0.015940 -0.587710
vn 0.950936 0.015944 -0.308977
vn 0.999873 0.015943 0.000000
vn 0.999873 0.015942 0.000000
vn 0.950936 0.015941 -0.308977
vn 0.999873 0.015943 0.000000
vn 0.950936 0.015942 0.308978
vn 0.950936 0.015941 0.308977
vn 0.999873 0.015942 0.000000
vn 0.950936 0.015942 0.308978
vn 0.808914 0.015944 0.587711
vn 0.808915 0.015940 0.587710
vn 0.950936 0.015941 0.308977
vn 0.808914 0.015944 0.587711
vn 0.587711 0.015944 0.808914
vn 0.587712 0.015942 0.808913
vn 0.808915 0.015940 0.587710
vn 0.587711 0.015944 0.808914
vn 0.308978 0.015942 0.950936
vn 0.308979 0.015943 0.950935
vn 0.587712 0.015942 0.808913
vn 0.308978 0.015942 0.950936
vn 0.000000 0.015942 0.999873
vn 0.000000 0.015942 0.999873
vn 0.308979 0.015943 0.950935
vn 0.000000 0.015942 0.999873
vn -0.308978 0.015942 0.950936
vn -0.308979 0.015943 0.950935
vn 0.000000 0.015942 0.999873
vn -0.308978 0.015942 0.950936
vn -0.587711 0.015944 0.808914
vn -0.587712 0.015942 0.808913
vn -0.308979 0.015943 0.950935
vn -0.587711 0.015944 0.808914
vn -0.808914 0.015944 0.587711
vn -0.808913 0.015942 0.587712
vn -0.587712 0.015942 0.808913
vn -0.808914 0.015944 0.587711
vn -0.950936 0.015942 0.308978
vn -0.950936 0.015945 0.308977
vn -0.808913 0.015942 0.587712
vn -0.950936 0.015942 0.308978
vn -0.999873 0.015943 -0.000000
vn -0.999873 0.015944 -0.000002
vn -0.950936 0.015945 0.308977
vn -0.999873 0.015943 -0.000000
vn -0.950936 0.015943 -0.308978
vn -0.950936 0.015941 -0.308977
vn -0.999873 0.015944 -0.000002
vn -0.950936 0.015943 -0.308978
vn -0.808914 0.015944 -0.587711
vn -0.808915 0.015940 -0.587710
vn -0.950936 0.015941 -0.308977
vn -0.808914 0.015944 -0.587711
vn -0.587709 0.015943 -0.808915
vn -0.587710 0.015940 -0.808915
vn -0.808915 0.015940 -0.587710
vn -0.587709 0.015943 -0.808915
vn -0.308979 0.015942 -0.950935
vn -0.308977 0.015941 -0.950936
vn -0.587710 0.015940 -0.808915
vn -0.308979 0.015942 -0.950935
vn -0.000000 0.015943 -0.999873
vn 0.000000 0.015942 -0.999873
vn -0.308977 0.015941 -0.950936
vn 0.000000 1.000000 0.000000
vn 0.000000 1.000000 0.000000
vn 0.000000 1.000000 0.000000
vn 0.000000 1.000000 0.000000
vn 0.000000 1.000000 0.000000
vn 0.000000 1.000000 0.000000
vn 0.000000 1.000000 0.000000
vn 0.000000 1.000000 0.000000
vn 0.000000 1.000000 0.000000
vn 0.000000 1.000000 0.000000
vn 0.000000 1.000000 0.000000
vn 0.000000 1.000000 0.000000
vn 0.000000 1.000000 0.000000
vn 0.000000 1.000000 0.000000
vn 0.000000 1.000000 0.000000
vn 0.000000 1.000000 0.000000
vn 0.000000 1.000000 0.000000
vn 0.000000 1.000000 0.000000
vn 0.000000 1.000000 0.000000
vn 0.000000 1.000000 0.000000
vn 0.000000 1.000000 0.000000
vn 0.000000 1.000000 0.000000
vn 0.000000 1.000000 0.000000
vn 0.000000 1.000000 0.000000
vn 0.000000 1.000000 0.000000
vn 0.000000 1.000000 0.000000
vn 0.000000 1.000000 0.000000
vn 0.000000 1.000000 0.000000
vn 0.000000 1.000000 0.000000
vn 0.000000 1.000000 0.000000
vn 0.000000 1.000000 0.000000
vn 0.000000 1.000000 0.000000
vn 0.000000 1.000000 0.000000
vn 0.000000 1.000000 0.000000
vn 0.000000 1.000000 0.000000
vn 0.000000 1.000000 0.000000
vn 0.000000 1.000000 0.000000
vn 0.000000 1.000000 0.000000
vn 0.000000 1.000000 0.000000
vn 0.000000 1.000000 0.000000
vn 0.000000 1.000000 0.000000
vn 0.000000 1.000000 0.000000
vn 0.000000 1.000000 0.000000
vn 0.000000 1.000000 0.000000
vn 0.000000 1.000000 0.000000
vn 0.000000 1.000000 0.000000
vn 0.000000 1.000000 0.000000
vn 0.000000 1.000000 0.000000
vn 0.000000 1.000000 0.000000
vn 0.000000 1.000000 0.000000
vn 0.000000 1.000000 0.000000
vn 0.000000 1.000000 0.000000
vn 0.000000 1.000000 0.000000
vn 0.000000 1.000000 0.000000
vn 0.000000 1.000000 0.000000
vn 0.000000 1.000000 0.000000
vn 0.000000 1.000000 0.000000
vn 0.000000 1.000000 0.000000
vn 0.000000 1.000000 0.000000
vn 0.000000 1.000000 0.000000
s off
g Glass_holder_coat:Cup
usemtl aiStandardSurface2SG
f 2745/3447/10981 2744/3448/10982 2724/3427/10983 2725/3428/10984
f 2744/3448/10985 2743/3449/10986 2723/3426/10987 2724/3427/10988
f 2743/3449/10989 2762/3450/10990 2742/3446/10991 2723/3426/10992
f 2762/3451/10993 2761/3452/10994 2741/3444/10995 2742/3445/10996
f 2761/3452/10997 2760/3453/10998 2740/3443/10999 2741/3444/11000
f 2760/3453/11001 2759/3454/11002 2739/3442/11003 2740/3443/11004
f 2759/3454/11005 2758/3455/11006 2738/3441/11007 2739/3442/11008
f 2758/3455/11009 2757/3456/11010 2737/3440/11011 2738/3441/11012
f 2757/3456/11013 2756/3457/11014 2736/3439/11015 2737/3440/11016
f 2756/3457/11017 2755/3458/11018 2735/3438/11019 2736/3439/11020
f 2755/3458/11021 2754/3459/11022 2734/3437/11023 2735/3438/11024
f 2754/3459/11025 2753/3460/11026 2733/3436/11027 2734/3437/11028
f 2753/3460/11029 2752/3461/11030 2732/3435/11031 2733/3436/11032
f 2752/3461/11033 2751/3462/11034 2731/3434/11035 2732/3435/11036
f 2751/3462/11037 2750/3463/11038 2730/3433/11039 2731/3434/11040
f 2750/3463/11041 2749/3464/11042 2729/3432/11043 2730/3433/11044
f 2749/3464/11045 2748/3465/11046 2728/3431/11047 2729/3432/11048
f 2748/3465/11049 2747/3466/11050 2727/3430/11051 2728/3431/11052
f 2747/3466/11053 2746/3467/11054 2726/3429/11055 2727/3430/11056
f 2746/3467/11057 2745/3447/11058 2725/3428/11059 2726/3429/11060
f 2724/3468/11061 2723/3469/11062 2763/3470/11063 2764/3471/11064
f 2725/3472/11065 2724/3468/11066 2764/3471/11067 2765/3473/11068
f 2726/3474/11069 2725/3472/11070 2765/3473/11071 2766/3475/11072
f 2727/3476/11073 2726/3474/11074 2766/3475/11075 2767/3477/11076
f 2728/3478/11077 2727/3476/11078 2767/3477/11079 2768/3479/11080
f 2729/3480/11081 2728/3478/11082 2768/3479/11083 2769/3481/11084
f 2730/3482/11085 2729/3480/11086 2769/3481/11087 2770/3483/11088
f 2731/3484/11089 2730/3482/11090 2770/3483/11091 2771/3485/11092
f 2732/3486/11093 2731/3484/11094 2771/3485/11095 2772/3487/11096
f 2733/3488/11097 2732/3486/11098 2772/3487/11099 2773/3489/11100
f 2734/3490/11101 2733/3488/11102 2773/3489/11103 2774/3491/11104
f 2735/3492/11105 2734/3490/11106 2774/3491/11107 2775/3493/11108
f 2736/3494/11109 2735/3492/11110 2775/3493/11111 2776/3495/11112
f 2737/3496/11113 2736/3494/11114 2776/3495/11115 2777/3497/11116
f 2738/3498/11117 2737/3496/11118 2777/3497/11119 2778/3499/11120
f 2739/3500/11121 2738/3498/11122 2778/3499/11123 2779/3501/11124
f 2740/3502/11125 2739/3500/11126 2779/3501/11127 2780/3503/11128
f 2741/3504/11129 2740/3502/11130 2780/3503/11131 2781/3505/11132
f 2742/3506/11133 2741/3504/11134 2781/3505/11135 2782/3507/11136
f 2723/3469/11137 2742/3506/11138 2782/3507/11139 2763/3470/11140
f 2764/3471/11141 2763/3470/11142 2783/3508/11143 2784/3509/11144
f 2765/3473/11145 2764/3471/11146 2784/3509/11147 2785/3510/11148
f 2766/3475/11149 2765/3473/11150 2785/3510/11151 2786/3511/11152
f 2767/3477/11153 2766/3475/11154 2786/3511/11155 2787/3512/11156
f 2768/3479/11157 2767/3477/11158 2787/3512/11159 2788/3513/11160
f 2769/3481/11161 2768/3479/11162 2788/3513/11163 2789/3514/11164
f 2770/3483/11165 2769/3481/11166 2789/3514/11167 2790/3515/11168
f 2771/3485/11169 2770/3483/11170 2790/3515/11171 2791/3516/11172
f 2772/3487/11173 2771/3485/11174 2791/3516/11175 2792/3517/11176
f 2773/3489/11177 2772/3487/11178 2792/3517/11179 2793/3518/11180
f 2774/3491/11181 2773/3489/11182 2793/3518/11183 2794/3519/11184
f 2775/3493/11185 2774/3491/11186 2794/3519/11187 2795/3520/11188
f 2776/3495/11189 2775/3493/11190 2795/3520/11191 2796/3521/11192
f 2777/3497/11193 2776/3495/11194 2796/3521/11195 2797/3522/11196
f 2778/3499/11197 2777/3497/11198 2797/3522/11199 2798/3523/11200
f 2779/3501/11201 2778/3499/11202 2798/3523/11203 2799/3524/11204
f 2780/3503/11205 2779/3501/11206 2799/3524/11207 2800/3525/11208
f 2781/3505/11209 2780/3503/11210 2800/3525/11211 2801/3526/11212
f 2782/3507/11213 2781/3505/11214 2801/3526/11215 2802/3527/11216
f 2763/3470/11217 2782/3507/11218 2802/3527/11219 2783/3508/11220
f 2784/3509/11221 2783/3508/11222 2803/3528/11223
f 2785/3510/11224 2784/3509/11225 2803/3528/11226
f 2786/3511/11227 2785/3510/11228 2803/3528/11229
f 2787/3512/11230 2786/3511/11231 2803/3528/11232
f 2788/3513/11233 2787/3512/11234 2803/3528/11235
f 2789/3514/11236 2788/3513/11237 2803/3528/11238
f 2790/3515/11239 2789/3514/11240 2803/3528/11241
f 2791/3516/11242 2790/3515/11243 2803/3528/11244
f 2792/3517/11245 2791/3516/11246 2803/3528/11247
f 2793/3518/11248 2792/3517/11249 2803/3528/11250
f 2794/3519/11251 2793/3518/11252 2803/3528/11253
f 2795/3520/11254 2794/3519/11255 2803/3528/11256
f 2796/3521/11257 2795/3520/11258 2803/3528/11259
f 2797/3522/11260 2796/3521/11261 2803/3528/11262
f 2798/3523/11263 2797/3522/11264 2803/3528/11265
f 2799/3524/11266 2798/3523/11267 2803/3528/11268
f 2800/3525/11269 2799/3524/11270 2803/3528/11271
f 2801/3526/11272 2800/3525/11273 2803/3528/11274
f 2802/3527/11275 2801/3526/11276 2803/3528/11277
f 2783/3508/11278 2802/3527/11279 2803/3528/11280
f 2743/3529/11281 2744/3530/11282 2805/3531/11283 2804/3532/11284
f 2744/3530/11285 2745/3533/11286 2806/3534/11287 2805/3531/11288
f 2745/3533/11289 2746/3535/11290 2807/3536/11291 2806/3534/11292
f 2746/3535/11293 2747/3537/11294 2808/3538/11295 2807/3536/11296
f 2747/3537/11297 2748/3539/11298 2809/3540/11299 2808/3538/11300
f 2748/3539/11301 2749/3541/11302 2810/3542/11303 2809/3540/11304
f 2749/3541/11305 2750/3543/11306 2811/3544/11307 2810/3542/11308
f 2750/3543/11309 2751/3545/11310 2812/3546/11311 2811/3544/11312
f 2751/3545/11313 2752/3547/11314 2813/3548/11315 2812/3546/11316
f 2752/3547/11317 2753/3549/11318 2814/3550/11319 2813/3548/11320
f 2753/3549/11321 2754/3551/11322 2815/3552/11323 2814/3550/11324
f 2754/3551/11325 2755/3553/11326 2816/3554/11327 2815/3552/11328
f 2755/3553/11329 2756/3555/11330 2817/3556/11331 2816/3554/11332
f 2756/3555/11333 2757/3557/11334 2818/3558/11335 2817/3556/11336
f 2757/3557/11337 2758/3559/11338 2819/3560/11339 2818/3558/11340
f 2758/3559/11341 2759/3561/11342 2820/3562/11343 2819/3560/11344
f 2759/3561/11345 2760/3563/11346 2821/3564/11347 2820/3562/11348
f 2760/3563/11349 2761/3565/11350 2822/3566/11351 2821/3564/11352
f 2761/3565/11353 2762/3567/11354 2823/3568/11355 2822/3566/11356
f 2762/3569/11357 2743/3529/11358 2804/3532/11359 2823/3570/11360
f 2838/3571/11361 2837/3572/11362 2817/3556/11363 2818/3558/11364
f 2837/3572/11365 2836/3573/11366 2816/3554/11367 2817/3556/11368
f 2836/3573/11369 2835/3574/11370 2815/3552/11371 2816/3554/11372
f 2835/3574/11373 2834/3575/11374 2814/3550/11375 2815/3552/11376
f 2834/3575/11377 2833/3576/11378 2813/3548/11379 2814/3550/11380
f 2833/3576/11381 2832/3577/11382 2812/3546/11383 2813/3548/11384
f 2832/3577/11385 2831/3578/11386 2811/3544/11387 2812/3546/11388
f 2831/3578/11389 2830/3579/11390 2810/3542/11391 2811/3544/11392
f 2830/3579/11393 2829/3580/11394 2809/3540/11395 2810/3542/11396
f 2829/3580/11397 2828/3581/11398 2808/3538/11399 2809/3540/11400
f 2828/3581/11401 2827/3582/11402 2807/3536/11403 2808/3538/11404
f 2827/3582/11405 2826/3583/11406 2806/3534/11407 2807/3536/11408
f 2826/3583/11409 2825/3584/11410 2805/3531/11411 2806/3534/11412
f 2825/3584/11413 2824/3585/11414 2804/3532/11415 2805/3531/11416
f 2824/3585/11417 2843/3586/11418 2823/3570/11419 2804/3532/11420
f 2843/3587/11421 2842/3588/11422 2822/3566/11423 2823/3568/11424
f 2842/3588/11425 2841/3589/11426 2821/3564/11427 2822/3566/11428
f 2841/3589/11429 2840/3590/11430 2820/3562/11431 2821/3564/11432
f 2840/3590/11433 2839/3591/11434 2819/3560/11435 2820/3562/11436
f 2839/3591/11437 2838/3571/11438 2818/3558/11439 2819/3560/11440
f 2824/3592/11441 2825/3593/11442 2844/3612/11443
f 2825/3593/11444 2826/3594/11445 2844/3612/11446
f 2826/3594/11447 2827/3595/11448 2844/3612/11449
f 2827/3595/11450 2828/3596/11451 2844/3612/11452
f 2828/3596/11453 2829/3597/11454 2844/3612/11455
f 2829/3597/11456 2830/3598/11457 2844/3612/11458
f 2830/3598/11459 2831/3599/11460 2844/3612/11461
f 2831/3599/11462 2832/3600/11463 2844/3612/11464
f 2832/3600/11465 2833/3601/11466 2844/3612/11467
f 2833/3601/11468 2834/3602/11469 2844/3612/11470
f 2834/3602/11471 2835/3603/11472 2844/3612/11473
f 2835/3603/11474 2836/3604/11475 2844/3612/11476
f 2836/3604/11477 2837/3605/11478 2844/3612/11479
f 2837/3605/11480 2838/3606/11481 2844/3612/11482
f 2838/3606/11483 2839/3607/11484 2844/3612/11485
f 2839/3607/11486 2840/3608/11487 2844/3612/11488
f 2840/3608/11489 2841/3609/11490 2844/3612/11491
f 2841/3609/11492 2842/3610/11493 2844/3612/11494
f 2842/3610/11495 2843/3611/11496 2844/3612/11497
f 2843/3611/11498 2824/3592/11499 2844/3612/11500
